================================================
🧠 fMRIPrep Docker SLURM Job 시작
BIDS_DIR=/scratch/connectome/haba6030/colorBlind/pilot
OUTPUT_DIR=/scratch/connectome/haba6030/colorBlind/output/pilot
WORKDIR=/scratch/connectome/haba6030/colorBlind/work/pilot
THREADS=16  MEM_MB=16000
IMAGE=nipreps/fmriprep:25.0.0
================================================
bids-validator@1.14.10
This dataset appears to be BIDS compatible.
        Summary:                  Available Tasks:        Available Modalities: 
        36 Files, 447.23MB        rsvp                    MRI                   
        1 - Subject                                                             
        1 - Session                                                             


	If you have any questions, please post on https://neurostars.org/tags/bids.
250917-06:09:26,321 nipype.workflow IMPORTANT:
	 Running fMRIPrep version 25.0.0

         License NOTICE ##################################################
         fMRIPrep 25.0.0
         Copyright The NiPreps Developers.
         
         This product includes software developed by
         the NiPreps Community (https://nipreps.org/).
         
         Portions of this software were developed at the Department of
         Psychology at Stanford University, Stanford, CA, US.
         
         This software is also distributed as a Docker container image.
         The bootstrapping file for the image ("Dockerfile") is licensed
         under the MIT License.
         
         This software may be distributed through an add-on package called
         "Docker Wrapper" that is under the BSD 3-clause License.
         #################################################################
250917-06:09:26,427 nipype.workflow IMPORTANT:
	 Building fMRIPrep's workflow:
           * BIDS dataset path: /scratch/connectome/haba6030/colorBlind/pilot.
           * Participant list: ['01'].
           * Run identifier: 20250917-060902_46b140d0-5bbb-44fe-b8e9-8395aa891652.
           * Output spaces: MNI152NLin2009cAsym:res-2.
           * Pre-run FreeSurfer's SUBJECTS_DIR: /out/sourcedata/freesurfer.
250917-06:09:27,199 nipype.workflow INFO:
	 ANAT Stage 1: Adding template workflow
250917-06:09:27,488 nipype.workflow INFO:
	 ANAT Stage 2: Preparing brain extraction workflow
250917-06:09:27,646 nipype.workflow INFO:
	 ANAT Stage 3: Preparing segmentation workflow
250917-06:09:27,650 nipype.workflow INFO:
	 ANAT Stage 4: Preparing normalization workflow for ['MNI152NLin2009cAsym']
250917-06:09:27,659 nipype.workflow INFO:
	 ANAT Stage 5: Preparing surface reconstruction workflow
250917-06:09:27,679 nipype.workflow INFO:
	 ANAT Stage 6: Preparing mask refinement workflow
250917-06:09:27,682 nipype.workflow INFO:
	 ANAT No T2w images provided - skipping Stage 7
250917-06:09:27,682 nipype.workflow INFO:
	 ANAT Stage 8: Creating GIFTI surfaces for ['white', 'pial', 'midthickness', 'sphere_reg', 'sphere']
250917-06:09:27,699 nipype.workflow INFO:
	 ANAT Stage 8: Creating GIFTI metrics for ['thickness', 'sulc']
250917-06:09:27,706 nipype.workflow INFO:
	 ANAT Stage 8a: Creating cortical ribbon mask
250917-06:09:27,709 nipype.workflow INFO:
	 ANAT Stage 9: Creating fsLR registration sphere
250917-06:09:27,713 nipype.workflow INFO:
	 ANAT Stage 10: Creating MSM-Sulc registration sphere
250917-06:09:28,246 nipype.workflow INFO:
	 B0 field inhomogeneity map will be estimated with the following 1 estimator(s): [<EstimatorType.PHASEDIFF: 3>].
250917-06:09:28,288 nipype.workflow INFO:
	 Setting up fieldmap "auto_00000" (EstimatorType.PHASEDIFF) with <sub-01_phasediff.nii.gz, sub-01_magnitude1.nii.gz, sub-01_magnitude2.nii.gz>
250917-06:09:28,360 nipype.workflow INFO:
	 No single-band-reference found for sub-01_task-rsvp_run-1_bold.nii.gz.
250917-06:09:28,415 nipype.workflow INFO:
	 Stage 1: Adding HMC boldref workflow
250917-06:09:28,424 nipype.workflow INFO:
	 Stage 2: Adding motion correction workflow
250917-06:09:28,429 nipype.workflow INFO:
	 Stage 3: Adding coregistration boldref workflow
250917-06:09:28,494 nipype.workflow IMPORTANT:
	 BOLD series will be slice-timing corrected to an offset of 0.71s.
250917-06:09:28,620 nipype.workflow INFO:
	 No single-band-reference found for sub-01_task-rsvp_run-2_bold.nii.gz.
250917-06:09:28,675 nipype.workflow INFO:
	 Stage 1: Adding HMC boldref workflow
250917-06:09:28,682 nipype.workflow INFO:
	 Stage 2: Adding motion correction workflow
250917-06:09:28,686 nipype.workflow INFO:
	 Stage 3: Adding coregistration boldref workflow
250917-06:09:28,746 nipype.workflow IMPORTANT:
	 BOLD series will be slice-timing corrected to an offset of 0.71s.
250917-06:09:28,866 nipype.workflow INFO:
	 No single-band-reference found for sub-01_task-rsvp_run-3_bold.nii.gz.
250917-06:09:28,920 nipype.workflow INFO:
	 Stage 1: Adding HMC boldref workflow
250917-06:09:28,927 nipype.workflow INFO:
	 Stage 2: Adding motion correction workflow
250917-06:09:28,931 nipype.workflow INFO:
	 Stage 3: Adding coregistration boldref workflow
250917-06:09:28,991 nipype.workflow IMPORTANT:
	 BOLD series will be slice-timing corrected to an offset of 0.709s.
250917-06:09:29,111 nipype.workflow INFO:
	 No single-band-reference found for sub-01_task-rsvp_run-4_bold.nii.gz.
250917-06:09:29,166 nipype.workflow INFO:
	 Stage 1: Adding HMC boldref workflow
250917-06:09:29,173 nipype.workflow INFO:
	 Stage 2: Adding motion correction workflow
250917-06:09:29,176 nipype.workflow INFO:
	 Stage 3: Adding coregistration boldref workflow
250917-06:09:29,235 nipype.workflow IMPORTANT:
	 BOLD series will be slice-timing corrected to an offset of 0.709s.
250917-06:09:29,355 nipype.workflow INFO:
	 No single-band-reference found for sub-01_task-rsvp_run-5_bold.nii.gz.
250917-06:09:29,411 nipype.workflow INFO:
	 Stage 1: Adding HMC boldref workflow
250917-06:09:29,417 nipype.workflow INFO:
	 Stage 2: Adding motion correction workflow
250917-06:09:29,421 nipype.workflow INFO:
	 Stage 3: Adding coregistration boldref workflow
250917-06:09:29,484 nipype.workflow IMPORTANT:
	 BOLD series will be slice-timing corrected to an offset of 0.709s.
250917-06:09:29,604 nipype.workflow INFO:
	 No single-band-reference found for sub-01_task-rsvp_run-6_bold.nii.gz.
250917-06:09:29,660 nipype.workflow INFO:
	 Stage 1: Adding HMC boldref workflow
250917-06:09:29,666 nipype.workflow INFO:
	 Stage 2: Adding motion correction workflow
250917-06:09:29,670 nipype.workflow INFO:
	 Stage 3: Adding coregistration boldref workflow
250917-06:09:29,730 nipype.workflow IMPORTANT:
	 BOLD series will be slice-timing corrected to an offset of 0.71s.
250917-06:09:35,303 nipype.workflow INFO:
	 fMRIPrep workflow graph with 1517 nodes built successfully.
250917-06:09:58,301 nipype.workflow IMPORTANT:
	 fMRIPrep started!
250917-06:09:59,729 nipype.workflow WARNING:
	 Some nodes exceed the total amount of memory available (16.00GB).
250917-06:10:10,777 nipype.workflow INFO:
	 [Node] Setting-up "fmriprep_25_0_wf.sub_01_wf.anat_fit_wf.brain_extraction_wf.full_wm" in "/work/fmriprep_25_0_wf/sub_01_wf/anat_fit_wf/brain_extraction_wf/full_wm".
250917-06:10:10,796 nipype.workflow INFO:
	 [Node] Setting-up "fmriprep_25_0_wf.sub_01_wf.anat_fit_wf.brain_extraction_wf.res_tmpl" in "/work/fmriprep_25_0_wf/sub_01_wf/anat_fit_wf/brain_extraction_wf/res_tmpl".
250917-06:10:10,807 nipype.workflow INFO:
	 [Node] Executing "full_wm" <nipype.interfaces.utility.wrappers.Function>
250917-06:10:10,815 nipype.workflow INFO:
	 [Node] Executing "res_tmpl" <niworkflows.interfaces.nibabel.RegridToZooms>
250917-06:10:10,835 nipype.workflow INFO:
	 [Node] Setting-up "fmriprep_25_0_wf.sub_01_wf.fmap_preproc_wf.out_merge_fmap_id" in "/work/fmriprep_25_0_wf/sub_01_wf/fmap_preproc_wf/out_merge_fmap_id".
250917-06:10:10,854 nipype.workflow INFO:
	 [Node] Setting-up "fmriprep_25_0_wf.sub_01_wf.fmap_preproc_wf.out_merge_method" in "/work/fmriprep_25_0_wf/sub_01_wf/fmap_preproc_wf/out_merge_method".
250917-06:10:10,862 nipype.workflow INFO:
	 [Node] Executing "out_merge_fmap_id" <nipype.interfaces.utility.base.Merge>
250917-06:10:10,865 nipype.workflow INFO:
	 [Node] Finished "out_merge_fmap_id", elapsed time 0.00038s.
250917-06:10:10,878 nipype.workflow INFO:
	 [Node] Executing "out_merge_method" <nipype.interfaces.utility.base.Merge>
250917-06:10:10,882 nipype.workflow INFO:
	 [Node] Setting-up "fmriprep_25_0_wf.sub_01_wf.anat_fit_wf.brain_extraction_wf.lap_tmpl" in "/work/fmriprep_25_0_wf/sub_01_wf/anat_fit_wf/brain_extraction_wf/lap_tmpl".
250917-06:10:10,884 nipype.workflow INFO:
	 [Node] Finished "out_merge_method", elapsed time 0.000811s.
250917-06:10:10,904 nipype.workflow INFO:
	 [Node] Executing "lap_tmpl" <nipype.interfaces.ants.utils.ImageMath>
250917-06:10:10,979 nipype.workflow INFO:
	 [Node] Setting-up "fmriprep_25_0_wf.sub_01_wf.bold_task_rsvp_run_1_wf.bold_fit_wf.hmc_boldref_wf.validation_and_dummies_wf.val_bold" in "/work/fmriprep_25_0_wf/sub_01_wf/bold_task_rsvp_run_1_wf/bold_fit_wf/hmc_boldref_wf/validation_and_dummies_wf/val_bold".
250917-06:10:11,7 nipype.workflow INFO:
	 [Node] Executing "val_bold" <niworkflows.interfaces.header.ValidateImage>
250917-06:10:11,10 nipype.workflow INFO:
	 [Node] Setting-up "fmriprep_25_0_wf.sub_01_wf.bold_task_rsvp_run_1_wf.bold_fit_wf.hmc_boldref_wf.validation_and_dummies_wf.get_dummy" in "/work/fmriprep_25_0_wf/sub_01_wf/bold_task_rsvp_run_1_wf/bold_fit_wf/hmc_boldref_wf/validation_and_dummies_wf/get_dummy".
250917-06:10:11,35 nipype.workflow INFO:
	 [Node] Executing "get_dummy" <niworkflows.interfaces.bold.NonsteadyStatesDetector>
250917-06:10:11,63 nipype.workflow INFO:
	 [Node] Finished "val_bold", elapsed time 0.055452s.
250917-06:10:11,114 nipype.workflow INFO:
	 [Node] Setting-up "fmriprep_25_0_wf.sub_01_wf.bold_task_rsvp_run_1_wf.bold_native_wf.bold_source" in "/work/fmriprep_25_0_wf/sub_01_wf/bold_task_rsvp_run_1_wf/bold_native_wf/bold_source".
250917-06:10:11,136 nipype.workflow INFO:
	 [Node] Executing "bold_source" <nipype.interfaces.utility.base.Select>
250917-06:10:11,141 nipype.workflow INFO:
	 [Node] Finished "bold_source", elapsed time 0.000793s.
250917-06:10:11,230 nipype.workflow INFO:
	 [Node] Setting-up "fmriprep_25_0_wf.sub_01_wf.bold_task_rsvp_run_2_wf.bold_fit_wf.hmc_boldref_wf.validation_and_dummies_wf.val_bold" in "/work/fmriprep_25_0_wf/sub_01_wf/bold_task_rsvp_run_2_wf/bold_fit_wf/hmc_boldref_wf/validation_and_dummies_wf/val_bold".
250917-06:10:11,237 nipype.workflow INFO:
	 [Node] Setting-up "fmriprep_25_0_wf.sub_01_wf.bold_task_rsvp_run_2_wf.bold_fit_wf.hmc_boldref_wf.validation_and_dummies_wf.get_dummy" in "/work/fmriprep_25_0_wf/sub_01_wf/bold_task_rsvp_run_2_wf/bold_fit_wf/hmc_boldref_wf/validation_and_dummies_wf/get_dummy".
250917-06:10:11,265 nipype.workflow INFO:
	 [Node] Executing "get_dummy" <niworkflows.interfaces.bold.NonsteadyStatesDetector>
250917-06:10:11,265 nipype.workflow INFO:
	 [Node] Executing "val_bold" <niworkflows.interfaces.header.ValidateImage>
250917-06:10:11,329 nipype.workflow INFO:
	 [Node] Finished "val_bold", elapsed time 0.059442s.
250917-06:10:11,357 nipype.workflow INFO:
	 [Node] Finished "full_wm", elapsed time 0.546236s.
250917-06:10:11,993 nipype.workflow INFO:
	 [Node] Finished "res_tmpl", elapsed time 1.174622s.
250917-06:10:12,703 nipype.workflow INFO:
	 [Node] Finished "get_dummy", elapsed time 1.6673710000000002s.
250917-06:10:12,897 nipype.workflow INFO:
	 [Node] Setting-up "fmriprep_25_0_wf.sub_01_wf.bidssrc" in "/work/fmriprep_25_0_wf/sub_01_wf/bidssrc".
250917-06:10:12,924 nipype.workflow INFO:
	 [Node] Executing "bidssrc" <niworkflows.interfaces.bids.BIDSDataGrabber>
250917-06:10:12,928 nipype.interface INFO:
	 No "t2w" images found for sub-01
250917-06:10:12,928 nipype.interface INFO:
	 No "flair" images found for sub-01
250917-06:10:12,928 nipype.interface INFO:
	 No "sbref" images found for sub-01
250917-06:10:12,928 nipype.interface INFO:
	 No "roi" images found for sub-01
250917-06:10:12,928 nipype.interface INFO:
	 No "pet" images found for sub-01
250917-06:10:12,928 nipype.interface INFO:
	 No "asl" images found for sub-01
250917-06:10:12,929 nipype.workflow INFO:
	 [Node] Finished "bidssrc", elapsed time 0.001092s.
250917-06:10:13,2 nipype.workflow INFO:
	 [Node] Finished "get_dummy", elapsed time 1.733096s.
250917-06:10:13,228 nipype.workflow INFO:
	 [Node] Setting-up "fmriprep_25_0_wf.sub_01_wf.bold_task_rsvp_run_2_wf.bold_native_wf.bold_source" in "/work/fmriprep_25_0_wf/sub_01_wf/bold_task_rsvp_run_2_wf/bold_native_wf/bold_source".
250917-06:10:13,258 nipype.workflow INFO:
	 [Node] Executing "bold_source" <nipype.interfaces.utility.base.Select>
250917-06:10:13,263 nipype.workflow INFO:
	 [Node] Finished "bold_source", elapsed time 0.00089s.
250917-06:10:13,398 nipype.workflow INFO:
	 [Node] Setting-up "fmriprep_25_0_wf.sub_01_wf.bold_task_rsvp_run_1_wf.bold_fit_wf.ds_hmc_boldref_wf.sources" in "/work/fmriprep_25_0_wf/sub_01_wf/bold_task_rsvp_run_1_wf/bold_fit_wf/ds_hmc_boldref_wf/sources".
250917-06:10:13,434 nipype.workflow INFO:
	 [Node] Executing "sources" <fmriprep.interfaces.bids.BIDSURI>
250917-06:10:13,439 nipype.workflow INFO:
	 [Node] Finished "sources", elapsed time 0.001627s.
250917-06:10:13,458 nipype.workflow INFO:
	 [Node] Setting-up "fmriprep_25_0_wf.sub_01_wf.bold_task_rsvp_run_1_wf.bold_fit_wf.ds_hmc_wf.sources" in "/work/fmriprep_25_0_wf/sub_01_wf/bold_task_rsvp_run_1_wf/bold_fit_wf/ds_hmc_wf/sources".
250917-06:10:13,483 nipype.workflow INFO:
	 [Node] Setting-up "fmriprep_25_0_wf.sub_01_wf.bold_task_rsvp_run_3_wf.bold_fit_wf.ds_boldmask_wf.sources" in "/work/fmriprep_25_0_wf/sub_01_wf/bold_task_rsvp_run_3_wf/bold_fit_wf/ds_boldmask_wf/sources".
250917-06:10:13,489 nipype.workflow INFO:
	 [Node] Executing "sources" <fmriprep.interfaces.bids.BIDSURI>
250917-06:10:13,490 nipype.workflow INFO:
	 [Node] Finished "sources", elapsed time 0.000667s.
250917-06:10:13,517 nipype.workflow INFO:
	 [Node] Executing "sources" <fmriprep.interfaces.bids.BIDSURI>
250917-06:10:13,519 nipype.workflow INFO:
	 [Node] Finished "sources", elapsed time 0.000823s.
250917-06:10:13,544 nipype.workflow INFO:
	 [Node] Setting-up "fmriprep_25_0_wf.sub_01_wf.bold_task_rsvp_run_1_wf.bold_fit_wf.ds_boldmask_wf.sources" in "/work/fmriprep_25_0_wf/sub_01_wf/bold_task_rsvp_run_1_wf/bold_fit_wf/ds_boldmask_wf/sources".
250917-06:10:13,568 nipype.workflow INFO:
	 [Node] Setting-up "fmriprep_25_0_wf.sub_01_wf.bold_task_rsvp_run_3_wf.bold_fit_wf.hmc_boldref_wf.validation_and_dummies_wf.val_bold" in "/work/fmriprep_25_0_wf/sub_01_wf/bold_task_rsvp_run_3_wf/bold_fit_wf/hmc_boldref_wf/validation_and_dummies_wf/val_bold".
250917-06:10:13,585 nipype.workflow INFO:
	 [Node] Executing "sources" <fmriprep.interfaces.bids.BIDSURI>
250917-06:10:13,589 nipype.workflow INFO:
	 [Node] Finished "sources", elapsed time 0.000671s.
250917-06:10:13,594 nipype.workflow INFO:
	 [Node] Executing "val_bold" <niworkflows.interfaces.header.ValidateImage>
250917-06:10:13,620 nipype.workflow INFO:
	 [Node] Setting-up "fmriprep_25_0_wf.sub_01_wf.bold_task_rsvp_run_2_wf.bold_fit_wf.ds_hmc_boldref_wf.sources" in "/work/fmriprep_25_0_wf/sub_01_wf/bold_task_rsvp_run_2_wf/bold_fit_wf/ds_hmc_boldref_wf/sources".
250917-06:10:13,626 nipype.workflow INFO:
	 [Node] Setting-up "fmriprep_25_0_wf.sub_01_wf.bold_task_rsvp_run_3_wf.bold_fit_wf.hmc_boldref_wf.validation_and_dummies_wf.get_dummy" in "/work/fmriprep_25_0_wf/sub_01_wf/bold_task_rsvp_run_3_wf/bold_fit_wf/hmc_boldref_wf/validation_and_dummies_wf/get_dummy".
250917-06:10:13,647 nipype.workflow INFO:
	 [Node] Executing "get_dummy" <niworkflows.interfaces.bold.NonsteadyStatesDetector>
250917-06:10:13,648 nipype.workflow INFO:
	 [Node] Executing "sources" <fmriprep.interfaces.bids.BIDSURI>
250917-06:10:13,649 nipype.workflow INFO:
	 [Node] Finished "sources", elapsed time 0.000563s.
250917-06:10:13,650 nipype.workflow INFO:
	 [Node] Finished "val_bold", elapsed time 0.054912s.
250917-06:10:13,711 nipype.workflow INFO:
	 [Node] Setting-up "fmriprep_25_0_wf.sub_01_wf.bold_task_rsvp_run_1_wf.bold_fit_wf.ds_fmapreg_wf.sources" in "/work/fmriprep_25_0_wf/sub_01_wf/bold_task_rsvp_run_1_wf/bold_fit_wf/ds_fmapreg_wf/sources".
250917-06:10:13,715 nipype.workflow INFO:
	 [Node] Setting-up "fmriprep_25_0_wf.sub_01_wf.bold_task_rsvp_run_2_wf.bold_fit_wf.ds_boldmask_wf.sources" in "/work/fmriprep_25_0_wf/sub_01_wf/bold_task_rsvp_run_2_wf/bold_fit_wf/ds_boldmask_wf/sources".
250917-06:10:13,738 nipype.workflow INFO:
	 [Node] Executing "sources" <fmriprep.interfaces.bids.BIDSURI>
250917-06:10:13,739 nipype.workflow INFO:
	 [Node] Executing "sources" <fmriprep.interfaces.bids.BIDSURI>
250917-06:10:13,741 nipype.workflow INFO:
	 [Node] Finished "sources", elapsed time 0.000616s.
250917-06:10:13,742 nipype.workflow INFO:
	 [Node] Finished "sources", elapsed time 0.000644s.
250917-06:10:13,745 nipype.workflow INFO:
	 [Node] Setting-up "fmriprep_25_0_wf.sub_01_wf.bold_task_rsvp_run_2_wf.bold_fit_wf.ds_hmc_wf.sources" in "/work/fmriprep_25_0_wf/sub_01_wf/bold_task_rsvp_run_2_wf/bold_fit_wf/ds_hmc_wf/sources".
250917-06:10:13,772 nipype.workflow INFO:
	 [Node] Executing "sources" <fmriprep.interfaces.bids.BIDSURI>
250917-06:10:13,779 nipype.workflow INFO:
	 [Node] Finished "sources", elapsed time 0.001865s.
250917-06:10:15,198 nipype.workflow INFO:
	 [Node] Setting-up "fmriprep_25_0_wf.sub_01_wf.bold_task_rsvp_run_3_wf.bold_native_wf.bold_source" in "/work/fmriprep_25_0_wf/sub_01_wf/bold_task_rsvp_run_3_wf/bold_native_wf/bold_source".
250917-06:10:15,226 nipype.workflow INFO:
	 [Node] Executing "bold_source" <nipype.interfaces.utility.base.Select>
250917-06:10:15,227 nipype.workflow INFO:
	 [Node] Finished "bold_source", elapsed time 0.000417s.
250917-06:10:15,233 nipype.workflow INFO:
	 [Node] Finished "get_dummy", elapsed time 1.5819969999999999s.
250917-06:10:15,462 nipype.workflow INFO:
	 [Node] Setting-up "fmriprep_25_0_wf.sub_01_wf.bold_task_rsvp_run_4_wf.bold_fit_wf.ds_hmc_boldref_wf.sources" in "/work/fmriprep_25_0_wf/sub_01_wf/bold_task_rsvp_run_4_wf/bold_fit_wf/ds_hmc_boldref_wf/sources".
250917-06:10:15,462 nipype.workflow INFO:
	 [Node] Setting-up "fmriprep_25_0_wf.sub_01_wf.bold_task_rsvp_run_4_wf.bold_fit_wf.ds_hmc_wf.sources" in "/work/fmriprep_25_0_wf/sub_01_wf/bold_task_rsvp_run_4_wf/bold_fit_wf/ds_hmc_wf/sources".
250917-06:10:15,463 nipype.workflow INFO:
	 [Node] Setting-up "fmriprep_25_0_wf.sub_01_wf.bold_task_rsvp_run_4_wf.bold_fit_wf.ds_boldmask_wf.sources" in "/work/fmriprep_25_0_wf/sub_01_wf/bold_task_rsvp_run_4_wf/bold_fit_wf/ds_boldmask_wf/sources".
250917-06:10:15,463 nipype.workflow INFO:
	 [Node] Setting-up "fmriprep_25_0_wf.sub_01_wf.bold_task_rsvp_run_4_wf.bold_native_wf.bold_source" in "/work/fmriprep_25_0_wf/sub_01_wf/bold_task_rsvp_run_4_wf/bold_native_wf/bold_source".
250917-06:10:15,468 nipype.workflow INFO:
	 [Node] Setting-up "fmriprep_25_0_wf.sub_01_wf.bold_task_rsvp_run_4_wf.bold_fit_wf.hmc_boldref_wf.validation_and_dummies_wf.get_dummy" in "/work/fmriprep_25_0_wf/sub_01_wf/bold_task_rsvp_run_4_wf/bold_fit_wf/hmc_boldref_wf/validation_and_dummies_wf/get_dummy".
250917-06:10:15,473 nipype.workflow INFO:
	 [Node] Setting-up "fmriprep_25_0_wf.sub_01_wf.bold_task_rsvp_run_4_wf.bold_fit_wf.hmc_boldref_wf.validation_and_dummies_wf.val_bold" in "/work/fmriprep_25_0_wf/sub_01_wf/bold_task_rsvp_run_4_wf/bold_fit_wf/hmc_boldref_wf/validation_and_dummies_wf/val_bold".
250917-06:10:15,497 nipype.workflow INFO:
	 [Node] Executing "bold_source" <nipype.interfaces.utility.base.Select>
250917-06:10:15,499 nipype.workflow INFO:
	 [Node] Finished "bold_source", elapsed time 0.000816s.
250917-06:10:15,500 nipype.workflow INFO:
	 [Node] Executing "sources" <fmriprep.interfaces.bids.BIDSURI>
250917-06:10:15,501 nipype.workflow INFO:
	 [Node] Finished "sources", elapsed time 0.000534s.
250917-06:10:15,502 nipype.workflow INFO:
	 [Node] Executing "sources" <fmriprep.interfaces.bids.BIDSURI>
250917-06:10:15,502 nipype.workflow INFO:
	 [Node] Executing "get_dummy" <niworkflows.interfaces.bold.NonsteadyStatesDetector>
250917-06:10:15,503 nipype.workflow INFO:
	 [Node] Finished "sources", elapsed time 0.000554s.
250917-06:10:15,504 nipype.workflow INFO:
	 [Node] Executing "val_bold" <niworkflows.interfaces.header.ValidateImage>
250917-06:10:15,508 nipype.workflow INFO:
	 [Node] Executing "sources" <fmriprep.interfaces.bids.BIDSURI>
250917-06:10:15,510 nipype.workflow INFO:
	 [Node] Finished "sources", elapsed time 0.0007s.
250917-06:10:15,569 nipype.workflow INFO:
	 [Node] Finished "val_bold", elapsed time 0.064476s.
250917-06:10:15,625 nipype.workflow INFO:
	 [Node] Setting-up "fmriprep_25_0_wf.sub_01_wf.bold_task_rsvp_run_2_wf.bold_fit_wf.ds_fmapreg_wf.sources" in "/work/fmriprep_25_0_wf/sub_01_wf/bold_task_rsvp_run_2_wf/bold_fit_wf/ds_fmapreg_wf/sources".
250917-06:10:15,651 nipype.workflow INFO:
	 [Node] Executing "sources" <fmriprep.interfaces.bids.BIDSURI>
250917-06:10:15,656 nipype.workflow INFO:
	 [Node] Finished "sources", elapsed time 0.000837s.
250917-06:10:15,741 nipype.workflow INFO:
	 [Node] Setting-up "fmriprep_25_0_wf.sub_01_wf.bold_task_rsvp_run_5_wf.bold_fit_wf.hmc_boldref_wf.validation_and_dummies_wf.get_dummy" in "/work/fmriprep_25_0_wf/sub_01_wf/bold_task_rsvp_run_5_wf/bold_fit_wf/hmc_boldref_wf/validation_and_dummies_wf/get_dummy".
250917-06:10:15,750 nipype.workflow INFO:
	 [Node] Setting-up "fmriprep_25_0_wf.sub_01_wf.bold_task_rsvp_run_5_wf.bold_fit_wf.hmc_boldref_wf.validation_and_dummies_wf.val_bold" in "/work/fmriprep_25_0_wf/sub_01_wf/bold_task_rsvp_run_5_wf/bold_fit_wf/hmc_boldref_wf/validation_and_dummies_wf/val_bold".
250917-06:10:15,782 nipype.workflow INFO:
	 [Node] Executing "val_bold" <niworkflows.interfaces.header.ValidateImage>
250917-06:10:15,783 nipype.workflow INFO:
	 [Node] Setting-up "fmriprep_25_0_wf.sub_01_wf.bold_task_rsvp_run_3_wf.bold_fit_wf.ds_hmc_boldref_wf.sources" in "/work/fmriprep_25_0_wf/sub_01_wf/bold_task_rsvp_run_3_wf/bold_fit_wf/ds_hmc_boldref_wf/sources".
250917-06:10:15,783 nipype.workflow INFO:
	 [Node] Executing "get_dummy" <niworkflows.interfaces.bold.NonsteadyStatesDetector>
250917-06:10:15,814 nipype.workflow INFO:
	 [Node] Executing "sources" <fmriprep.interfaces.bids.BIDSURI>
250917-06:10:15,816 nipype.workflow INFO:
	 [Node] Finished "sources", elapsed time 0.000788s.
250917-06:10:15,844 nipype.workflow INFO:
	 [Node] Finished "val_bold", elapsed time 0.060888s.
250917-06:10:15,933 nipype.workflow INFO:
	 [Node] Setting-up "fmriprep_25_0_wf.sub_01_wf.bold_task_rsvp_run_3_wf.bold_fit_wf.ds_hmc_wf.sources" in "/work/fmriprep_25_0_wf/sub_01_wf/bold_task_rsvp_run_3_wf/bold_fit_wf/ds_hmc_wf/sources".
250917-06:10:15,968 nipype.workflow INFO:
	 [Node] Executing "sources" <fmriprep.interfaces.bids.BIDSURI>
250917-06:10:15,971 nipype.workflow INFO:
	 [Node] Finished "sources", elapsed time 0.001856s.
250917-06:10:16,848 nipype.workflow INFO:
	 [Node] Finished "get_dummy", elapsed time 1.06228s.
250917-06:10:17,75 nipype.workflow INFO:
	 [Node] Finished "get_dummy", elapsed time 1.5719530000000002s.
250917-06:10:17,186 nipype.workflow INFO:
	 [Node] Setting-up "fmriprep_25_0_wf.sub_01_wf.bold_task_rsvp_run_5_wf.bold_fit_wf.ds_boldmask_wf.sources" in "/work/fmriprep_25_0_wf/sub_01_wf/bold_task_rsvp_run_5_wf/bold_fit_wf/ds_boldmask_wf/sources".
250917-06:10:17,187 nipype.workflow INFO:
	 [Node] Setting-up "fmriprep_25_0_wf.sub_01_wf.bold_task_rsvp_run_5_wf.bold_fit_wf.ds_fmapreg_wf.sources" in "/work/fmriprep_25_0_wf/sub_01_wf/bold_task_rsvp_run_5_wf/bold_fit_wf/ds_fmapreg_wf/sources".
250917-06:10:17,189 nipype.workflow INFO:
	 [Node] Setting-up "fmriprep_25_0_wf.sub_01_wf.bold_task_rsvp_run_5_wf.bold_native_wf.bold_source" in "/work/fmriprep_25_0_wf/sub_01_wf/bold_task_rsvp_run_5_wf/bold_native_wf/bold_source".
250917-06:10:17,217 nipype.workflow INFO:
	 [Node] Executing "bold_source" <nipype.interfaces.utility.base.Select>
250917-06:10:17,218 nipype.workflow INFO:
	 [Node] Executing "sources" <fmriprep.interfaces.bids.BIDSURI>
250917-06:10:17,220 nipype.workflow INFO:
	 [Node] Finished "bold_source", elapsed time 0.001221s.
250917-06:10:17,220 nipype.workflow INFO:
	 [Node] Finished "sources", elapsed time 0.000576s.
250917-06:10:17,221 nipype.workflow INFO:
	 [Node] Executing "sources" <fmriprep.interfaces.bids.BIDSURI>
250917-06:10:17,224 nipype.workflow INFO:
	 [Node] Finished "sources", elapsed time 0.001438s.
250917-06:10:17,459 nipype.workflow INFO:
	 [Node] Setting-up "fmriprep_25_0_wf.sub_01_wf.bold_task_rsvp_run_6_wf.bold_fit_wf.ds_hmc_boldref_wf.sources" in "/work/fmriprep_25_0_wf/sub_01_wf/bold_task_rsvp_run_6_wf/bold_fit_wf/ds_hmc_boldref_wf/sources".
250917-06:10:17,459 nipype.workflow INFO:
	 [Node] Setting-up "fmriprep_25_0_wf.sub_01_wf.bold_task_rsvp_run_6_wf.bold_fit_wf.ds_hmc_wf.sources" in "/work/fmriprep_25_0_wf/sub_01_wf/bold_task_rsvp_run_6_wf/bold_fit_wf/ds_hmc_wf/sources".
250917-06:10:17,459 nipype.workflow INFO:
	 [Node] Setting-up "fmriprep_25_0_wf.sub_01_wf.bold_task_rsvp_run_6_wf.bold_fit_wf.ds_boldmask_wf.sources" in "/work/fmriprep_25_0_wf/sub_01_wf/bold_task_rsvp_run_6_wf/bold_fit_wf/ds_boldmask_wf/sources".
250917-06:10:17,460 nipype.workflow INFO:
	 [Node] Setting-up "fmriprep_25_0_wf.sub_01_wf.bold_task_rsvp_run_6_wf.bold_fit_wf.ds_fmapreg_wf.sources" in "/work/fmriprep_25_0_wf/sub_01_wf/bold_task_rsvp_run_6_wf/bold_fit_wf/ds_fmapreg_wf/sources".
250917-06:10:17,460 nipype.workflow INFO:
	 [Node] Setting-up "fmriprep_25_0_wf.sub_01_wf.bold_task_rsvp_run_6_wf.bold_native_wf.bold_source" in "/work/fmriprep_25_0_wf/sub_01_wf/bold_task_rsvp_run_6_wf/bold_native_wf/bold_source".
250917-06:10:17,461 nipype.workflow INFO:
	 [Node] Setting-up "fmriprep_25_0_wf.sub_01_wf.bold_task_rsvp_run_6_wf.bold_fit_wf.hmc_boldref_wf.validation_and_dummies_wf.get_dummy" in "/work/fmriprep_25_0_wf/sub_01_wf/bold_task_rsvp_run_6_wf/bold_fit_wf/hmc_boldref_wf/validation_and_dummies_wf/get_dummy".
250917-06:10:17,461 nipype.workflow INFO:
	 [Node] Setting-up "fmriprep_25_0_wf.sub_01_wf.bold_task_rsvp_run_3_wf.bold_fit_wf.ds_fmapreg_wf.sources" in "/work/fmriprep_25_0_wf/sub_01_wf/bold_task_rsvp_run_3_wf/bold_fit_wf/ds_fmapreg_wf/sources".
250917-06:10:17,463 nipype.workflow INFO:
	 [Node] Setting-up "fmriprep_25_0_wf.sub_01_wf.bold_task_rsvp_run_6_wf.bold_fit_wf.hmc_boldref_wf.validation_and_dummies_wf.val_bold" in "/work/fmriprep_25_0_wf/sub_01_wf/bold_task_rsvp_run_6_wf/bold_fit_wf/hmc_boldref_wf/validation_and_dummies_wf/val_bold".
250917-06:10:17,494 nipype.workflow INFO:
	 [Node] Executing "bold_source" <nipype.interfaces.utility.base.Select>
250917-06:10:17,494 nipype.workflow INFO:
	 [Node] Executing "sources" <fmriprep.interfaces.bids.BIDSURI>
250917-06:10:17,495 nipype.workflow INFO:
	 [Node] Finished "sources", elapsed time 0.000534s.
250917-06:10:17,495 nipype.workflow INFO:
	 [Node] Finished "bold_source", elapsed time 0.00056s.
250917-06:10:17,498 nipype.workflow INFO:
	 [Node] Executing "sources" <fmriprep.interfaces.bids.BIDSURI>
250917-06:10:17,499 nipype.workflow INFO:
	 [Node] Finished "sources", elapsed time 0.000593s.
250917-06:10:17,501 nipype.workflow INFO:
	 [Node] Executing "val_bold" <niworkflows.interfaces.header.ValidateImage>
250917-06:10:17,501 nipype.workflow INFO:
	 [Node] Executing "sources" <fmriprep.interfaces.bids.BIDSURI>
250917-06:10:17,502 nipype.workflow INFO:
	 [Node] Executing "sources" <fmriprep.interfaces.bids.BIDSURI>
250917-06:10:17,502 nipype.workflow INFO:
	 [Node] Executing "get_dummy" <niworkflows.interfaces.bold.NonsteadyStatesDetector>
250917-06:10:17,503 nipype.workflow INFO:
	 [Node] Finished "sources", elapsed time 0.000653s.
250917-06:10:17,503 nipype.workflow INFO:
	 [Node] Finished "sources", elapsed time 0.000703s.
250917-06:10:17,504 nipype.workflow INFO:
	 [Node] Executing "sources" <fmriprep.interfaces.bids.BIDSURI>
250917-06:10:17,506 nipype.workflow INFO:
	 [Node] Finished "sources", elapsed time 0.000722s.
250917-06:10:17,558 nipype.workflow INFO:
	 [Node] Finished "val_bold", elapsed time 0.055318s.
250917-06:10:17,933 nipype.workflow INFO:
	 [Node] Setting-up "fmriprep_25_0_wf.sub_01_wf.bold_task_rsvp_run_4_wf.bold_fit_wf.ds_fmapreg_wf.sources" in "/work/fmriprep_25_0_wf/sub_01_wf/bold_task_rsvp_run_4_wf/bold_fit_wf/ds_fmapreg_wf/sources".
250917-06:10:17,967 nipype.workflow INFO:
	 [Node] Executing "sources" <fmriprep.interfaces.bids.BIDSURI>
250917-06:10:17,968 nipype.workflow INFO:
	 [Node] Finished "sources", elapsed time 0.000569s.
250917-06:10:19,71 nipype.workflow INFO:
	 [Node] Finished "get_dummy", elapsed time 1.568494s.
250917-06:10:19,451 nipype.workflow INFO:
	 [Node] Setting-up "fmriprep_25_0_wf.sub_01_wf.bold_task_rsvp_run_5_wf.bold_fit_wf.ds_hmc_wf.sources" in "/work/fmriprep_25_0_wf/sub_01_wf/bold_task_rsvp_run_5_wf/bold_fit_wf/ds_hmc_wf/sources".
250917-06:10:19,478 nipype.workflow INFO:
	 [Node] Executing "sources" <fmriprep.interfaces.bids.BIDSURI>
250917-06:10:19,479 nipype.workflow INFO:
	 [Node] Finished "sources", elapsed time 0.00055s.
250917-06:10:19,590 nipype.workflow INFO:
	 [Node] Setting-up "fmriprep_25_0_wf.sub_01_wf.bold_task_rsvp_run_5_wf.bold_fit_wf.ds_hmc_boldref_wf.sources" in "/work/fmriprep_25_0_wf/sub_01_wf/bold_task_rsvp_run_5_wf/bold_fit_wf/ds_hmc_boldref_wf/sources".
250917-06:10:19,622 nipype.workflow INFO:
	 [Node] Executing "sources" <fmriprep.interfaces.bids.BIDSURI>
250917-06:10:19,623 nipype.workflow INFO:
	 [Node] Finished "sources", elapsed time 0.000638s.
250917-06:10:20,236 nipype.workflow INFO:
	 [Node] Setting-up "fmriprep_25_0_wf.sub_01_wf.bids_info" in "/work/fmriprep_25_0_wf/sub_01_wf/bids_info".
250917-06:10:20,247 nipype.workflow INFO:
	 [Node] Setting-up "fmriprep_25_0_wf.sub_01_wf.anat_fit_wf.anat_template_wf.anat_ref_dimensions" in "/work/fmriprep_25_0_wf/sub_01_wf/anat_fit_wf/anat_template_wf/anat_ref_dimensions".
250917-06:10:20,260 nipype.workflow INFO:
	 [Node] Executing "bids_info" <niworkflows.interfaces.bids.BIDSInfo>
250917-06:10:20,271 nipype.workflow INFO:
	 [Node] Finished "bids_info", elapsed time 0.009572s.
250917-06:10:20,271 nipype.workflow INFO:
	 [Node] Executing "anat_ref_dimensions" <niworkflows.interfaces.images.TemplateDimensions>
250917-06:10:20,373 nipype.workflow INFO:
	 [Node] Finished "anat_ref_dimensions", elapsed time 0.100952s.
250917-06:10:21,100 nipype.workflow INFO:
	 [Node] Setting-up "fmriprep_25_0_wf.sub_01_wf.fmap_preproc_wf.wf_auto_00000.check_register" in "/work/fmriprep_25_0_wf/sub_01_wf/fmap_preproc_wf/wf_auto_00000/check_register".
250917-06:10:21,221 nipype.workflow INFO:
	 [Node] Finished "lap_tmpl", elapsed time 10.096835s.
250917-06:10:21,228 nipype.workflow INFO:
	 [Node] Executing "check_register" <sdcflows.interfaces.fmap.CheckRegister>
250917-06:10:21,248 nipype.workflow INFO:
	 [Node] Finished "check_register", elapsed time 0.019868s.
250917-06:10:21,717 nipype.workflow INFO:
	 [Node] Setting-up "fmriprep_25_0_wf.sub_01_wf.bold_task_rsvp_run_1_wf.bold_fit_wf.hmc_boldref_wf.gen_avg" in "/work/fmriprep_25_0_wf/sub_01_wf/bold_task_rsvp_run_1_wf/bold_fit_wf/hmc_boldref_wf/gen_avg".
250917-06:10:21,729 nipype.workflow INFO:
	 [Node] Setting-up "fmriprep_25_0_wf.sub_01_wf.bold_task_rsvp_run_1_wf.bold_native_wf.validate_bold" in "/work/fmriprep_25_0_wf/sub_01_wf/bold_task_rsvp_run_1_wf/bold_native_wf/validate_bold".
250917-06:10:21,756 nipype.workflow INFO:
	 [Node] Executing "gen_avg" <niworkflows.interfaces.images.RobustAverage>
250917-06:10:21,757 nipype.workflow INFO:
	 [Node] Executing "validate_bold" <niworkflows.interfaces.header.ValidateImage>
250917-06:10:21,809 nipype.workflow INFO:
	 [Node] Finished "validate_bold", elapsed time 0.051651s.
250917-06:10:22,244 nipype.workflow INFO:
	 [Node] Setting-up "fmriprep_25_0_wf.sub_01_wf.bold_task_rsvp_run_2_wf.bold_fit_wf.hmc_boldref_wf.gen_avg" in "/work/fmriprep_25_0_wf/sub_01_wf/bold_task_rsvp_run_2_wf/bold_fit_wf/hmc_boldref_wf/gen_avg".
250917-06:10:22,246 nipype.workflow INFO:
	 [Node] Setting-up "fmriprep_25_0_wf.sub_01_wf.bold_task_rsvp_run_2_wf.bold_native_wf.validate_bold" in "/work/fmriprep_25_0_wf/sub_01_wf/bold_task_rsvp_run_2_wf/bold_native_wf/validate_bold".
250917-06:10:22,269 nipype.workflow INFO:
	 [Node] Executing "validate_bold" <niworkflows.interfaces.header.ValidateImage>
250917-06:10:22,282 nipype.workflow INFO:
	 [Node] Executing "gen_avg" <niworkflows.interfaces.images.RobustAverage>
250917-06:10:22,328 nipype.workflow INFO:
	 [Node] Finished "validate_bold", elapsed time 0.058108s.
250917-06:10:22,745 nipype.workflow INFO:
	 [Node] Setting-up "fmriprep_25_0_wf.sub_01_wf.bold_task_rsvp_run_3_wf.bold_fit_wf.hmc_boldref_wf.gen_avg" in "/work/fmriprep_25_0_wf/sub_01_wf/bold_task_rsvp_run_3_wf/bold_fit_wf/hmc_boldref_wf/gen_avg".
250917-06:10:22,746 nipype.workflow INFO:
	 [Node] Setting-up "fmriprep_25_0_wf.sub_01_wf.bold_task_rsvp_run_3_wf.bold_native_wf.validate_bold" in "/work/fmriprep_25_0_wf/sub_01_wf/bold_task_rsvp_run_3_wf/bold_native_wf/validate_bold".
250917-06:10:22,784 nipype.workflow INFO:
	 [Node] Executing "validate_bold" <niworkflows.interfaces.header.ValidateImage>
250917-06:10:22,794 nipype.workflow INFO:
	 [Node] Executing "gen_avg" <niworkflows.interfaces.images.RobustAverage>
250917-06:10:22,842 nipype.workflow INFO:
	 [Node] Finished "validate_bold", elapsed time 0.056666s.
250917-06:10:23,133 nipype.interface INFO:
	 stderr 2025-09-17T06:10:23.133478:++ 3dvolreg: AFNI version=AFNI_25.0.11 (Mar 24 2025) [64-bit]
250917-06:10:23,133 nipype.interface INFO:
	 stderr 2025-09-17T06:10:23.133478:++ Authored by: RW Cox
250917-06:10:23,136 nipype.interface INFO:
	 stderr 2025-09-17T06:10:23.136687:** AFNI converts NIFTI_datatype=4 (INT16) in file /work/fmriprep_25_0_wf/sub_01_wf/bold_task_rsvp_run_1_wf/bold_fit_wf/hmc_boldref_wf/gen_avg/sub-01_task-rsvp_run-1_bold_sliced.nii.gz to FLOAT32
250917-06:10:23,136 nipype.interface INFO:
	 stderr 2025-09-17T06:10:23.136687:     Warnings of this type will be muted for this session.
250917-06:10:23,136 nipype.interface INFO:
	 stderr 2025-09-17T06:10:23.136687:     Set AFNI_NIFTI_TYPE_WARN to YES to see them all, NO to see none.
250917-06:10:23,138 nipype.interface INFO:
	 stderr 2025-09-17T06:10:23.138563:[7m*+ WARNING:[0m   If you are performing spatial transformations on an oblique dset,
250917-06:10:23,138 nipype.interface INFO:
	 stderr 2025-09-17T06:10:23.138563:  such as /work/fmriprep_25_0_wf/sub_01_wf/bold_task_rsvp_run_1_wf/bold_fit_wf/hmc_boldref_wf/gen_avg/sub-01_task-rsvp_run-1_bold_sliced.nii.gz,
250917-06:10:23,138 nipype.interface INFO:
	 stderr 2025-09-17T06:10:23.138563:  or viewing/combining it with volumes of differing obliquity,
250917-06:10:23,138 nipype.interface INFO:
	 stderr 2025-09-17T06:10:23.138563:  you should consider running: 
250917-06:10:23,138 nipype.interface INFO:
	 stderr 2025-09-17T06:10:23.138563:     3dWarp -deoblique 
250917-06:10:23,138 nipype.interface INFO:
	 stderr 2025-09-17T06:10:23.138563:  on this and  other oblique datasets in the same session.
250917-06:10:23,138 nipype.interface INFO:
	 stderr 2025-09-17T06:10:23.138563: See 3dWarp -help for details.
250917-06:10:23,138 nipype.interface INFO:
	 stderr 2025-09-17T06:10:23.138563:++ Oblique dataset:/work/fmriprep_25_0_wf/sub_01_wf/bold_task_rsvp_run_1_wf/bold_fit_wf/hmc_boldref_wf/gen_avg/sub-01_task-rsvp_run-1_bold_sliced.nii.gz is 25.011097 degrees from plumb.
250917-06:10:23,138 nipype.interface INFO:
	 stderr 2025-09-17T06:10:23.138815:++ Coarse del was 10, replaced with 2
250917-06:10:23,327 nipype.workflow INFO:
	 [Node] Setting-up "fmriprep_25_0_wf.sub_01_wf.bold_task_rsvp_run_4_wf.bold_native_wf.validate_bold" in "/work/fmriprep_25_0_wf/sub_01_wf/bold_task_rsvp_run_4_wf/bold_native_wf/validate_bold".
250917-06:10:23,336 nipype.workflow INFO:
	 [Node] Setting-up "fmriprep_25_0_wf.sub_01_wf.bold_task_rsvp_run_4_wf.bold_fit_wf.hmc_boldref_wf.gen_avg" in "/work/fmriprep_25_0_wf/sub_01_wf/bold_task_rsvp_run_4_wf/bold_fit_wf/hmc_boldref_wf/gen_avg".
250917-06:10:23,350 nipype.interface INFO:
	 stderr 2025-09-17T06:10:23.350042:++ edt_blur: sigx 2, dx 1, fwhm 4.70964, sfac 2.5, firx 5
250917-06:10:23,351 nipype.workflow INFO:
	 [Node] Executing "validate_bold" <niworkflows.interfaces.header.ValidateImage>
250917-06:10:23,378 nipype.workflow INFO:
	 [Node] Executing "gen_avg" <niworkflows.interfaces.images.RobustAverage>
250917-06:10:23,403 nipype.workflow INFO:
	 [Node] Finished "validate_bold", elapsed time 0.050744s.
250917-06:10:23,458 nipype.interface INFO:
	 stderr 2025-09-17T06:10:23.458888:++ 3dvolreg: AFNI version=AFNI_25.0.11 (Mar 24 2025) [64-bit]
250917-06:10:23,459 nipype.interface INFO:
	 stderr 2025-09-17T06:10:23.458888:++ Authored by: RW Cox
250917-06:10:23,461 nipype.interface INFO:
	 stderr 2025-09-17T06:10:23.461788:** AFNI converts NIFTI_datatype=4 (INT16) in file /work/fmriprep_25_0_wf/sub_01_wf/bold_task_rsvp_run_2_wf/bold_fit_wf/hmc_boldref_wf/gen_avg/sub-01_task-rsvp_run-2_bold_sliced.nii.gz to FLOAT32
250917-06:10:23,461 nipype.interface INFO:
	 stderr 2025-09-17T06:10:23.461788:     Warnings of this type will be muted for this session.
250917-06:10:23,461 nipype.interface INFO:
	 stderr 2025-09-17T06:10:23.461788:     Set AFNI_NIFTI_TYPE_WARN to YES to see them all, NO to see none.
250917-06:10:23,463 nipype.interface INFO:
	 stderr 2025-09-17T06:10:23.463761:[7m*+ WARNING:[0m   If you are performing spatial transformations on an oblique dset,
250917-06:10:23,463 nipype.interface INFO:
	 stderr 2025-09-17T06:10:23.463761:  such as /work/fmriprep_25_0_wf/sub_01_wf/bold_task_rsvp_run_2_wf/bold_fit_wf/hmc_boldref_wf/gen_avg/sub-01_task-rsvp_run-2_bold_sliced.nii.gz,
250917-06:10:23,464 nipype.interface INFO:
	 stderr 2025-09-17T06:10:23.463761:  or viewing/combining it with volumes of differing obliquity,
250917-06:10:23,464 nipype.interface INFO:
	 stderr 2025-09-17T06:10:23.463761:  you should consider running: 
250917-06:10:23,464 nipype.interface INFO:
	 stderr 2025-09-17T06:10:23.463761:     3dWarp -deoblique 
250917-06:10:23,464 nipype.interface INFO:
	 stderr 2025-09-17T06:10:23.463761:  on this and  other oblique datasets in the same session.
250917-06:10:23,464 nipype.interface INFO:
	 stderr 2025-09-17T06:10:23.463761: See 3dWarp -help for details.
250917-06:10:23,464 nipype.interface INFO:
	 stderr 2025-09-17T06:10:23.463761:++ Oblique dataset:/work/fmriprep_25_0_wf/sub_01_wf/bold_task_rsvp_run_2_wf/bold_fit_wf/hmc_boldref_wf/gen_avg/sub-01_task-rsvp_run-2_bold_sliced.nii.gz is 25.011097 degrees from plumb.
250917-06:10:23,464 nipype.interface INFO:
	 stderr 2025-09-17T06:10:23.463761:++ Coarse del was 10, replaced with 2
250917-06:10:23,670 nipype.interface INFO:
	 stderr 2025-09-17T06:10:23.670189:++ edt_blur: sigx 2, dx 1, fwhm 4.70964, sfac 2.5, firx 5
250917-06:10:23,892 nipype.workflow INFO:
	 [Node] Setting-up "fmriprep_25_0_wf.sub_01_wf.bold_task_rsvp_run_5_wf.bold_fit_wf.hmc_boldref_wf.gen_avg" in "/work/fmriprep_25_0_wf/sub_01_wf/bold_task_rsvp_run_5_wf/bold_fit_wf/hmc_boldref_wf/gen_avg".
250917-06:10:23,934 nipype.workflow INFO:
	 [Node] Executing "gen_avg" <niworkflows.interfaces.images.RobustAverage>
250917-06:10:24,48 nipype.interface INFO:
	 stderr 2025-09-17T06:10:24.048730:++ 3dvolreg: AFNI version=AFNI_25.0.11 (Mar 24 2025) [64-bit]
250917-06:10:24,49 nipype.interface INFO:
	 stderr 2025-09-17T06:10:24.048730:++ Authored by: RW Cox
250917-06:10:24,51 nipype.interface INFO:
	 stderr 2025-09-17T06:10:24.051501:** AFNI converts NIFTI_datatype=4 (INT16) in file /work/fmriprep_25_0_wf/sub_01_wf/bold_task_rsvp_run_3_wf/bold_fit_wf/hmc_boldref_wf/gen_avg/sub-01_task-rsvp_run-3_bold_sliced.nii.gz to FLOAT32
250917-06:10:24,51 nipype.interface INFO:
	 stderr 2025-09-17T06:10:24.051501:     Warnings of this type will be muted for this session.
250917-06:10:24,51 nipype.interface INFO:
	 stderr 2025-09-17T06:10:24.051501:     Set AFNI_NIFTI_TYPE_WARN to YES to see them all, NO to see none.
250917-06:10:24,53 nipype.interface INFO:
	 stderr 2025-09-17T06:10:24.053613:[7m*+ WARNING:[0m   If you are performing spatial transformations on an oblique dset,
250917-06:10:24,53 nipype.interface INFO:
	 stderr 2025-09-17T06:10:24.053613:  such as /work/fmriprep_25_0_wf/sub_01_wf/bold_task_rsvp_run_3_wf/bold_fit_wf/hmc_boldref_wf/gen_avg/sub-01_task-rsvp_run-3_bold_sliced.nii.gz,
250917-06:10:24,53 nipype.interface INFO:
	 stderr 2025-09-17T06:10:24.053613:  or viewing/combining it with volumes of differing obliquity,
250917-06:10:24,53 nipype.interface INFO:
	 stderr 2025-09-17T06:10:24.053613:  you should consider running: 
250917-06:10:24,53 nipype.interface INFO:
	 stderr 2025-09-17T06:10:24.053613:     3dWarp -deoblique 
250917-06:10:24,54 nipype.interface INFO:
	 stderr 2025-09-17T06:10:24.053613:  on this and  other oblique datasets in the same session.
250917-06:10:24,54 nipype.interface INFO:
	 stderr 2025-09-17T06:10:24.053613: See 3dWarp -help for details.
250917-06:10:24,54 nipype.interface INFO:
	 stderr 2025-09-17T06:10:24.053613:++ Oblique dataset:/work/fmriprep_25_0_wf/sub_01_wf/bold_task_rsvp_run_3_wf/bold_fit_wf/hmc_boldref_wf/gen_avg/sub-01_task-rsvp_run-3_bold_sliced.nii.gz is 25.011097 degrees from plumb.
250917-06:10:24,54 nipype.interface INFO:
	 stderr 2025-09-17T06:10:24.053613:++ Coarse del was 10, replaced with 2
250917-06:10:24,98 nipype.workflow INFO:
	 [Node] Setting-up "fmriprep_25_0_wf.sub_01_wf.anat_fit_wf.brain_extraction_wf.mrg_tmpl" in "/work/fmriprep_25_0_wf/sub_01_wf/anat_fit_wf/brain_extraction_wf/mrg_tmpl".
250917-06:10:24,103 nipype.workflow INFO:
	 [Node] Setting-up "fmriprep_25_0_wf.sub_01_wf.bold_task_rsvp_run_5_wf.bold_native_wf.validate_bold" in "/work/fmriprep_25_0_wf/sub_01_wf/bold_task_rsvp_run_5_wf/bold_native_wf/validate_bold".
250917-06:10:24,129 nipype.workflow INFO:
	 [Node] Executing "validate_bold" <niworkflows.interfaces.header.ValidateImage>
250917-06:10:24,156 nipype.workflow INFO:
	 [Node] Executing "mrg_tmpl" <nipype.interfaces.utility.base.Merge>
250917-06:10:24,157 nipype.workflow INFO:
	 [Node] Finished "mrg_tmpl", elapsed time 0.00032s.
250917-06:10:24,183 nipype.workflow INFO:
	 [Node] Finished "validate_bold", elapsed time 0.052855s.
250917-06:10:24,287 nipype.interface INFO:
	 stderr 2025-09-17T06:10:24.287139:++ edt_blur: sigx 2, dx 1, fwhm 4.70964, sfac 2.5, firx 5
250917-06:10:24,599 nipype.interface INFO:
	 stderr 2025-09-17T06:10:24.599221:++ 3dvolreg: AFNI version=AFNI_25.0.11 (Mar 24 2025) [64-bit]
250917-06:10:24,599 nipype.interface INFO:
	 stderr 2025-09-17T06:10:24.599221:++ Authored by: RW Cox
250917-06:10:24,602 nipype.interface INFO:
	 stderr 2025-09-17T06:10:24.602203:** AFNI converts NIFTI_datatype=4 (INT16) in file /work/fmriprep_25_0_wf/sub_01_wf/bold_task_rsvp_run_4_wf/bold_fit_wf/hmc_boldref_wf/gen_avg/sub-01_task-rsvp_run-4_bold_sliced.nii.gz to FLOAT32
250917-06:10:24,602 nipype.interface INFO:
	 stderr 2025-09-17T06:10:24.602203:     Warnings of this type will be muted for this session.
250917-06:10:24,602 nipype.interface INFO:
	 stderr 2025-09-17T06:10:24.602203:     Set AFNI_NIFTI_TYPE_WARN to YES to see them all, NO to see none.
250917-06:10:24,604 nipype.interface INFO:
	 stderr 2025-09-17T06:10:24.604449:[7m*+ WARNING:[0m   If you are performing spatial transformations on an oblique dset,
250917-06:10:24,604 nipype.interface INFO:
	 stderr 2025-09-17T06:10:24.604449:  such as /work/fmriprep_25_0_wf/sub_01_wf/bold_task_rsvp_run_4_wf/bold_fit_wf/hmc_boldref_wf/gen_avg/sub-01_task-rsvp_run-4_bold_sliced.nii.gz,
250917-06:10:24,604 nipype.interface INFO:
	 stderr 2025-09-17T06:10:24.604449:  or viewing/combining it with volumes of differing obliquity,
250917-06:10:24,604 nipype.interface INFO:
	 stderr 2025-09-17T06:10:24.604449:  you should consider running: 
250917-06:10:24,604 nipype.interface INFO:
	 stderr 2025-09-17T06:10:24.604449:     3dWarp -deoblique 
250917-06:10:24,604 nipype.interface INFO:
	 stderr 2025-09-17T06:10:24.604449:  on this and  other oblique datasets in the same session.
250917-06:10:24,604 nipype.interface INFO:
	 stderr 2025-09-17T06:10:24.604449: See 3dWarp -help for details.
250917-06:10:24,604 nipype.interface INFO:
	 stderr 2025-09-17T06:10:24.604449:++ Oblique dataset:/work/fmriprep_25_0_wf/sub_01_wf/bold_task_rsvp_run_4_wf/bold_fit_wf/hmc_boldref_wf/gen_avg/sub-01_task-rsvp_run-4_bold_sliced.nii.gz is 25.011097 degrees from plumb.
250917-06:10:24,604 nipype.interface INFO:
	 stderr 2025-09-17T06:10:24.604449:++ Coarse del was 10, replaced with 2
250917-06:10:24,624 nipype.workflow INFO:
	 [Node] Setting-up "fmriprep_25_0_wf.sub_01_wf.bold_task_rsvp_run_6_wf.bold_native_wf.validate_bold" in "/work/fmriprep_25_0_wf/sub_01_wf/bold_task_rsvp_run_6_wf/bold_native_wf/validate_bold".
250917-06:10:24,629 nipype.workflow INFO:
	 [Node] Setting-up "fmriprep_25_0_wf.sub_01_wf.bold_task_rsvp_run_6_wf.bold_fit_wf.hmc_boldref_wf.gen_avg" in "/work/fmriprep_25_0_wf/sub_01_wf/bold_task_rsvp_run_6_wf/bold_fit_wf/hmc_boldref_wf/gen_avg".
250917-06:10:24,652 nipype.workflow INFO:
	 [Node] Executing "validate_bold" <niworkflows.interfaces.header.ValidateImage>
250917-06:10:24,670 nipype.workflow INFO:
	 [Node] Executing "gen_avg" <niworkflows.interfaces.images.RobustAverage>
250917-06:10:24,704 nipype.workflow INFO:
	 [Node] Finished "validate_bold", elapsed time 0.050633s.
250917-06:10:24,814 nipype.interface INFO:
	 stderr 2025-09-17T06:10:24.814287:++ edt_blur: sigx 2, dx 1, fwhm 4.70964, sfac 2.5, firx 5
250917-06:10:25,346 nipype.interface INFO:
	 stderr 2025-09-17T06:10:25.346420:++ 3dvolreg: AFNI version=AFNI_25.0.11 (Mar 24 2025) [64-bit]
250917-06:10:25,346 nipype.interface INFO:
	 stderr 2025-09-17T06:10:25.346420:++ Authored by: RW Cox
250917-06:10:25,349 nipype.interface INFO:
	 stderr 2025-09-17T06:10:25.349344:** AFNI converts NIFTI_datatype=4 (INT16) in file /work/fmriprep_25_0_wf/sub_01_wf/bold_task_rsvp_run_5_wf/bold_fit_wf/hmc_boldref_wf/gen_avg/sub-01_task-rsvp_run-5_bold_sliced.nii.gz to FLOAT32
250917-06:10:25,349 nipype.interface INFO:
	 stderr 2025-09-17T06:10:25.349344:     Warnings of this type will be muted for this session.
250917-06:10:25,349 nipype.interface INFO:
	 stderr 2025-09-17T06:10:25.349344:     Set AFNI_NIFTI_TYPE_WARN to YES to see them all, NO to see none.
250917-06:10:25,351 nipype.interface INFO:
	 stderr 2025-09-17T06:10:25.351237:[7m*+ WARNING:[0m   If you are performing spatial transformations on an oblique dset,
250917-06:10:25,351 nipype.interface INFO:
	 stderr 2025-09-17T06:10:25.351237:  such as /work/fmriprep_25_0_wf/sub_01_wf/bold_task_rsvp_run_5_wf/bold_fit_wf/hmc_boldref_wf/gen_avg/sub-01_task-rsvp_run-5_bold_sliced.nii.gz,
250917-06:10:25,351 nipype.interface INFO:
	 stderr 2025-09-17T06:10:25.351237:  or viewing/combining it with volumes of differing obliquity,
250917-06:10:25,351 nipype.interface INFO:
	 stderr 2025-09-17T06:10:25.351237:  you should consider running: 
250917-06:10:25,351 nipype.interface INFO:
	 stderr 2025-09-17T06:10:25.351237:     3dWarp -deoblique 
250917-06:10:25,351 nipype.interface INFO:
	 stderr 2025-09-17T06:10:25.351237:  on this and  other oblique datasets in the same session.
250917-06:10:25,351 nipype.interface INFO:
	 stderr 2025-09-17T06:10:25.351237: See 3dWarp -help for details.
250917-06:10:25,351 nipype.interface INFO:
	 stderr 2025-09-17T06:10:25.351237:++ Oblique dataset:/work/fmriprep_25_0_wf/sub_01_wf/bold_task_rsvp_run_5_wf/bold_fit_wf/hmc_boldref_wf/gen_avg/sub-01_task-rsvp_run-5_bold_sliced.nii.gz is 25.011097 degrees from plumb.
250917-06:10:25,351 nipype.interface INFO:
	 stderr 2025-09-17T06:10:25.351639:++ Coarse del was 10, replaced with 2
250917-06:10:25,553 nipype.interface INFO:
	 stderr 2025-09-17T06:10:25.553574:++ edt_blur: sigx 2, dx 1, fwhm 4.70964, sfac 2.5, firx 5
250917-06:10:25,864 nipype.interface INFO:
	 stderr 2025-09-17T06:10:25.864231:++ 3dvolreg: AFNI version=AFNI_25.0.11 (Mar 24 2025) [64-bit]
250917-06:10:25,864 nipype.interface INFO:
	 stderr 2025-09-17T06:10:25.864231:++ Authored by: RW Cox
250917-06:10:25,867 nipype.interface INFO:
	 stderr 2025-09-17T06:10:25.867010:** AFNI converts NIFTI_datatype=4 (INT16) in file /work/fmriprep_25_0_wf/sub_01_wf/bold_task_rsvp_run_6_wf/bold_fit_wf/hmc_boldref_wf/gen_avg/sub-01_task-rsvp_run-6_bold_sliced.nii.gz to FLOAT32
250917-06:10:25,867 nipype.interface INFO:
	 stderr 2025-09-17T06:10:25.867010:     Warnings of this type will be muted for this session.
250917-06:10:25,867 nipype.interface INFO:
	 stderr 2025-09-17T06:10:25.867010:     Set AFNI_NIFTI_TYPE_WARN to YES to see them all, NO to see none.
250917-06:10:25,868 nipype.interface INFO:
	 stderr 2025-09-17T06:10:25.868896:[7m*+ WARNING:[0m   If you are performing spatial transformations on an oblique dset,
250917-06:10:25,868 nipype.interface INFO:
	 stderr 2025-09-17T06:10:25.868896:  such as /work/fmriprep_25_0_wf/sub_01_wf/bold_task_rsvp_run_6_wf/bold_fit_wf/hmc_boldref_wf/gen_avg/sub-01_task-rsvp_run-6_bold_sliced.nii.gz,
250917-06:10:25,869 nipype.interface INFO:
	 stderr 2025-09-17T06:10:25.868896:  or viewing/combining it with volumes of differing obliquity,
250917-06:10:25,869 nipype.interface INFO:
	 stderr 2025-09-17T06:10:25.868896:  you should consider running: 
250917-06:10:25,869 nipype.interface INFO:
	 stderr 2025-09-17T06:10:25.868896:     3dWarp -deoblique 
250917-06:10:25,869 nipype.interface INFO:
	 stderr 2025-09-17T06:10:25.868896:  on this and  other oblique datasets in the same session.
250917-06:10:25,869 nipype.interface INFO:
	 stderr 2025-09-17T06:10:25.868896: See 3dWarp -help for details.
250917-06:10:25,869 nipype.interface INFO:
	 stderr 2025-09-17T06:10:25.868896:++ Oblique dataset:/work/fmriprep_25_0_wf/sub_01_wf/bold_task_rsvp_run_6_wf/bold_fit_wf/hmc_boldref_wf/gen_avg/sub-01_task-rsvp_run-6_bold_sliced.nii.gz is 25.011097 degrees from plumb.
250917-06:10:25,869 nipype.interface INFO:
	 stderr 2025-09-17T06:10:25.869355:++ Coarse del was 10, replaced with 2
250917-06:10:26,72 nipype.interface INFO:
	 stderr 2025-09-17T06:10:26.072429:++ edt_blur: sigx 2, dx 1, fwhm 4.70964, sfac 2.5, firx 5
250917-06:10:27,75 nipype.workflow INFO:
	 [Node] Setting-up "fmriprep_25_0_wf.sub_01_wf.anat_fit_wf.fs_isrunning" in "/work/fmriprep_25_0_wf/sub_01_wf/anat_fit_wf/fs_isrunning".
250917-06:10:27,78 nipype.workflow INFO:
	 [Node] Setting-up "fmriprep_25_0_wf.sub_01_wf.anat_fit_wf.ds_t1w_mask_wf.raw_sources" in "/work/fmriprep_25_0_wf/sub_01_wf/anat_fit_wf/ds_t1w_mask_wf/raw_sources".
250917-06:10:27,79 nipype.workflow INFO:
	 [Node] Setting-up "fmriprep_25_0_wf.sub_01_wf.anat_fit_wf.ds_ribbon_mask_wf.raw_sources" in "/work/fmriprep_25_0_wf/sub_01_wf/anat_fit_wf/ds_ribbon_mask_wf/raw_sources".
250917-06:10:27,108 nipype.workflow INFO:
	 [Node] Executing "fs_isrunning" <nipype.interfaces.utility.wrappers.Function>
250917-06:10:27,110 nipype.workflow INFO:
	 [Node] Finished "fs_isrunning", elapsed time 0.000805s.
250917-06:10:27,116 nipype.workflow INFO:
	 [Node] Executing "raw_sources" <nipype.interfaces.utility.wrappers.Function>
250917-06:10:27,118 nipype.workflow INFO:
	 [Node] Finished "raw_sources", elapsed time 0.000802s.
250917-06:10:27,208 nipype.workflow INFO:
	 [Node] Executing "raw_sources" <nipype.interfaces.utility.wrappers.Function>
250917-06:10:27,210 nipype.workflow INFO:
	 [Node] Finished "raw_sources", elapsed time 0.001078s.
250917-06:10:27,335 nipype.workflow INFO:
	 [Node] Setting-up "fmriprep_25_0_wf.sub_01_wf.fmap_preproc_wf.wf_auto_00000.magnitude_wf.magmrg" in "/work/fmriprep_25_0_wf/sub_01_wf/fmap_preproc_wf/wf_auto_00000/magnitude_wf/magmrg".
250917-06:10:27,480 nipype.workflow INFO:
	 [Node] Executing "magmrg" <niworkflows.interfaces.images.IntraModalMerge>
250917-06:10:27,562 nipype.workflow INFO:
	 [Node] Finished "magmrg", elapsed time 0.081277s.
250917-06:10:27,917 nipype.workflow INFO:
	 [Node] Setting-up "fmriprep_25_0_wf.sub_01_wf.anat_fit_wf.register_template_wf.set_reference" in "/work/fmriprep_25_0_wf/sub_01_wf/anat_fit_wf/register_template_wf/_template_MNI152NLin2009cAsym/set_reference".
250917-06:10:27,951 nipype.workflow INFO:
	 [Node] Executing "set_reference" <nipype.interfaces.utility.wrappers.Function>
250917-06:10:27,953 nipype.workflow INFO:
	 [Node] Finished "set_reference", elapsed time 0.000803s.
250917-06:10:28,474 nipype.workflow INFO:
	 [Node] Setting-up "fmriprep_25_0_wf.sub_01_wf.fmap_preproc_wf.wf_auto_00000.magnitude_wf.brainextraction_wf.clipper_pre" in "/work/fmriprep_25_0_wf/sub_01_wf/fmap_preproc_wf/wf_auto_00000/magnitude_wf/brainextraction_wf/clipper_pre".
250917-06:10:28,503 nipype.workflow INFO:
	 [Node] Executing "clipper_pre" <niworkflows.interfaces.nibabel.IntensityClip>
250917-06:10:28,787 nipype.workflow INFO:
	 [Node] Finished "clipper_pre", elapsed time 0.28253s.
250917-06:10:29,854 nipype.workflow INFO:
	 [Node] Setting-up "fmriprep_25_0_wf.sub_01_wf.bold_task_rsvp_run_3_wf.bold_native_wf.bold_stc_wf.slice_timing_correction" in "/work/fmriprep_25_0_wf/sub_01_wf/bold_task_rsvp_run_3_wf/bold_native_wf/bold_stc_wf/slice_timing_correction".
250917-06:10:29,889 nipype.workflow INFO:
	 [Node] Executing "slice_timing_correction" <fmriprep.workflows.bold.stc.TShift>
250917-06:10:29,908 nipype.workflow INFO:
	 [Node] Setting-up "fmriprep_25_0_wf.sub_01_wf.bold_task_rsvp_run_1_wf.bold_native_wf.bold_stc_wf.slice_timing_correction" in "/work/fmriprep_25_0_wf/sub_01_wf/bold_task_rsvp_run_1_wf/bold_native_wf/bold_stc_wf/slice_timing_correction".
250917-06:10:29,939 nipype.workflow INFO:
	 [Node] Executing "slice_timing_correction" <fmriprep.workflows.bold.stc.TShift>
250917-06:10:30,60 nipype.workflow INFO:
	 [Node] Setting-up "fmriprep_25_0_wf.sub_01_wf.bold_task_rsvp_run_5_wf.bold_native_wf.bold_stc_wf.slice_timing_correction" in "/work/fmriprep_25_0_wf/sub_01_wf/bold_task_rsvp_run_5_wf/bold_native_wf/bold_stc_wf/slice_timing_correction".
250917-06:10:30,70 nipype.workflow INFO:
	 [Node] Setting-up "fmriprep_25_0_wf.sub_01_wf.bold_task_rsvp_run_2_wf.bold_native_wf.bold_stc_wf.slice_timing_correction" in "/work/fmriprep_25_0_wf/sub_01_wf/bold_task_rsvp_run_2_wf/bold_native_wf/bold_stc_wf/slice_timing_correction".
250917-06:10:30,89 nipype.workflow INFO:
	 [Node] Setting-up "fmriprep_25_0_wf.sub_01_wf.bold_task_rsvp_run_6_wf.bold_native_wf.bold_stc_wf.slice_timing_correction" in "/work/fmriprep_25_0_wf/sub_01_wf/bold_task_rsvp_run_6_wf/bold_native_wf/bold_stc_wf/slice_timing_correction".
250917-06:10:30,94 nipype.workflow INFO:
	 [Node] Executing "slice_timing_correction" <fmriprep.workflows.bold.stc.TShift>
250917-06:10:30,102 nipype.workflow INFO:
	 [Node] Executing "slice_timing_correction" <fmriprep.workflows.bold.stc.TShift>
250917-06:10:30,119 nipype.workflow INFO:
	 [Node] Setting-up "fmriprep_25_0_wf.sub_01_wf.bold_task_rsvp_run_4_wf.bold_native_wf.bold_stc_wf.slice_timing_correction" in "/work/fmriprep_25_0_wf/sub_01_wf/bold_task_rsvp_run_4_wf/bold_native_wf/bold_stc_wf/slice_timing_correction".
250917-06:10:30,120 nipype.workflow INFO:
	 [Node] Executing "slice_timing_correction" <fmriprep.workflows.bold.stc.TShift>
250917-06:10:30,152 nipype.workflow INFO:
	 [Node] Executing "slice_timing_correction" <fmriprep.workflows.bold.stc.TShift>
250917-06:10:46,264 nipype.workflow INFO:
	 [Node] Finished "slice_timing_correction", elapsed time 16.374733s.
250917-06:10:46,328 nipype.workflow INFO:
	 [Node] Finished "slice_timing_correction", elapsed time 16.233739s.
250917-06:10:46,330 nipype.workflow INFO:
	 [Node] Finished "slice_timing_correction", elapsed time 16.209635s.
250917-06:10:46,336 nipype.workflow INFO:
	 [Node] Finished "slice_timing_correction", elapsed time 16.233039s.
250917-06:10:46,337 nipype.workflow INFO:
	 [Node] Finished "slice_timing_correction", elapsed time 16.183975s.
250917-06:10:46,444 nipype.workflow INFO:
	 [Node] Finished "slice_timing_correction", elapsed time 16.504803s.
250917-06:10:46,909 nipype.interface INFO:
	 stderr 2025-09-17T06:10:46.909467:++ Max displacement in automask = 0.22 (mm) at sub-brick 17
250917-06:10:46,909 nipype.interface INFO:
	 stderr 2025-09-17T06:10:46.909467:++ Max delta displ  in automask = 0.29 (mm) at sub-brick 16
250917-06:10:47,948 nipype.workflow INFO:
	 [Node] Setting-up "fmriprep_25_0_wf.sub_01_wf.bold_task_rsvp_run_1_wf.bold_native_wf.bold_stc_wf.copy_xform" in "/work/fmriprep_25_0_wf/sub_01_wf/bold_task_rsvp_run_1_wf/bold_native_wf/bold_stc_wf/copy_xform".
250917-06:10:47,959 nipype.workflow INFO:
	 [Node] Setting-up "fmriprep_25_0_wf.sub_01_wf.bold_task_rsvp_run_2_wf.bold_native_wf.bold_stc_wf.copy_xform" in "/work/fmriprep_25_0_wf/sub_01_wf/bold_task_rsvp_run_2_wf/bold_native_wf/bold_stc_wf/copy_xform".
250917-06:10:47,972 nipype.interface INFO:
	 stderr 2025-09-17T06:10:47.972844:++ Max displacement in automask = 0.12 (mm) at sub-brick 1
250917-06:10:47,973 nipype.interface INFO:
	 stderr 2025-09-17T06:10:47.972844:++ Max delta displ  in automask = 0.18 (mm) at sub-brick 6
250917-06:10:47,986 nipype.workflow INFO:
	 [Node] Setting-up "_denoise0" in "/work/fmriprep_25_0_wf/sub_01_wf/anat_fit_wf/anat_template_wf/denoise/mapflow/_denoise0".
250917-06:10:48,13 nipype.workflow INFO:
	 [Node] Executing "_denoise0" <nipype.interfaces.ants.segmentation.DenoiseImage>
250917-06:10:48,139 nipype.interface INFO:
	 stderr 2025-09-17T06:10:48.139180:++ Max displacement in automask = 0.19 (mm) at sub-brick 17
250917-06:10:48,139 nipype.interface INFO:
	 stderr 2025-09-17T06:10:48.139180:++ Max delta displ  in automask = 0.15 (mm) at sub-brick 7
250917-06:10:48,474 nipype.workflow INFO:
	 [Node] Finished "gen_avg", elapsed time 26.716725s.
250917-06:10:48,981 nipype.interface INFO:
	 stderr 2025-09-17T06:10:48.981336:++ Max displacement in automask = 0.12 (mm) at sub-brick 7
250917-06:10:48,981 nipype.interface INFO:
	 stderr 2025-09-17T06:10:48.981336:++ Max delta displ  in automask = 0.16 (mm) at sub-brick 11
250917-06:10:49,597 nipype.workflow INFO:
	 [Node] Finished "gen_avg", elapsed time 27.314358s.
250917-06:10:49,777 nipype.interface INFO:
	 stderr 2025-09-17T06:10:49.777233:++ Max displacement in automask = 0.12 (mm) at sub-brick 18
250917-06:10:49,777 nipype.interface INFO:
	 stderr 2025-09-17T06:10:49.777233:++ Max delta displ  in automask = 0.14 (mm) at sub-brick 6
250917-06:10:49,860 nipype.workflow INFO:
	 [Node] Finished "gen_avg", elapsed time 27.064641s.
250917-06:10:49,895 nipype.interface INFO:
	 stderr 2025-09-17T06:10:49.895084:++ Max displacement in automask = 0.15 (mm) at sub-brick 13
250917-06:10:49,895 nipype.interface INFO:
	 stderr 2025-09-17T06:10:49.895084:++ Max delta displ  in automask = 0.19 (mm) at sub-brick 11
250917-06:10:49,964 nipype.workflow INFO:
	 [Node] Setting-up "fmriprep_25_0_wf.sub_01_wf.bold_task_rsvp_run_1_wf.bold_fit_wf.fmapref_buffer" in "/work/fmriprep_25_0_wf/sub_01_wf/bold_task_rsvp_run_1_wf/bold_fit_wf/fmapref_buffer".
250917-06:10:49,991 nipype.workflow INFO:
	 [Node] Executing "fmapref_buffer" <nipype.interfaces.utility.wrappers.Function>
250917-06:10:49,993 nipype.workflow INFO:
	 [Node] Finished "fmapref_buffer", elapsed time 0.00098s.
250917-06:10:50,36 nipype.interface WARNING:
	 Changing /out/sub-01/func/sub-01_task-rsvp_run-1_desc-hmc_boldref.nii.gz dtype from int16 to float32
250917-06:10:50,69 nipype.workflow INFO:
	 [Node] Executing "copy_xform" <niworkflows.interfaces.header.CopyXForm>
250917-06:10:50,379 nipype.workflow INFO:
	 [Node] Executing "copy_xform" <niworkflows.interfaces.header.CopyXForm>
250917-06:10:50,546 nipype.workflow INFO:
	 [Node] Setting-up "fmriprep_25_0_wf.sub_01_wf.bold_task_rsvp_run_1_wf.bold_fit_wf.bold_hmc_wf.mcflirt" in "/work/fmriprep_25_0_wf/sub_01_wf/bold_task_rsvp_run_1_wf/bold_fit_wf/bold_hmc_wf/mcflirt".
250917-06:10:51,199 nipype.workflow INFO:
	 [Node] Finished "gen_avg", elapsed time 27.818773s.
250917-06:10:51,550 nipype.workflow INFO:
	 [Node] Executing "mcflirt" <nipype.interfaces.fsl.preprocess.MCFLIRT>
250917-06:10:51,937 nipype.workflow INFO:
	 [Node] Setting-up "fmriprep_25_0_wf.sub_01_wf.bold_task_rsvp_run_2_wf.bold_fit_wf.fmapref_buffer" in "/work/fmriprep_25_0_wf/sub_01_wf/bold_task_rsvp_run_2_wf/bold_fit_wf/fmapref_buffer".
250917-06:10:51,978 nipype.workflow INFO:
	 [Node] Executing "fmapref_buffer" <nipype.interfaces.utility.wrappers.Function>
250917-06:10:51,980 nipype.workflow INFO:
	 [Node] Finished "fmapref_buffer", elapsed time 0.000992s.
250917-06:10:51,999 nipype.interface WARNING:
	 Changing /out/sub-01/func/sub-01_task-rsvp_run-2_desc-hmc_boldref.nii.gz dtype from int16 to float32
250917-06:10:52,37 nipype.workflow INFO:
	 [Node] Finished "gen_avg", elapsed time 28.101867s.
250917-06:10:52,48 nipype.workflow INFO:
	 [Node] Finished "gen_avg", elapsed time 27.376934s.
250917-06:10:52,314 nipype.workflow INFO:
	 [Node] Setting-up "fmriprep_25_0_wf.sub_01_wf.bold_task_rsvp_run_2_wf.bold_fit_wf.bold_hmc_wf.mcflirt" in "/work/fmriprep_25_0_wf/sub_01_wf/bold_task_rsvp_run_2_wf/bold_fit_wf/bold_hmc_wf/mcflirt".
250917-06:10:52,315 nipype.workflow INFO:
	 [Node] Setting-up "fmriprep_25_0_wf.sub_01_wf.bold_task_rsvp_run_3_wf.bold_fit_wf.fmapref_buffer" in "/work/fmriprep_25_0_wf/sub_01_wf/bold_task_rsvp_run_3_wf/bold_fit_wf/fmapref_buffer".
250917-06:10:52,351 nipype.workflow INFO:
	 [Node] Executing "fmapref_buffer" <nipype.interfaces.utility.wrappers.Function>
250917-06:10:52,353 nipype.workflow INFO:
	 [Node] Finished "fmapref_buffer", elapsed time 0.000936s.
250917-06:10:52,365 nipype.workflow INFO:
	 [Node] Executing "mcflirt" <nipype.interfaces.fsl.preprocess.MCFLIRT>
250917-06:10:53,956 nipype.interface WARNING:
	 Changing /out/sub-01/func/sub-01_task-rsvp_run-3_desc-hmc_boldref.nii.gz dtype from int16 to float32
250917-06:10:54,237 nipype.workflow INFO:
	 [Node] Setting-up "fmriprep_25_0_wf.sub_01_wf.bold_task_rsvp_run_3_wf.bold_fit_wf.bold_hmc_wf.mcflirt" in "/work/fmriprep_25_0_wf/sub_01_wf/bold_task_rsvp_run_3_wf/bold_fit_wf/bold_hmc_wf/mcflirt".
250917-06:10:54,238 nipype.workflow INFO:
	 [Node] Setting-up "fmriprep_25_0_wf.sub_01_wf.bold_task_rsvp_run_4_wf.bold_fit_wf.fmapref_buffer" in "/work/fmriprep_25_0_wf/sub_01_wf/bold_task_rsvp_run_4_wf/bold_fit_wf/fmapref_buffer".
250917-06:10:54,270 nipype.workflow INFO:
	 [Node] Executing "mcflirt" <nipype.interfaces.fsl.preprocess.MCFLIRT>
250917-06:10:54,274 nipype.workflow INFO:
	 [Node] Executing "fmapref_buffer" <nipype.interfaces.utility.wrappers.Function>
250917-06:10:54,275 nipype.workflow INFO:
	 [Node] Finished "fmapref_buffer", elapsed time 0.000686s.
250917-06:10:54,286 nipype.interface WARNING:
	 Changing /out/sub-01/func/sub-01_task-rsvp_run-4_desc-hmc_boldref.nii.gz dtype from int16 to float32
250917-06:10:54,588 nipype.workflow INFO:
	 [Node] Setting-up "fmriprep_25_0_wf.sub_01_wf.bold_task_rsvp_run_5_wf.bold_fit_wf.fmapref_buffer" in "/work/fmriprep_25_0_wf/sub_01_wf/bold_task_rsvp_run_5_wf/bold_fit_wf/fmapref_buffer".
250917-06:10:54,614 nipype.workflow INFO:
	 [Node] Executing "fmapref_buffer" <nipype.interfaces.utility.wrappers.Function>
250917-06:10:54,616 nipype.workflow INFO:
	 [Node] Finished "fmapref_buffer", elapsed time 0.001063s.
250917-06:10:54,660 nipype.workflow INFO:
	 [Node] Setting-up "fmriprep_25_0_wf.sub_01_wf.bold_task_rsvp_run_4_wf.bold_fit_wf.bold_hmc_wf.mcflirt" in "/work/fmriprep_25_0_wf/sub_01_wf/bold_task_rsvp_run_4_wf/bold_fit_wf/bold_hmc_wf/mcflirt".
250917-06:10:54,690 nipype.workflow INFO:
	 [Node] Executing "mcflirt" <nipype.interfaces.fsl.preprocess.MCFLIRT>
250917-06:10:56,561 nipype.workflow INFO:
	 [Node] Finished "copy_xform", elapsed time 6.490712s.
250917-06:10:56,578 nipype.workflow INFO:
	 [Node] Finished "copy_xform", elapsed time 6.197115s.
250917-06:10:56,597 nipype.interface WARNING:
	 Changing /out/sub-01/func/sub-01_task-rsvp_run-5_desc-hmc_boldref.nii.gz dtype from int16 to float32
250917-06:10:56,916 nipype.workflow INFO:
	 [Node] Setting-up "fmriprep_25_0_wf.sub_01_wf.bold_task_rsvp_run_6_wf.bold_fit_wf.fmapref_buffer" in "/work/fmriprep_25_0_wf/sub_01_wf/bold_task_rsvp_run_6_wf/bold_fit_wf/fmapref_buffer".
250917-06:10:56,942 nipype.workflow INFO:
	 [Node] Executing "fmapref_buffer" <nipype.interfaces.utility.wrappers.Function>
250917-06:10:56,943 nipype.workflow INFO:
	 [Node] Finished "fmapref_buffer", elapsed time 0.000604s.
250917-06:10:56,989 nipype.workflow INFO:
	 [Node] Setting-up "fmriprep_25_0_wf.sub_01_wf.bold_task_rsvp_run_5_wf.bold_fit_wf.bold_hmc_wf.mcflirt" in "/work/fmriprep_25_0_wf/sub_01_wf/bold_task_rsvp_run_5_wf/bold_fit_wf/bold_hmc_wf/mcflirt".
250917-06:10:57,19 nipype.workflow INFO:
	 [Node] Executing "mcflirt" <nipype.interfaces.fsl.preprocess.MCFLIRT>
250917-06:10:57,967 nipype.interface WARNING:
	 Changing /out/sub-01/func/sub-01_task-rsvp_run-6_desc-hmc_boldref.nii.gz dtype from int16 to float32
250917-06:10:58,255 nipype.workflow INFO:
	 [Node] Setting-up "fmriprep_25_0_wf.sub_01_wf.bold_task_rsvp_run_1_wf.bold_fit_wf.ds_coreg_boldref_wf.sources" in "/work/fmriprep_25_0_wf/sub_01_wf/bold_task_rsvp_run_1_wf/bold_fit_wf/ds_coreg_boldref_wf/sources".
250917-06:10:58,256 nipype.workflow INFO:
	 [Node] Setting-up "fmriprep_25_0_wf.sub_01_wf.bold_task_rsvp_run_2_wf.bold_fit_wf.ds_coreg_boldref_wf.sources" in "/work/fmriprep_25_0_wf/sub_01_wf/bold_task_rsvp_run_2_wf/bold_fit_wf/ds_coreg_boldref_wf/sources".
250917-06:10:58,284 nipype.workflow INFO:
	 [Node] Executing "sources" <fmriprep.interfaces.bids.BIDSURI>
250917-06:10:58,285 nipype.workflow INFO:
	 [Node] Finished "sources", elapsed time 0.000548s.
250917-06:10:58,289 nipype.workflow INFO:
	 [Node] Executing "sources" <fmriprep.interfaces.bids.BIDSURI>
250917-06:10:58,292 nipype.workflow INFO:
	 [Node] Finished "sources", elapsed time 0.001036s.
250917-06:10:58,332 nipype.workflow INFO:
	 [Node] Setting-up "fmriprep_25_0_wf.sub_01_wf.bold_task_rsvp_run_6_wf.bold_fit_wf.bold_hmc_wf.mcflirt" in "/work/fmriprep_25_0_wf/sub_01_wf/bold_task_rsvp_run_6_wf/bold_fit_wf/bold_hmc_wf/mcflirt".
250917-06:10:58,360 nipype.workflow INFO:
	 [Node] Executing "mcflirt" <nipype.interfaces.fsl.preprocess.MCFLIRT>
250917-06:10:59,910 nipype.workflow INFO:
	 [Node] Setting-up "fmriprep_25_0_wf.sub_01_wf.bold_task_rsvp_run_3_wf.bold_fit_wf.ds_coreg_boldref_wf.sources" in "/work/fmriprep_25_0_wf/sub_01_wf/bold_task_rsvp_run_3_wf/bold_fit_wf/ds_coreg_boldref_wf/sources".
250917-06:10:59,912 nipype.workflow INFO:
	 [Node] Setting-up "fmriprep_25_0_wf.sub_01_wf.bold_task_rsvp_run_3_wf.bold_native_wf.bold_stc_wf.copy_xform" in "/work/fmriprep_25_0_wf/sub_01_wf/bold_task_rsvp_run_3_wf/bold_native_wf/bold_stc_wf/copy_xform".
250917-06:10:59,936 nipype.workflow INFO:
	 [Node] Executing "copy_xform" <niworkflows.interfaces.header.CopyXForm>
250917-06:10:59,938 nipype.workflow INFO:
	 [Node] Executing "sources" <fmriprep.interfaces.bids.BIDSURI>
250917-06:10:59,939 nipype.workflow INFO:
	 [Node] Finished "sources", elapsed time 0.000546s.
250917-06:11:01,910 nipype.workflow INFO:
	 [Node] Setting-up "fmriprep_25_0_wf.sub_01_wf.bold_task_rsvp_run_4_wf.bold_fit_wf.ds_coreg_boldref_wf.sources" in "/work/fmriprep_25_0_wf/sub_01_wf/bold_task_rsvp_run_4_wf/bold_fit_wf/ds_coreg_boldref_wf/sources".
250917-06:11:01,944 nipype.workflow INFO:
	 [Node] Executing "sources" <fmriprep.interfaces.bids.BIDSURI>
250917-06:11:01,947 nipype.workflow INFO:
	 [Node] Finished "sources", elapsed time 0.001185s.
250917-06:11:03,914 nipype.workflow INFO:
	 [Node] Setting-up "fmriprep_25_0_wf.sub_01_wf.bold_task_rsvp_run_4_wf.bold_native_wf.bold_stc_wf.copy_xform" in "/work/fmriprep_25_0_wf/sub_01_wf/bold_task_rsvp_run_4_wf/bold_native_wf/bold_stc_wf/copy_xform".
250917-06:11:05,526 nipype.workflow INFO:
	 [Node] Finished "copy_xform", elapsed time 5.58884s.
250917-06:11:05,920 nipype.workflow INFO:
	 [Node] Setting-up "fmriprep_25_0_wf.sub_01_wf.bold_task_rsvp_run_5_wf.bold_fit_wf.ds_coreg_boldref_wf.sources" in "/work/fmriprep_25_0_wf/sub_01_wf/bold_task_rsvp_run_5_wf/bold_fit_wf/ds_coreg_boldref_wf/sources".
250917-06:11:05,957 nipype.workflow INFO:
	 [Node] Executing "sources" <fmriprep.interfaces.bids.BIDSURI>
250917-06:11:05,958 nipype.workflow INFO:
	 [Node] Finished "sources", elapsed time 0.000576s.
250917-06:11:06,215 nipype.workflow INFO:
	 [Node] Executing "copy_xform" <niworkflows.interfaces.header.CopyXForm>
250917-06:11:07,929 nipype.workflow INFO:
	 [Node] Setting-up "fmriprep_25_0_wf.sub_01_wf.bold_task_rsvp_run_5_wf.bold_native_wf.bold_stc_wf.copy_xform" in "/work/fmriprep_25_0_wf/sub_01_wf/bold_task_rsvp_run_5_wf/bold_native_wf/bold_stc_wf/copy_xform".
250917-06:11:07,963 nipype.workflow INFO:
	 [Node] Executing "copy_xform" <niworkflows.interfaces.header.CopyXForm>
250917-06:11:11,597 nipype.workflow INFO:
	 [Node] Finished "copy_xform", elapsed time 5.380437s.
250917-06:11:11,904 nipype.workflow INFO:
	 [Node] Setting-up "fmriprep_25_0_wf.sub_01_wf.bold_task_rsvp_run_6_wf.bold_fit_wf.ds_coreg_boldref_wf.sources" in "/work/fmriprep_25_0_wf/sub_01_wf/bold_task_rsvp_run_6_wf/bold_fit_wf/ds_coreg_boldref_wf/sources".
250917-06:11:11,945 nipype.workflow INFO:
	 [Node] Executing "sources" <fmriprep.interfaces.bids.BIDSURI>
250917-06:11:11,947 nipype.workflow INFO:
	 [Node] Finished "sources", elapsed time 0.0007s.
250917-06:11:13,452 nipype.workflow INFO:
	 [Node] Finished "copy_xform", elapsed time 5.488149s.
250917-06:11:13,918 nipype.workflow INFO:
	 [Node] Setting-up "fmriprep_25_0_wf.sub_01_wf.bold_task_rsvp_run_6_wf.bold_native_wf.bold_stc_wf.copy_xform" in "/work/fmriprep_25_0_wf/sub_01_wf/bold_task_rsvp_run_6_wf/bold_native_wf/bold_stc_wf/copy_xform".
250917-06:11:13,945 nipype.workflow INFO:
	 [Node] Executing "copy_xform" <niworkflows.interfaces.header.CopyXForm>
250917-06:11:19,629 nipype.workflow INFO:
	 [Node] Finished "copy_xform", elapsed time 5.682093s.
250917-06:11:20,196 nipype.workflow INFO:
	 [Node] Finished "mcflirt", elapsed time 27.828691s.
250917-06:11:20,516 nipype.workflow INFO:
	 [Node] Finished "mcflirt", elapsed time 28.964408s.
250917-06:11:22,999 nipype.workflow INFO:
	 [Node] Finished "mcflirt", elapsed time 28.307698s.
250917-06:11:23,204 nipype.workflow INFO:
	 [Node] Finished "mcflirt", elapsed time 28.93263s.
250917-06:11:25,374 nipype.workflow INFO:
	 [Node] Finished "mcflirt", elapsed time 28.354085s.
250917-06:11:27,467 nipype.workflow INFO:
	 [Node] Finished "mcflirt", elapsed time 29.105101s.
250917-06:11:29,233 nipype.workflow INFO:
	 [Node] Setting-up "fmriprep_25_0_wf.sub_01_wf.bold_task_rsvp_run_1_wf.bold_fit_wf.enhance_and_skullstrip_bold_wf.init_aff" in "/work/fmriprep_25_0_wf/sub_01_wf/bold_task_rsvp_run_1_wf/bold_fit_wf/enhance_and_skullstrip_bold_wf/init_aff".
250917-06:11:29,261 nipype.workflow INFO:
	 [Node] Executing "init_aff" <nipype.interfaces.ants.utils.AI>
250917-06:11:49,272 nipype.workflow INFO:
	 [Node] Finished "init_aff", elapsed time 19.769008s.
250917-06:11:51,332 nipype.workflow INFO:
	 [Node] Setting-up "fmriprep_25_0_wf.sub_01_wf.bold_task_rsvp_run_1_wf.bold_fit_wf.bold_hmc_wf.fsl2itk" in "/work/fmriprep_25_0_wf/sub_01_wf/bold_task_rsvp_run_1_wf/bold_fit_wf/bold_hmc_wf/fsl2itk".
250917-06:11:51,554 nipype.workflow INFO:
	 [Node] Executing "fsl2itk" <niworkflows.interfaces.itk.MCFLIRT2ITK>
250917-06:11:51,555 nipype.interface WARNING:
	 Multithreading is deprecated. Remove the num_threads input.
250917-06:11:52,136 nipype.workflow INFO:
	 [Node] Finished "fsl2itk", elapsed time 0.581421s.
250917-06:11:53,224 nipype.workflow INFO:
	 [Node] Setting-up "fmriprep_25_0_wf.sub_01_wf.bold_task_rsvp_run_2_wf.bold_fit_wf.enhance_and_skullstrip_bold_wf.init_aff" in "/work/fmriprep_25_0_wf/sub_01_wf/bold_task_rsvp_run_2_wf/bold_fit_wf/enhance_and_skullstrip_bold_wf/init_aff".
250917-06:11:53,256 nipype.workflow INFO:
	 [Node] Executing "init_aff" <nipype.interfaces.ants.utils.AI>
250917-06:12:13,674 nipype.workflow INFO:
	 [Node] Finished "init_aff", elapsed time 20.160318s.
250917-06:12:15,198 nipype.workflow INFO:
	 [Node] Setting-up "fmriprep_25_0_wf.sub_01_wf.bold_task_rsvp_run_2_wf.bold_fit_wf.bold_hmc_wf.fsl2itk" in "/work/fmriprep_25_0_wf/sub_01_wf/bold_task_rsvp_run_2_wf/bold_fit_wf/bold_hmc_wf/fsl2itk".
250917-06:12:15,349 nipype.workflow INFO:
	 [Node] Executing "fsl2itk" <niworkflows.interfaces.itk.MCFLIRT2ITK>
250917-06:12:15,350 nipype.interface WARNING:
	 Multithreading is deprecated. Remove the num_threads input.
250917-06:12:15,930 nipype.workflow INFO:
	 [Node] Finished "fsl2itk", elapsed time 0.580356s.
250917-06:12:17,210 nipype.workflow INFO:
	 [Node] Setting-up "fmriprep_25_0_wf.sub_01_wf.bold_task_rsvp_run_3_wf.bold_fit_wf.enhance_and_skullstrip_bold_wf.init_aff" in "/work/fmriprep_25_0_wf/sub_01_wf/bold_task_rsvp_run_3_wf/bold_fit_wf/enhance_and_skullstrip_bold_wf/init_aff".
250917-06:12:17,247 nipype.workflow INFO:
	 [Node] Executing "init_aff" <nipype.interfaces.ants.utils.AI>
250917-06:12:37,356 nipype.workflow INFO:
	 [Node] Finished "init_aff", elapsed time 19.86811s.
250917-06:12:39,220 nipype.workflow INFO:
	 [Node] Setting-up "fmriprep_25_0_wf.sub_01_wf.bold_task_rsvp_run_3_wf.bold_fit_wf.bold_hmc_wf.fsl2itk" in "/work/fmriprep_25_0_wf/sub_01_wf/bold_task_rsvp_run_3_wf/bold_fit_wf/bold_hmc_wf/fsl2itk".
250917-06:12:39,378 nipype.workflow INFO:
	 [Node] Executing "fsl2itk" <niworkflows.interfaces.itk.MCFLIRT2ITK>
250917-06:12:39,380 nipype.interface WARNING:
	 Multithreading is deprecated. Remove the num_threads input.
250917-06:12:39,935 nipype.workflow INFO:
	 [Node] Finished "fsl2itk", elapsed time 0.555149s.
250917-06:12:41,484 nipype.workflow INFO:
	 [Node] Setting-up "fmriprep_25_0_wf.sub_01_wf.bold_task_rsvp_run_4_wf.bold_fit_wf.enhance_and_skullstrip_bold_wf.init_aff" in "/work/fmriprep_25_0_wf/sub_01_wf/bold_task_rsvp_run_4_wf/bold_fit_wf/enhance_and_skullstrip_bold_wf/init_aff".
250917-06:12:41,515 nipype.workflow INFO:
	 [Node] Executing "init_aff" <nipype.interfaces.ants.utils.AI>
250917-06:13:00,549 nipype.workflow INFO:
	 [Node] Finished "init_aff", elapsed time 18.769976s.
250917-06:13:01,208 nipype.workflow INFO:
	 [Node] Setting-up "fmriprep_25_0_wf.sub_01_wf.bold_task_rsvp_run_4_wf.bold_fit_wf.bold_hmc_wf.fsl2itk" in "/work/fmriprep_25_0_wf/sub_01_wf/bold_task_rsvp_run_4_wf/bold_fit_wf/bold_hmc_wf/fsl2itk".
250917-06:13:01,359 nipype.workflow INFO:
	 [Node] Executing "fsl2itk" <niworkflows.interfaces.itk.MCFLIRT2ITK>
250917-06:13:01,360 nipype.interface WARNING:
	 Multithreading is deprecated. Remove the num_threads input.
250917-06:13:01,910 nipype.workflow INFO:
	 [Node] Finished "fsl2itk", elapsed time 0.550266s.
250917-06:13:03,205 nipype.workflow INFO:
	 [Node] Setting-up "fmriprep_25_0_wf.sub_01_wf.bold_task_rsvp_run_5_wf.bold_fit_wf.enhance_and_skullstrip_bold_wf.init_aff" in "/work/fmriprep_25_0_wf/sub_01_wf/bold_task_rsvp_run_5_wf/bold_fit_wf/enhance_and_skullstrip_bold_wf/init_aff".
250917-06:13:03,239 nipype.workflow INFO:
	 [Node] Executing "init_aff" <nipype.interfaces.ants.utils.AI>
250917-06:13:22,710 nipype.workflow INFO:
	 [Node] Finished "init_aff", elapsed time 19.222895s.
250917-06:13:23,231 nipype.workflow INFO:
	 [Node] Setting-up "fmriprep_25_0_wf.sub_01_wf.bold_task_rsvp_run_5_wf.bold_fit_wf.bold_hmc_wf.fsl2itk" in "/work/fmriprep_25_0_wf/sub_01_wf/bold_task_rsvp_run_5_wf/bold_fit_wf/bold_hmc_wf/fsl2itk".
250917-06:13:23,382 nipype.workflow INFO:
	 [Node] Executing "fsl2itk" <niworkflows.interfaces.itk.MCFLIRT2ITK>
250917-06:13:23,383 nipype.interface WARNING:
	 Multithreading is deprecated. Remove the num_threads input.
250917-06:13:23,879 nipype.workflow INFO:
	 [Node] Finished "fsl2itk", elapsed time 0.496186s.
250917-06:13:25,219 nipype.workflow INFO:
	 [Node] Setting-up "fmriprep_25_0_wf.sub_01_wf.bold_task_rsvp_run_6_wf.bold_fit_wf.enhance_and_skullstrip_bold_wf.init_aff" in "/work/fmriprep_25_0_wf/sub_01_wf/bold_task_rsvp_run_6_wf/bold_fit_wf/enhance_and_skullstrip_bold_wf/init_aff".
250917-06:13:25,251 nipype.workflow INFO:
	 [Node] Executing "init_aff" <nipype.interfaces.ants.utils.AI>
250917-06:13:44,406 nipype.workflow INFO:
	 [Node] Finished "init_aff", elapsed time 18.912274s.
250917-06:13:45,324 nipype.workflow INFO:
	 [Node] Setting-up "fmriprep_25_0_wf.sub_01_wf.bold_task_rsvp_run_6_wf.bold_fit_wf.bold_hmc_wf.fsl2itk" in "/work/fmriprep_25_0_wf/sub_01_wf/bold_task_rsvp_run_6_wf/bold_fit_wf/bold_hmc_wf/fsl2itk".
250917-06:13:45,461 nipype.workflow INFO:
	 [Node] Executing "fsl2itk" <niworkflows.interfaces.itk.MCFLIRT2ITK>
250917-06:13:45,463 nipype.interface WARNING:
	 Multithreading is deprecated. Remove the num_threads input.
250917-06:13:46,41 nipype.workflow INFO:
	 [Node] Finished "fsl2itk", elapsed time 0.579052s.
250917-06:13:47,205 nipype.workflow INFO:
	 [Node] Setting-up "fmriprep_25_0_wf.sub_01_wf.fmap_preproc_wf.wf_auto_00000.magnitude_wf.brainextraction_wf.n4" in "/work/fmriprep_25_0_wf/sub_01_wf/fmap_preproc_wf/wf_auto_00000/magnitude_wf/brainextraction_wf/n4".
250917-06:13:47,238 nipype.workflow INFO:
	 [Node] Executing "n4" <nipype.interfaces.ants.segmentation.N4BiasFieldCorrection>
250917-06:13:49,460 nipype.workflow INFO:
	 [Node] Finished "n4", elapsed time 1.9763540000000002s.
250917-06:13:51,253 nipype.workflow INFO:
	 [Node] Setting-up "fmriprep_25_0_wf.sub_01_wf.bold_task_rsvp_run_1_wf.bold_fit_wf.enhance_and_skullstrip_bold_wf.norm" in "/work/fmriprep_25_0_wf/sub_01_wf/bold_task_rsvp_run_1_wf/bold_fit_wf/enhance_and_skullstrip_bold_wf/norm".
250917-06:13:51,283 nipype.workflow INFO:
	 [Node] Executing "norm" <niworkflows.interfaces.fixes.FixHeaderRegistration>
250917-06:13:52,242 nipype.workflow INFO:
	 [Node] Finished "norm", elapsed time 0.745616s.
250917-06:13:53,559 nipype.workflow INFO:
	 [Node] Setting-up "fmriprep_25_0_wf.sub_01_wf.bold_task_rsvp_run_2_wf.bold_fit_wf.enhance_and_skullstrip_bold_wf.norm" in "/work/fmriprep_25_0_wf/sub_01_wf/bold_task_rsvp_run_2_wf/bold_fit_wf/enhance_and_skullstrip_bold_wf/norm".
250917-06:13:53,588 nipype.workflow INFO:
	 [Node] Executing "norm" <niworkflows.interfaces.fixes.FixHeaderRegistration>
250917-06:13:54,469 nipype.workflow INFO:
	 [Node] Finished "norm", elapsed time 0.665351s.
250917-06:13:55,468 nipype.workflow INFO:
	 [Node] Setting-up "fmriprep_25_0_wf.sub_01_wf.bold_task_rsvp_run_3_wf.bold_fit_wf.enhance_and_skullstrip_bold_wf.norm" in "/work/fmriprep_25_0_wf/sub_01_wf/bold_task_rsvp_run_3_wf/bold_fit_wf/enhance_and_skullstrip_bold_wf/norm".
250917-06:13:55,506 nipype.workflow INFO:
	 [Node] Executing "norm" <niworkflows.interfaces.fixes.FixHeaderRegistration>
250917-06:13:56,151 nipype.workflow INFO:
	 [Node] Finished "norm", elapsed time 0.643897s.
250917-06:13:57,501 nipype.workflow INFO:
	 [Node] Setting-up "fmriprep_25_0_wf.sub_01_wf.bold_task_rsvp_run_4_wf.bold_fit_wf.enhance_and_skullstrip_bold_wf.norm" in "/work/fmriprep_25_0_wf/sub_01_wf/bold_task_rsvp_run_4_wf/bold_fit_wf/enhance_and_skullstrip_bold_wf/norm".
250917-06:13:57,525 nipype.workflow INFO:
	 [Node] Executing "norm" <niworkflows.interfaces.fixes.FixHeaderRegistration>
250917-06:13:58,532 nipype.workflow INFO:
	 [Node] Finished "norm", elapsed time 0.76381s.
250917-06:13:59,501 nipype.workflow INFO:
	 [Node] Setting-up "fmriprep_25_0_wf.sub_01_wf.bold_task_rsvp_run_5_wf.bold_fit_wf.enhance_and_skullstrip_bold_wf.norm" in "/work/fmriprep_25_0_wf/sub_01_wf/bold_task_rsvp_run_5_wf/bold_fit_wf/enhance_and_skullstrip_bold_wf/norm".
250917-06:13:59,538 nipype.workflow INFO:
	 [Node] Executing "norm" <niworkflows.interfaces.fixes.FixHeaderRegistration>
250917-06:14:00,274 nipype.workflow INFO:
	 [Node] Finished "norm", elapsed time 0.734827s.
250917-06:14:01,492 nipype.workflow INFO:
	 [Node] Setting-up "fmriprep_25_0_wf.sub_01_wf.bold_task_rsvp_run_6_wf.bold_fit_wf.enhance_and_skullstrip_bold_wf.norm" in "/work/fmriprep_25_0_wf/sub_01_wf/bold_task_rsvp_run_6_wf/bold_fit_wf/enhance_and_skullstrip_bold_wf/norm".
250917-06:14:01,528 nipype.workflow INFO:
	 [Node] Executing "norm" <niworkflows.interfaces.fixes.FixHeaderRegistration>
250917-06:14:02,651 nipype.workflow INFO:
	 [Node] Finished "norm", elapsed time 0.852884s.
250917-06:14:03,483 nipype.workflow INFO:
	 [Node] Setting-up "fmriprep_25_0_wf.sub_01_wf.bold_task_rsvp_run_1_wf.bold_fit_wf.enhance_and_skullstrip_bold_wf.map_brainmask" in "/work/fmriprep_25_0_wf/sub_01_wf/bold_task_rsvp_run_1_wf/bold_fit_wf/enhance_and_skullstrip_bold_wf/map_brainmask".
250917-06:14:03,484 nipype.workflow INFO:
	 [Node] Setting-up "fmriprep_25_0_wf.sub_01_wf.bold_task_rsvp_run_1_wf.bold_confounds_wf.rmsd" in "/work/fmriprep_25_0_wf/sub_01_wf/bold_task_rsvp_run_1_wf/bold_confounds_wf/rmsd".
250917-06:14:03,486 nipype.workflow INFO:
	 [Node] Setting-up "fmriprep_25_0_wf.sub_01_wf.bold_task_rsvp_run_2_wf.bold_fit_wf.enhance_and_skullstrip_bold_wf.map_brainmask" in "/work/fmriprep_25_0_wf/sub_01_wf/bold_task_rsvp_run_2_wf/bold_fit_wf/enhance_and_skullstrip_bold_wf/map_brainmask".
250917-06:14:03,486 nipype.workflow INFO:
	 [Node] Setting-up "fmriprep_25_0_wf.sub_01_wf.bold_task_rsvp_run_2_wf.bold_confounds_wf.motion_params" in "/work/fmriprep_25_0_wf/sub_01_wf/bold_task_rsvp_run_2_wf/bold_confounds_wf/motion_params".
250917-06:14:03,487 nipype.workflow INFO:
	 [Node] Setting-up "fmriprep_25_0_wf.sub_01_wf.bold_task_rsvp_run_2_wf.bold_confounds_wf.rmsd" in "/work/fmriprep_25_0_wf/sub_01_wf/bold_task_rsvp_run_2_wf/bold_confounds_wf/rmsd".
250917-06:14:03,487 nipype.workflow INFO:
	 [Node] Setting-up "fmriprep_25_0_wf.sub_01_wf.bold_task_rsvp_run_3_wf.bold_fit_wf.enhance_and_skullstrip_bold_wf.map_brainmask" in "/work/fmriprep_25_0_wf/sub_01_wf/bold_task_rsvp_run_3_wf/bold_fit_wf/enhance_and_skullstrip_bold_wf/map_brainmask".
250917-06:14:03,494 nipype.workflow INFO:
	 [Node] Setting-up "fmriprep_25_0_wf.sub_01_wf.fmap_preproc_wf.wf_auto_00000.magnitude_wf.brainextraction_wf.clipper_post" in "/work/fmriprep_25_0_wf/sub_01_wf/fmap_preproc_wf/wf_auto_00000/magnitude_wf/brainextraction_wf/clipper_post".
250917-06:14:03,514 nipype.workflow INFO:
	 [Node] Executing "map_brainmask" <niworkflows.interfaces.fixes.FixHeaderApplyTransforms>
250917-06:14:03,515 nipype.workflow INFO:
	 [Node] Executing "map_brainmask" <niworkflows.interfaces.fixes.FixHeaderApplyTransforms>
250917-06:14:03,518 nipype.workflow INFO:
	 [Node] Executing "rmsd" <fmriprep.interfaces.confounds.FSLRMSDeviation>
250917-06:14:03,518 nipype.workflow INFO:
	 [Node] Executing "map_brainmask" <niworkflows.interfaces.fixes.FixHeaderApplyTransforms>
250917-06:14:03,520 nipype.workflow INFO:
	 [Node] Executing "rmsd" <fmriprep.interfaces.confounds.FSLRMSDeviation>
250917-06:14:03,520 nipype.workflow INFO:
	 [Node] Executing "motion_params" <fmriprep.interfaces.confounds.FSLMotionParams>
250917-06:14:03,520 nipype.workflow INFO:
	 [Node] Executing "clipper_post" <niworkflows.interfaces.nibabel.IntensityClip>
250917-06:14:03,641 nipype.workflow INFO:
	 [Node] Finished "rmsd", elapsed time 0.120549s.
250917-06:14:03,646 nipype.workflow INFO:
	 [Node] Finished "rmsd", elapsed time 0.126852s.
250917-06:14:03,661 nipype.workflow INFO:
	 [Node] Finished "motion_params", elapsed time 0.140245s.
250917-06:14:03,742 nipype.workflow INFO:
	 [Node] Finished "clipper_post", elapsed time 0.220092s.
250917-06:14:04,64 nipype.workflow INFO:
	 [Node] Finished "map_brainmask", elapsed time 0.543948s.
250917-06:14:04,107 nipype.workflow INFO:
	 [Node] Finished "map_brainmask", elapsed time 0.402684s.
250917-06:14:04,262 nipype.workflow INFO:
	 [Node] Finished "map_brainmask", elapsed time 0.453429s.
250917-06:14:04,405 nipype.workflow INFO:
	 [Node] Setting-up "fmriprep_25_0_wf.sub_01_wf.bold_task_rsvp_run_1_wf.bold_confounds_wf.motion_params" in "/work/fmriprep_25_0_wf/sub_01_wf/bold_task_rsvp_run_1_wf/bold_confounds_wf/motion_params".
250917-06:14:04,431 nipype.workflow INFO:
	 [Node] Executing "motion_params" <fmriprep.interfaces.confounds.FSLMotionParams>
250917-06:14:04,571 nipype.workflow INFO:
	 [Node] Finished "motion_params", elapsed time 0.139172s.
250917-06:14:05,219 nipype.workflow INFO:
	 [Node] Setting-up "fmriprep_25_0_wf.sub_01_wf.bold_task_rsvp_run_3_wf.bold_confounds_wf.motion_params" in "/work/fmriprep_25_0_wf/sub_01_wf/bold_task_rsvp_run_3_wf/bold_confounds_wf/motion_params".
250917-06:14:05,221 nipype.workflow INFO:
	 [Node] Setting-up "fmriprep_25_0_wf.sub_01_wf.bold_task_rsvp_run_4_wf.bold_fit_wf.enhance_and_skullstrip_bold_wf.map_brainmask" in "/work/fmriprep_25_0_wf/sub_01_wf/bold_task_rsvp_run_4_wf/bold_fit_wf/enhance_and_skullstrip_bold_wf/map_brainmask".
250917-06:14:05,225 nipype.workflow INFO:
	 [Node] Setting-up "fmriprep_25_0_wf.sub_01_wf.bold_task_rsvp_run_5_wf.bold_fit_wf.enhance_and_skullstrip_bold_wf.map_brainmask" in "/work/fmriprep_25_0_wf/sub_01_wf/bold_task_rsvp_run_5_wf/bold_fit_wf/enhance_and_skullstrip_bold_wf/map_brainmask".
250917-06:14:05,225 nipype.workflow INFO:
	 [Node] Setting-up "fmriprep_25_0_wf.sub_01_wf.bold_task_rsvp_run_5_wf.bold_confounds_wf.motion_params" in "/work/fmriprep_25_0_wf/sub_01_wf/bold_task_rsvp_run_5_wf/bold_confounds_wf/motion_params".
250917-06:14:05,225 nipype.workflow INFO:
	 [Node] Setting-up "fmriprep_25_0_wf.sub_01_wf.bold_task_rsvp_run_5_wf.bold_confounds_wf.rmsd" in "/work/fmriprep_25_0_wf/sub_01_wf/bold_task_rsvp_run_5_wf/bold_confounds_wf/rmsd".
250917-06:14:05,245 nipype.workflow INFO:
	 [Node] Executing "map_brainmask" <niworkflows.interfaces.fixes.FixHeaderApplyTransforms>
250917-06:14:05,249 nipype.workflow INFO:
	 [Node] Executing "motion_params" <fmriprep.interfaces.confounds.FSLMotionParams>
250917-06:14:05,252 nipype.workflow INFO:
	 [Node] Executing "map_brainmask" <niworkflows.interfaces.fixes.FixHeaderApplyTransforms>
250917-06:14:05,254 nipype.workflow INFO:
	 [Node] Executing "motion_params" <fmriprep.interfaces.confounds.FSLMotionParams>
250917-06:14:05,254 nipype.workflow INFO:
	 [Node] Executing "rmsd" <fmriprep.interfaces.confounds.FSLRMSDeviation>
250917-06:14:05,370 nipype.workflow INFO:
	 [Node] Finished "rmsd", elapsed time 0.115075s.
250917-06:14:05,388 nipype.workflow INFO:
	 [Node] Finished "motion_params", elapsed time 0.138966s.
250917-06:14:05,411 nipype.workflow INFO:
	 [Node] Finished "motion_params", elapsed time 0.155178s.
250917-06:14:05,665 nipype.workflow INFO:
	 [Node] Finished "map_brainmask", elapsed time 0.419249s.
250917-06:14:05,724 nipype.workflow INFO:
	 [Node] Finished "map_brainmask", elapsed time 0.470855s.
250917-06:14:06,136 nipype.workflow INFO:
	 [Node] Setting-up "fmriprep_25_0_wf.sub_01_wf.bold_task_rsvp_run_4_wf.bold_confounds_wf.rmsd" in "/work/fmriprep_25_0_wf/sub_01_wf/bold_task_rsvp_run_4_wf/bold_confounds_wf/rmsd".
250917-06:14:06,151 nipype.workflow INFO:
	 [Node] Setting-up "fmriprep_25_0_wf.sub_01_wf.bold_task_rsvp_run_4_wf.bold_confounds_wf.motion_params" in "/work/fmriprep_25_0_wf/sub_01_wf/bold_task_rsvp_run_4_wf/bold_confounds_wf/motion_params".
250917-06:14:06,161 nipype.workflow INFO:
	 [Node] Executing "rmsd" <fmriprep.interfaces.confounds.FSLRMSDeviation>
250917-06:14:06,175 nipype.workflow INFO:
	 [Node] Executing "motion_params" <fmriprep.interfaces.confounds.FSLMotionParams>
250917-06:14:06,184 nipype.workflow INFO:
	 [Node] Setting-up "fmriprep_25_0_wf.sub_01_wf.bold_task_rsvp_run_3_wf.bold_confounds_wf.rmsd" in "/work/fmriprep_25_0_wf/sub_01_wf/bold_task_rsvp_run_3_wf/bold_confounds_wf/rmsd".
250917-06:14:06,209 nipype.workflow INFO:
	 [Node] Executing "rmsd" <fmriprep.interfaces.confounds.FSLRMSDeviation>
250917-06:14:06,276 nipype.workflow INFO:
	 [Node] Finished "rmsd", elapsed time 0.114322s.
250917-06:14:06,309 nipype.workflow INFO:
	 [Node] Finished "motion_params", elapsed time 0.132926s.
250917-06:14:06,333 nipype.workflow INFO:
	 [Node] Finished "rmsd", elapsed time 0.122765s.
250917-06:14:07,215 nipype.workflow INFO:
	 [Node] Setting-up "fmriprep_25_0_wf.sub_01_wf.bold_task_rsvp_run_6_wf.bold_fit_wf.enhance_and_skullstrip_bold_wf.map_brainmask" in "/work/fmriprep_25_0_wf/sub_01_wf/bold_task_rsvp_run_6_wf/bold_fit_wf/enhance_and_skullstrip_bold_wf/map_brainmask".
250917-06:14:07,215 nipype.workflow INFO:
	 [Node] Setting-up "fmriprep_25_0_wf.sub_01_wf.bold_task_rsvp_run_6_wf.bold_confounds_wf.motion_params" in "/work/fmriprep_25_0_wf/sub_01_wf/bold_task_rsvp_run_6_wf/bold_confounds_wf/motion_params".
250917-06:14:07,216 nipype.workflow INFO:
	 [Node] Setting-up "fmriprep_25_0_wf.sub_01_wf.bold_task_rsvp_run_6_wf.bold_confounds_wf.rmsd" in "/work/fmriprep_25_0_wf/sub_01_wf/bold_task_rsvp_run_6_wf/bold_confounds_wf/rmsd".
250917-06:14:07,217 nipype.workflow INFO:
	 [Node] Setting-up "fmriprep_25_0_wf.sub_01_wf.fmap_preproc_wf.out_merge_fmap_ref" in "/work/fmriprep_25_0_wf/sub_01_wf/fmap_preproc_wf/out_merge_fmap_ref".
250917-06:14:07,223 nipype.workflow INFO:
	 [Node] Setting-up "fmriprep_25_0_wf.sub_01_wf.fmap_preproc_wf.wf_auto_00000.magnitude_wf.brainextraction_wf.masker" in "/work/fmriprep_25_0_wf/sub_01_wf/fmap_preproc_wf/wf_auto_00000/magnitude_wf/brainextraction_wf/masker".
250917-06:14:07,235 nipype.workflow INFO:
	 [Node] Setting-up "fmriprep_25_0_wf.sub_01_wf.fmap_preproc_wf.fmap_derivatives_wf_auto_00000.ds_reference" in "/work/fmriprep_25_0_wf/sub_01_wf/fmap_preproc_wf/fmap_derivatives_wf_auto_00000/ds_reference".
250917-06:14:07,244 nipype.workflow INFO:
	 [Node] Executing "map_brainmask" <niworkflows.interfaces.fixes.FixHeaderApplyTransforms>
250917-06:14:07,246 nipype.workflow INFO:
	 [Node] Executing "rmsd" <fmriprep.interfaces.confounds.FSLRMSDeviation>
250917-06:14:07,246 nipype.workflow INFO:
	 [Node] Executing "motion_params" <fmriprep.interfaces.confounds.FSLMotionParams>
250917-06:14:07,266 nipype.workflow INFO:
	 [Node] Executing "out_merge_fmap_ref" <nipype.interfaces.utility.base.Merge>
250917-06:14:07,267 nipype.workflow INFO:
	 [Node] Executing "masker" <sdcflows.interfaces.brainmask.BrainExtraction>
250917-06:14:07,267 nipype.workflow INFO:
	 [Node] Finished "out_merge_fmap_ref", elapsed time 0.000353s.
250917-06:14:07,274 nipype.workflow INFO:
	 [Node] Executing "ds_reference" <sdcflows.workflows.outputs.DerivativesDataSink>
250917-06:14:07,377 nipype.workflow INFO:
	 [Node] Finished "rmsd", elapsed time 0.12996s.
250917-06:14:07,383 nipype.workflow INFO:
	 [Node] Finished "motion_params", elapsed time 0.135854s.
250917-06:14:07,393 nipype.workflow INFO:
	 [Node] Finished "ds_reference", elapsed time 0.117671s.
250917-06:14:07,529 nipype.workflow INFO:
	 [Node] Setting-up "fmriprep_25_0_wf.sub_01_wf.bold_task_rsvp_run_1_wf.bold_confounds_wf.fdisp" in "/work/fmriprep_25_0_wf/sub_01_wf/bold_task_rsvp_run_1_wf/bold_confounds_wf/fdisp".
250917-06:14:07,548 nipype.workflow INFO:
	 [Node] Executing "fdisp" <fmriprep.interfaces.confounds.FramewiseDisplacement>
250917-06:14:07,561 nipype.workflow INFO:
	 [Node] Finished "fdisp", elapsed time 0.012051s.
250917-06:14:07,809 nipype.workflow INFO:
	 [Node] Setting-up "fmriprep_25_0_wf.sub_01_wf.bold_task_rsvp_run_2_wf.bold_confounds_wf.fdisp" in "/work/fmriprep_25_0_wf/sub_01_wf/bold_task_rsvp_run_2_wf/bold_confounds_wf/fdisp".
250917-06:14:07,836 nipype.workflow INFO:
	 [Node] Executing "fdisp" <fmriprep.interfaces.confounds.FramewiseDisplacement>
250917-06:14:07,850 nipype.workflow INFO:
	 [Node] Finished "fdisp", elapsed time 0.013686s.
250917-06:14:08,3 nipype.workflow INFO:
	 [Node] Finished "map_brainmask", elapsed time 0.4795s.
250917-06:14:08,542 nipype.workflow INFO:
	 [Node] Finished "masker", elapsed time 1.2735400000000001s.
250917-06:14:09,489 nipype.workflow INFO:
	 [Node] Setting-up "fmriprep_25_0_wf.sub_01_wf.bold_task_rsvp_run_3_wf.bold_confounds_wf.fdisp" in "/work/fmriprep_25_0_wf/sub_01_wf/bold_task_rsvp_run_3_wf/bold_confounds_wf/fdisp".
250917-06:14:09,512 nipype.workflow INFO:
	 [Node] Executing "fdisp" <fmriprep.interfaces.confounds.FramewiseDisplacement>
250917-06:14:09,524 nipype.workflow INFO:
	 [Node] Finished "fdisp", elapsed time 0.010998s.
250917-06:14:09,766 nipype.workflow INFO:
	 [Node] Setting-up "fmriprep_25_0_wf.sub_01_wf.bold_task_rsvp_run_4_wf.bold_confounds_wf.fdisp" in "/work/fmriprep_25_0_wf/sub_01_wf/bold_task_rsvp_run_4_wf/bold_confounds_wf/fdisp".
250917-06:14:09,790 nipype.workflow INFO:
	 [Node] Executing "fdisp" <fmriprep.interfaces.confounds.FramewiseDisplacement>
250917-06:14:09,801 nipype.workflow INFO:
	 [Node] Finished "fdisp", elapsed time 0.010208s.
250917-06:14:10,450 nipype.workflow INFO:
	 [Node] Setting-up "fmriprep_25_0_wf.sub_01_wf.bold_task_rsvp_run_6_wf.bold_confounds_wf.fdisp" in "/work/fmriprep_25_0_wf/sub_01_wf/bold_task_rsvp_run_6_wf/bold_confounds_wf/fdisp".
250917-06:14:10,450 nipype.workflow INFO:
	 [Node] Setting-up "fmriprep_25_0_wf.sub_01_wf.fmap_preproc_wf.wf_auto_00000.phdiff_wf.prelude" in "/work/fmriprep_25_0_wf/sub_01_wf/fmap_preproc_wf/wf_auto_00000/phdiff_wf/prelude".
250917-06:14:10,452 nipype.workflow INFO:
	 [Node] Setting-up "fmriprep_25_0_wf.sub_01_wf.fmap_preproc_wf.out_merge_fmap_mask" in "/work/fmriprep_25_0_wf/sub_01_wf/fmap_preproc_wf/out_merge_fmap_mask".
250917-06:14:10,483 nipype.workflow INFO:
	 [Node] Executing "fdisp" <fmriprep.interfaces.confounds.FramewiseDisplacement>
250917-06:14:10,490 nipype.workflow INFO:
	 [Node] Executing "out_merge_fmap_mask" <nipype.interfaces.utility.base.Merge>
250917-06:14:10,491 nipype.workflow INFO:
	 [Node] Finished "out_merge_fmap_mask", elapsed time 0.000372s.
250917-06:14:10,498 nipype.workflow INFO:
	 [Node] Finished "fdisp", elapsed time 0.013126s.
250917-06:14:10,558 nipype.workflow INFO:
	 [Node] Executing "prelude" <nipype.interfaces.fsl.preprocess.PRELUDE>
250917-06:14:10,721 nipype.workflow INFO:
	 [Node] Setting-up "fmriprep_25_0_wf.sub_01_wf.bold_task_rsvp_run_1_wf.bold_fit_wf.enhance_and_skullstrip_bold_wf.n4_correct" in "/work/fmriprep_25_0_wf/sub_01_wf/bold_task_rsvp_run_1_wf/bold_fit_wf/enhance_and_skullstrip_bold_wf/n4_correct".
250917-06:14:10,722 nipype.workflow INFO:
	 [Node] Setting-up "fmriprep_25_0_wf.sub_01_wf.bold_task_rsvp_run_2_wf.bold_fit_wf.enhance_and_skullstrip_bold_wf.n4_correct" in "/work/fmriprep_25_0_wf/sub_01_wf/bold_task_rsvp_run_2_wf/bold_fit_wf/enhance_and_skullstrip_bold_wf/n4_correct".
250917-06:14:10,752 nipype.workflow INFO:
	 [Node] Executing "n4_correct" <niworkflows.interfaces.fixes.FixN4BiasFieldCorrection>
250917-06:14:10,753 nipype.workflow INFO:
	 [Node] Executing "n4_correct" <niworkflows.interfaces.fixes.FixN4BiasFieldCorrection>
250917-06:14:10,794 nipype.workflow INFO:
	 [Node] Finished "prelude", elapsed time 0.234759s.
250917-06:14:11,89 nipype.workflow INFO:
	 [Node] Setting-up "fmriprep_25_0_wf.sub_01_wf.bold_task_rsvp_run_5_wf.bold_confounds_wf.fdisp" in "/work/fmriprep_25_0_wf/sub_01_wf/bold_task_rsvp_run_5_wf/bold_confounds_wf/fdisp".
250917-06:14:11,115 nipype.workflow INFO:
	 [Node] Executing "fdisp" <fmriprep.interfaces.confounds.FramewiseDisplacement>
250917-06:14:11,128 nipype.workflow INFO:
	 [Node] Finished "fdisp", elapsed time 0.012505s.
250917-06:14:11,223 nipype.workflow INFO:
	 [Node] Setting-up "fmriprep_25_0_wf.sub_01_wf.bold_task_rsvp_run_3_wf.bold_fit_wf.enhance_and_skullstrip_bold_wf.n4_correct" in "/work/fmriprep_25_0_wf/sub_01_wf/bold_task_rsvp_run_3_wf/bold_fit_wf/enhance_and_skullstrip_bold_wf/n4_correct".
250917-06:14:11,224 nipype.workflow INFO:
	 [Node] Setting-up "fmriprep_25_0_wf.sub_01_wf.bold_task_rsvp_run_4_wf.bold_fit_wf.enhance_and_skullstrip_bold_wf.n4_correct" in "/work/fmriprep_25_0_wf/sub_01_wf/bold_task_rsvp_run_4_wf/bold_fit_wf/enhance_and_skullstrip_bold_wf/n4_correct".
250917-06:14:11,225 nipype.workflow INFO:
	 [Node] Setting-up "fmriprep_25_0_wf.sub_01_wf.bold_task_rsvp_run_5_wf.bold_fit_wf.enhance_and_skullstrip_bold_wf.n4_correct" in "/work/fmriprep_25_0_wf/sub_01_wf/bold_task_rsvp_run_5_wf/bold_fit_wf/enhance_and_skullstrip_bold_wf/n4_correct".
250917-06:14:11,230 nipype.workflow INFO:
	 [Node] Setting-up "fmriprep_25_0_wf.sub_01_wf.bold_task_rsvp_run_6_wf.bold_fit_wf.enhance_and_skullstrip_bold_wf.n4_correct" in "/work/fmriprep_25_0_wf/sub_01_wf/bold_task_rsvp_run_6_wf/bold_fit_wf/enhance_and_skullstrip_bold_wf/n4_correct".
250917-06:14:11,236 nipype.workflow INFO:
	 [Node] Setting-up "fmriprep_25_0_wf.sub_01_wf.fmap_preproc_wf.wf_auto_00000.phdiff_wf.compfmap" in "/work/fmriprep_25_0_wf/sub_01_wf/fmap_preproc_wf/wf_auto_00000/phdiff_wf/compfmap".
250917-06:14:11,252 nipype.workflow INFO:
	 [Node] Executing "n4_correct" <niworkflows.interfaces.fixes.FixN4BiasFieldCorrection>
250917-06:14:11,254 nipype.workflow INFO:
	 [Node] Executing "n4_correct" <niworkflows.interfaces.fixes.FixN4BiasFieldCorrection>
250917-06:14:11,256 nipype.workflow INFO:
	 [Node] Executing "n4_correct" <niworkflows.interfaces.fixes.FixN4BiasFieldCorrection>
250917-06:14:11,268 nipype.workflow INFO:
	 [Node] Executing "n4_correct" <niworkflows.interfaces.fixes.FixN4BiasFieldCorrection>
250917-06:14:11,275 nipype.workflow INFO:
	 [Node] Executing "compfmap" <sdcflows.interfaces.fmap.Phasediff2Fieldmap>
250917-06:14:11,333 nipype.workflow INFO:
	 [Node] Finished "compfmap", elapsed time 0.0568s.
250917-06:14:12,706 nipype.workflow INFO:
	 [Node] Finished "n4_correct", elapsed time 1.953155s.
250917-06:14:12,719 nipype.workflow INFO:
	 [Node] Finished "n4_correct", elapsed time 1.9643950000000001s.
250917-06:14:13,190 nipype.workflow INFO:
	 [Node] Finished "n4_correct", elapsed time 1.919716s.
250917-06:14:13,297 nipype.workflow INFO:
	 [Node] Finished "n4_correct", elapsed time 2.043975s.
250917-06:14:13,443 nipype.workflow INFO:
	 [Node] Finished "n4_correct", elapsed time 2.186555s.
250917-06:14:13,454 nipype.workflow INFO:
	 [Node] Finished "n4_correct", elapsed time 1.9445480000000002s.
250917-06:14:13,460 nipype.workflow INFO:
	 [Node] Setting-up "fmriprep_25_0_wf.sub_01_wf.bold_task_rsvp_run_1_wf.bold_fit_wf.enhance_and_skullstrip_bold_wf.skullstrip_first_pass" in "/work/fmriprep_25_0_wf/sub_01_wf/bold_task_rsvp_run_1_wf/bold_fit_wf/enhance_and_skullstrip_bold_wf/skullstrip_first_pass".
250917-06:14:13,463 nipype.workflow INFO:
	 [Node] Setting-up "fmriprep_25_0_wf.sub_01_wf.bold_task_rsvp_run_2_wf.bold_fit_wf.enhance_and_skullstrip_bold_wf.skullstrip_first_pass" in "/work/fmriprep_25_0_wf/sub_01_wf/bold_task_rsvp_run_2_wf/bold_fit_wf/enhance_and_skullstrip_bold_wf/skullstrip_first_pass".
250917-06:14:13,466 nipype.workflow INFO:
	 [Node] Setting-up "fmriprep_25_0_wf.sub_01_wf.bold_task_rsvp_run_2_wf.bold_fit_wf.unwarp_wf.rotime" in "/work/fmriprep_25_0_wf/sub_01_wf/bold_task_rsvp_run_2_wf/bold_fit_wf/unwarp_wf/rotime".
250917-06:14:13,467 nipype.workflow INFO:
	 [Node] Setting-up "fmriprep_25_0_wf.sub_01_wf.bold_task_rsvp_run_1_wf.bold_fit_wf.unwarp_wf.rotime" in "/work/fmriprep_25_0_wf/sub_01_wf/bold_task_rsvp_run_1_wf/bold_fit_wf/unwarp_wf/rotime".
250917-06:14:13,491 nipype.workflow INFO:
	 [Node] Executing "skullstrip_first_pass" <nipype.interfaces.fsl.preprocess.BET>
250917-06:14:13,492 nipype.workflow INFO:
	 [Node] Executing "skullstrip_first_pass" <nipype.interfaces.fsl.preprocess.BET>
250917-06:14:13,495 nipype.workflow INFO:
	 [Node] Executing "rotime" <sdcflows.interfaces.epi.GetReadoutTime>
250917-06:14:13,497 nipype.workflow INFO:
	 [Node] Finished "rotime", elapsed time 0.000997s.
250917-06:14:13,501 nipype.workflow INFO:
	 [Node] Executing "rotime" <sdcflows.interfaces.epi.GetReadoutTime>
250917-06:14:13,504 nipype.workflow INFO:
	 [Node] Finished "rotime", elapsed time 0.001507s.
250917-06:14:14,831 nipype.workflow INFO:
	 [Node] Finished "skullstrip_first_pass", elapsed time 1.338295s.
250917-06:14:14,842 nipype.workflow INFO:
	 [Node] Finished "skullstrip_first_pass", elapsed time 1.350509s.
250917-06:14:15,301 nipype.workflow INFO:
	 [Node] Setting-up "fmriprep_25_0_wf.sub_01_wf.bold_task_rsvp_run_4_wf.bold_fit_wf.enhance_and_skullstrip_bold_wf.skullstrip_first_pass" in "/work/fmriprep_25_0_wf/sub_01_wf/bold_task_rsvp_run_4_wf/bold_fit_wf/enhance_and_skullstrip_bold_wf/skullstrip_first_pass".
250917-06:14:15,303 nipype.workflow INFO:
	 [Node] Setting-up "fmriprep_25_0_wf.sub_01_wf.bold_task_rsvp_run_5_wf.bold_fit_wf.enhance_and_skullstrip_bold_wf.skullstrip_first_pass" in "/work/fmriprep_25_0_wf/sub_01_wf/bold_task_rsvp_run_5_wf/bold_fit_wf/enhance_and_skullstrip_bold_wf/skullstrip_first_pass".
250917-06:14:15,306 nipype.workflow INFO:
	 [Node] Setting-up "fmriprep_25_0_wf.sub_01_wf.bold_task_rsvp_run_3_wf.bold_fit_wf.unwarp_wf.rotime" in "/work/fmriprep_25_0_wf/sub_01_wf/bold_task_rsvp_run_3_wf/bold_fit_wf/unwarp_wf/rotime".
250917-06:14:15,307 nipype.workflow INFO:
	 [Node] Setting-up "fmriprep_25_0_wf.sub_01_wf.bold_task_rsvp_run_6_wf.bold_fit_wf.enhance_and_skullstrip_bold_wf.skullstrip_first_pass" in "/work/fmriprep_25_0_wf/sub_01_wf/bold_task_rsvp_run_6_wf/bold_fit_wf/enhance_and_skullstrip_bold_wf/skullstrip_first_pass".
250917-06:14:15,307 nipype.workflow INFO:
	 [Node] Setting-up "fmriprep_25_0_wf.sub_01_wf.bold_task_rsvp_run_5_wf.bold_fit_wf.unwarp_wf.rotime" in "/work/fmriprep_25_0_wf/sub_01_wf/bold_task_rsvp_run_5_wf/bold_fit_wf/unwarp_wf/rotime".
250917-06:14:15,308 nipype.workflow INFO:
	 [Node] Setting-up "fmriprep_25_0_wf.sub_01_wf.bold_task_rsvp_run_4_wf.bold_fit_wf.unwarp_wf.rotime" in "/work/fmriprep_25_0_wf/sub_01_wf/bold_task_rsvp_run_4_wf/bold_fit_wf/unwarp_wf/rotime".
250917-06:14:15,310 nipype.workflow INFO:
	 [Node] Setting-up "fmriprep_25_0_wf.sub_01_wf.bold_task_rsvp_run_6_wf.bold_fit_wf.unwarp_wf.rotime" in "/work/fmriprep_25_0_wf/sub_01_wf/bold_task_rsvp_run_6_wf/bold_fit_wf/unwarp_wf/rotime".
250917-06:14:15,334 nipype.workflow INFO:
	 [Node] Executing "skullstrip_first_pass" <nipype.interfaces.fsl.preprocess.BET>
250917-06:14:15,339 nipype.workflow INFO:
	 [Node] Executing "skullstrip_first_pass" <nipype.interfaces.fsl.preprocess.BET>
250917-06:14:15,339 nipype.workflow INFO:
	 [Node] Executing "skullstrip_first_pass" <nipype.interfaces.fsl.preprocess.BET>
250917-06:14:15,341 nipype.workflow INFO:
	 [Node] Executing "rotime" <sdcflows.interfaces.epi.GetReadoutTime>
250917-06:14:15,342 nipype.workflow INFO:
	 [Node] Executing "rotime" <sdcflows.interfaces.epi.GetReadoutTime>
250917-06:14:15,342 nipype.workflow INFO:
	 [Node] Executing "rotime" <sdcflows.interfaces.epi.GetReadoutTime>
250917-06:14:15,342 nipype.workflow INFO:
	 [Node] Executing "rotime" <sdcflows.interfaces.epi.GetReadoutTime>
250917-06:14:15,343 nipype.workflow INFO:
	 [Node] Finished "rotime", elapsed time 0.000884s.
250917-06:14:15,344 nipype.workflow INFO:
	 [Node] Finished "rotime", elapsed time 0.000868s.
250917-06:14:15,344 nipype.workflow INFO:
	 [Node] Finished "rotime", elapsed time 0.000893s.
250917-06:14:15,344 nipype.workflow INFO:
	 [Node] Finished "rotime", elapsed time 0.000906s.
250917-06:14:15,483 nipype.workflow INFO:
	 [Node] Setting-up "fmriprep_25_0_wf.sub_01_wf.bold_task_rsvp_run_3_wf.bold_fit_wf.enhance_and_skullstrip_bold_wf.skullstrip_first_pass" in "/work/fmriprep_25_0_wf/sub_01_wf/bold_task_rsvp_run_3_wf/bold_fit_wf/enhance_and_skullstrip_bold_wf/skullstrip_first_pass".
250917-06:14:15,508 nipype.workflow INFO:
	 [Node] Executing "skullstrip_first_pass" <nipype.interfaces.fsl.preprocess.BET>
250917-06:14:16,604 nipype.workflow INFO:
	 [Node] Finished "skullstrip_first_pass", elapsed time 1.269208s.
250917-06:14:16,624 nipype.workflow INFO:
	 [Node] Finished "skullstrip_first_pass", elapsed time 1.284046s.
250917-06:14:16,747 nipype.workflow INFO:
	 [Node] Finished "skullstrip_first_pass", elapsed time 1.405729s.
250917-06:14:16,896 nipype.workflow INFO:
	 [Node] Finished "skullstrip_first_pass", elapsed time 1.387965s.
250917-06:14:17,270 nipype.workflow INFO:
	 [Node] Setting-up "fmriprep_25_0_wf.sub_01_wf.bold_task_rsvp_run_1_wf.bold_fit_wf.enhance_and_skullstrip_bold_wf.first_dilate" in "/work/fmriprep_25_0_wf/sub_01_wf/bold_task_rsvp_run_1_wf/bold_fit_wf/enhance_and_skullstrip_bold_wf/first_dilate".
250917-06:14:17,272 nipype.workflow INFO:
	 [Node] Setting-up "fmriprep_25_0_wf.sub_01_wf.bold_task_rsvp_run_4_wf.bold_fit_wf.enhance_and_skullstrip_bold_wf.first_dilate" in "/work/fmriprep_25_0_wf/sub_01_wf/bold_task_rsvp_run_4_wf/bold_fit_wf/enhance_and_skullstrip_bold_wf/first_dilate".
250917-06:14:17,273 nipype.workflow INFO:
	 [Node] Setting-up "fmriprep_25_0_wf.sub_01_wf.bold_task_rsvp_run_6_wf.bold_fit_wf.enhance_and_skullstrip_bold_wf.first_dilate" in "/work/fmriprep_25_0_wf/sub_01_wf/bold_task_rsvp_run_6_wf/bold_fit_wf/enhance_and_skullstrip_bold_wf/first_dilate".
250917-06:14:17,282 nipype.workflow INFO:
	 [Node] Setting-up "fmriprep_25_0_wf.sub_01_wf.fmap_preproc_wf.wf_auto_00000.bs_filter" in "/work/fmriprep_25_0_wf/sub_01_wf/fmap_preproc_wf/wf_auto_00000/bs_filter".
250917-06:14:17,283 nipype.workflow INFO:
	 [Node] Setting-up "fmriprep_25_0_wf.sub_01_wf.bold_task_rsvp_run_3_wf.bold_fit_wf.enhance_and_skullstrip_bold_wf.first_dilate" in "/work/fmriprep_25_0_wf/sub_01_wf/bold_task_rsvp_run_3_wf/bold_fit_wf/enhance_and_skullstrip_bold_wf/first_dilate".
250917-06:14:17,285 nipype.workflow INFO:
	 [Node] Setting-up "fmriprep_25_0_wf.sub_01_wf.bold_task_rsvp_run_5_wf.bold_fit_wf.enhance_and_skullstrip_bold_wf.first_dilate" in "/work/fmriprep_25_0_wf/sub_01_wf/bold_task_rsvp_run_5_wf/bold_fit_wf/enhance_and_skullstrip_bold_wf/first_dilate".
250917-06:14:17,290 nipype.workflow INFO:
	 [Node] Setting-up "fmriprep_25_0_wf.sub_01_wf.bold_task_rsvp_run_2_wf.bold_fit_wf.enhance_and_skullstrip_bold_wf.first_dilate" in "/work/fmriprep_25_0_wf/sub_01_wf/bold_task_rsvp_run_2_wf/bold_fit_wf/enhance_and_skullstrip_bold_wf/first_dilate".
250917-06:14:17,310 nipype.workflow INFO:
	 [Node] Executing "first_dilate" <niworkflows.interfaces.nibabel.BinaryDilation>
250917-06:14:17,311 nipype.workflow INFO:
	 [Node] Executing "first_dilate" <niworkflows.interfaces.nibabel.BinaryDilation>
250917-06:14:17,311 nipype.workflow INFO:
	 [Node] Executing "first_dilate" <niworkflows.interfaces.nibabel.BinaryDilation>
250917-06:14:17,318 nipype.workflow INFO:
	 [Node] Executing "first_dilate" <niworkflows.interfaces.nibabel.BinaryDilation>
250917-06:14:17,319 nipype.workflow INFO:
	 [Node] Executing "first_dilate" <niworkflows.interfaces.nibabel.BinaryDilation>
250917-06:14:17,319 nipype.workflow INFO:
	 [Node] Executing "first_dilate" <niworkflows.interfaces.nibabel.BinaryDilation>
250917-06:14:17,319 nipype.workflow INFO:
	 [Node] Executing "bs_filter" <sdcflows.interfaces.bspline.BSplineApprox>
250917-06:14:17,440 nipype.workflow INFO:
	 [Node] Finished "first_dilate", elapsed time 0.120196s.
250917-06:14:17,442 nipype.workflow INFO:
	 [Node] Finished "first_dilate", elapsed time 0.130625s.
250917-06:14:17,444 nipype.workflow INFO:
	 [Node] Finished "first_dilate", elapsed time 0.131672s.
250917-06:14:17,451 nipype.workflow INFO:
	 [Node] Finished "first_dilate", elapsed time 0.130705s.
250917-06:14:17,498 nipype.workflow INFO:
	 [Node] Finished "first_dilate", elapsed time 0.18577s.
250917-06:14:17,502 nipype.workflow INFO:
	 [Node] Finished "first_dilate", elapsed time 0.182687s.
250917-06:14:19,209 nipype.workflow INFO:
	 [Node] Setting-up "fmriprep_25_0_wf.sub_01_wf.bold_task_rsvp_run_1_wf.bold_fit_wf.enhance_and_skullstrip_bold_wf.first_mask" in "/work/fmriprep_25_0_wf/sub_01_wf/bold_task_rsvp_run_1_wf/bold_fit_wf/enhance_and_skullstrip_bold_wf/first_mask".
250917-06:14:19,209 nipype.workflow INFO:
	 [Node] Setting-up "fmriprep_25_0_wf.sub_01_wf.bold_task_rsvp_run_2_wf.bold_fit_wf.enhance_and_skullstrip_bold_wf.first_mask" in "/work/fmriprep_25_0_wf/sub_01_wf/bold_task_rsvp_run_2_wf/bold_fit_wf/enhance_and_skullstrip_bold_wf/first_mask".
250917-06:14:19,212 nipype.workflow INFO:
	 [Node] Setting-up "fmriprep_25_0_wf.sub_01_wf.bold_task_rsvp_run_4_wf.bold_fit_wf.enhance_and_skullstrip_bold_wf.first_mask" in "/work/fmriprep_25_0_wf/sub_01_wf/bold_task_rsvp_run_4_wf/bold_fit_wf/enhance_and_skullstrip_bold_wf/first_mask".
250917-06:14:19,212 nipype.workflow INFO:
	 [Node] Setting-up "fmriprep_25_0_wf.sub_01_wf.bold_task_rsvp_run_5_wf.bold_fit_wf.enhance_and_skullstrip_bold_wf.first_mask" in "/work/fmriprep_25_0_wf/sub_01_wf/bold_task_rsvp_run_5_wf/bold_fit_wf/enhance_and_skullstrip_bold_wf/first_mask".
250917-06:14:19,222 nipype.workflow INFO:
	 [Node] Setting-up "fmriprep_25_0_wf.sub_01_wf.bold_task_rsvp_run_3_wf.bold_fit_wf.enhance_and_skullstrip_bold_wf.first_mask" in "/work/fmriprep_25_0_wf/sub_01_wf/bold_task_rsvp_run_3_wf/bold_fit_wf/enhance_and_skullstrip_bold_wf/first_mask".
250917-06:14:19,226 nipype.workflow INFO:
	 [Node] Setting-up "fmriprep_25_0_wf.sub_01_wf.bold_task_rsvp_run_6_wf.bold_fit_wf.enhance_and_skullstrip_bold_wf.first_mask" in "/work/fmriprep_25_0_wf/sub_01_wf/bold_task_rsvp_run_6_wf/bold_fit_wf/enhance_and_skullstrip_bold_wf/first_mask".
250917-06:14:19,239 nipype.workflow INFO:
	 [Node] Executing "first_mask" <niworkflows.interfaces.nibabel.ApplyMask>
250917-06:14:19,240 nipype.workflow INFO:
	 [Node] Executing "first_mask" <niworkflows.interfaces.nibabel.ApplyMask>
250917-06:14:19,240 nipype.workflow INFO:
	 [Node] Executing "first_mask" <niworkflows.interfaces.nibabel.ApplyMask>
250917-06:14:19,250 nipype.workflow INFO:
	 [Node] Executing "first_mask" <niworkflows.interfaces.nibabel.ApplyMask>
250917-06:14:19,255 nipype.workflow INFO:
	 [Node] Executing "first_mask" <niworkflows.interfaces.nibabel.ApplyMask>
250917-06:14:19,305 nipype.workflow INFO:
	 [Node] Executing "first_mask" <niworkflows.interfaces.nibabel.ApplyMask>
250917-06:14:19,310 nipype.workflow INFO:
	 [Node] Finished "first_mask", elapsed time 0.068713s.
250917-06:14:19,310 nipype.workflow INFO:
	 [Node] Finished "first_mask", elapsed time 0.070337s.
250917-06:14:19,319 nipype.workflow INFO:
	 [Node] Finished "first_mask", elapsed time 0.068107s.
250917-06:14:19,324 nipype.workflow INFO:
	 [Node] Finished "first_mask", elapsed time 0.067392s.
250917-06:14:19,324 nipype.workflow INFO:
	 [Node] Finished "first_mask", elapsed time 0.082649s.
250917-06:14:19,366 nipype.workflow INFO:
	 [Node] Finished "first_mask", elapsed time 0.059654s.
250917-06:14:21,247 nipype.workflow INFO:
	 [Node] Setting-up "fmriprep_25_0_wf.sub_01_wf.bold_task_rsvp_run_1_wf.bold_fit_wf.enhance_and_skullstrip_bold_wf.unifize" in "/work/fmriprep_25_0_wf/sub_01_wf/bold_task_rsvp_run_1_wf/bold_fit_wf/enhance_and_skullstrip_bold_wf/unifize".
250917-06:14:21,247 nipype.workflow INFO:
	 [Node] Setting-up "fmriprep_25_0_wf.sub_01_wf.bold_task_rsvp_run_2_wf.bold_fit_wf.enhance_and_skullstrip_bold_wf.unifize" in "/work/fmriprep_25_0_wf/sub_01_wf/bold_task_rsvp_run_2_wf/bold_fit_wf/enhance_and_skullstrip_bold_wf/unifize".
250917-06:14:21,248 nipype.workflow INFO:
	 [Node] Setting-up "fmriprep_25_0_wf.sub_01_wf.bold_task_rsvp_run_3_wf.bold_fit_wf.enhance_and_skullstrip_bold_wf.unifize" in "/work/fmriprep_25_0_wf/sub_01_wf/bold_task_rsvp_run_3_wf/bold_fit_wf/enhance_and_skullstrip_bold_wf/unifize".
250917-06:14:21,249 nipype.workflow INFO:
	 [Node] Setting-up "fmriprep_25_0_wf.sub_01_wf.bold_task_rsvp_run_4_wf.bold_fit_wf.enhance_and_skullstrip_bold_wf.unifize" in "/work/fmriprep_25_0_wf/sub_01_wf/bold_task_rsvp_run_4_wf/bold_fit_wf/enhance_and_skullstrip_bold_wf/unifize".
250917-06:14:21,250 nipype.workflow INFO:
	 [Node] Setting-up "fmriprep_25_0_wf.sub_01_wf.bold_task_rsvp_run_5_wf.bold_fit_wf.enhance_and_skullstrip_bold_wf.unifize" in "/work/fmriprep_25_0_wf/sub_01_wf/bold_task_rsvp_run_5_wf/bold_fit_wf/enhance_and_skullstrip_bold_wf/unifize".
250917-06:14:21,251 nipype.workflow INFO:
	 [Node] Setting-up "fmriprep_25_0_wf.sub_01_wf.bold_task_rsvp_run_6_wf.bold_fit_wf.enhance_and_skullstrip_bold_wf.unifize" in "/work/fmriprep_25_0_wf/sub_01_wf/bold_task_rsvp_run_6_wf/bold_fit_wf/enhance_and_skullstrip_bold_wf/unifize".
250917-06:14:21,278 nipype.workflow INFO:
	 [Node] Executing "unifize" <nipype.interfaces.afni.utils.Unifize>
250917-06:14:21,278 nipype.workflow INFO:
	 [Node] Executing "unifize" <nipype.interfaces.afni.utils.Unifize>
250917-06:14:21,278 nipype.workflow INFO:
	 [Node] Executing "unifize" <nipype.interfaces.afni.utils.Unifize>
250917-06:14:21,283 nipype.workflow INFO:
	 [Node] Executing "unifize" <nipype.interfaces.afni.utils.Unifize>
250917-06:14:21,286 nipype.workflow INFO:
	 [Node] Executing "unifize" <nipype.interfaces.afni.utils.Unifize>
250917-06:14:21,287 nipype.workflow INFO:
	 [Node] Executing "unifize" <nipype.interfaces.afni.utils.Unifize>
250917-06:14:21,582 nipype.interface INFO:
	 Approximating B-Splines grids (and 14x14x15 [knots]) on a grid of 64x64x40 (163840) voxels, of which 51821 fall within the mask.
250917-06:14:32,608 nipype.workflow INFO:
	 [Node] Finished "bs_filter", elapsed time 15.287183s.
250917-06:14:33,194 nipype.workflow INFO:
	 [Node] Setting-up "fmriprep_25_0_wf.sub_01_wf.fmap_preproc_wf.out_merge_fmap" in "/work/fmriprep_25_0_wf/sub_01_wf/fmap_preproc_wf/out_merge_fmap".
250917-06:14:33,195 nipype.workflow INFO:
	 [Node] Setting-up "fmriprep_25_0_wf.sub_01_wf.fmap_preproc_wf.out_merge_fmap_coeff" in "/work/fmriprep_25_0_wf/sub_01_wf/fmap_preproc_wf/out_merge_fmap_coeff".
250917-06:14:33,233 nipype.workflow INFO:
	 [Node] Executing "out_merge_fmap_coeff" <nipype.interfaces.utility.base.Merge>
250917-06:14:33,234 nipype.workflow INFO:
	 [Node] Finished "out_merge_fmap_coeff", elapsed time 0.00036s.
250917-06:14:33,235 nipype.workflow INFO:
	 [Node] Executing "out_merge_fmap" <nipype.interfaces.utility.base.Merge>
250917-06:14:33,236 nipype.workflow INFO:
	 [Node] Finished "out_merge_fmap", elapsed time 0.000369s.
250917-06:14:35,204 nipype.workflow INFO:
	 [Node] Setting-up "fmriprep_25_0_wf.sub_01_wf.fmap_preproc_wf.fmap_derivatives_wf_auto_00000.merge_fmap" in "/work/fmriprep_25_0_wf/sub_01_wf/fmap_preproc_wf/fmap_derivatives_wf_auto_00000/merge_fmap".
250917-06:14:35,205 nipype.workflow INFO:
	 [Node] Setting-up "fmriprep_25_0_wf.sub_01_wf.fmap_preproc_wf.fmap_derivatives_wf_auto_00000.gen_desc" in "/work/fmriprep_25_0_wf/sub_01_wf/fmap_preproc_wf/fmap_derivatives_wf_auto_00000/gen_desc".
250917-06:14:35,235 nipype.workflow INFO:
	 [Node] Executing "gen_desc" <nipype.interfaces.utility.wrappers.Function>
250917-06:14:35,235 nipype.workflow INFO:
	 [Node] Executing "merge_fmap" <niworkflows.interfaces.nibabel.MergeSeries>
250917-06:14:35,236 nipype.workflow INFO:
	 [Node] Finished "gen_desc", elapsed time 0.000505s.
250917-06:14:35,313 nipype.workflow INFO:
	 [Node] Finished "merge_fmap", elapsed time 0.077151s.
250917-06:14:37,484 nipype.workflow INFO:
	 [Node] Setting-up "fmriprep_25_0_wf.sub_01_wf.fmap_preproc_wf.fmap_reports_wf_auto_00000.fmap_rpt" in "/work/fmriprep_25_0_wf/sub_01_wf/fmap_preproc_wf/fmap_reports_wf_auto_00000/fmap_rpt".
250917-06:14:37,519 nipype.workflow INFO:
	 [Node] Executing "fmap_rpt" <sdcflows.interfaces.reportlets.FieldmapReportlet>
250917-06:14:37,760 nipype.workflow INFO:
	 [Node] Setting-up "_ds_coeff0" in "/work/fmriprep_25_0_wf/sub_01_wf/fmap_preproc_wf/fmap_derivatives_wf_auto_00000/ds_coeff/mapflow/_ds_coeff0".
250917-06:14:37,796 nipype.workflow INFO:
	 [Node] Executing "_ds_coeff0" <sdcflows.workflows.outputs.DerivativesDataSink>
250917-06:14:37,827 nipype.workflow INFO:
	 [Node] Finished "_ds_coeff0", elapsed time 0.029694s.
250917-06:14:45,141 nipype.workflow INFO:
	 [Node] Setting-up "fmriprep_25_0_wf.sub_01_wf.fmap_preproc_wf.fmap_derivatives_wf_auto_00000.ds_fieldmap" in "/work/fmriprep_25_0_wf/sub_01_wf/fmap_preproc_wf/fmap_derivatives_wf_auto_00000/ds_fieldmap".
250917-06:14:45,178 nipype.workflow INFO:
	 [Node] Executing "ds_fieldmap" <sdcflows.workflows.outputs.DerivativesDataSink>
250917-06:14:45,270 nipype.workflow INFO:
	 [Node] Finished "ds_fieldmap", elapsed time 0.090332s.
250917-06:14:47,337 nipype.workflow INFO:
	 [Node] Setting-up "fmriprep_25_0_wf.sub_01_wf.bold_task_rsvp_run_1_wf.bold_fit_wf.fmapreg_wf.dilate_fmap_mask" in "/work/fmriprep_25_0_wf/sub_01_wf/bold_task_rsvp_run_1_wf/bold_fit_wf/fmapreg_wf/dilate_fmap_mask".
250917-06:14:47,378 nipype.workflow INFO:
	 [Node] Executing "dilate_fmap_mask" <sdcflows.interfaces.brainmask.BinaryDilation>
250917-06:14:47,442 nipype.workflow INFO:
	 [Node] Finished "dilate_fmap_mask", elapsed time 0.063272s.
250917-06:14:48,382 nipype.workflow INFO:
	 [Node] Finished "fmap_rpt", elapsed time 10.862728s.
250917-06:14:49,352 nipype.workflow INFO:
	 [Node] Setting-up "fmriprep_25_0_wf.sub_01_wf.bold_task_rsvp_run_2_wf.bold_fit_wf.fmapreg_wf.dilate_fmap_mask" in "/work/fmriprep_25_0_wf/sub_01_wf/bold_task_rsvp_run_2_wf/bold_fit_wf/fmapreg_wf/dilate_fmap_mask".
250917-06:14:49,354 nipype.workflow INFO:
	 [Node] Setting-up "fmriprep_25_0_wf.sub_01_wf.fmap_preproc_wf.fmap_reports_wf_auto_00000.ds_fmap_report" in "/work/fmriprep_25_0_wf/sub_01_wf/fmap_preproc_wf/fmap_reports_wf_auto_00000/ds_fmap_report".
250917-06:14:49,387 nipype.workflow INFO:
	 [Node] Executing "ds_fmap_report" <sdcflows.workflows.outputs.DerivativesDataSink>
250917-06:14:49,390 nipype.workflow INFO:
	 [Node] Executing "dilate_fmap_mask" <sdcflows.interfaces.brainmask.BinaryDilation>
250917-06:14:49,434 nipype.workflow INFO:
	 [Node] Finished "ds_fmap_report", elapsed time 0.045444s.
250917-06:14:49,448 nipype.workflow INFO:
	 [Node] Finished "dilate_fmap_mask", elapsed time 0.057024s.
250917-06:14:51,564 nipype.workflow INFO:
	 [Node] Setting-up "fmriprep_25_0_wf.sub_01_wf.bold_task_rsvp_run_3_wf.bold_fit_wf.fmapreg_wf.dilate_fmap_mask" in "/work/fmriprep_25_0_wf/sub_01_wf/bold_task_rsvp_run_3_wf/bold_fit_wf/fmapreg_wf/dilate_fmap_mask".
250917-06:14:51,667 nipype.workflow INFO:
	 [Node] Setting-up "fmriprep_25_0_wf.sub_01_wf.bold_task_rsvp_run_4_wf.bold_fit_wf.fmapreg_wf.dilate_fmap_mask" in "/work/fmriprep_25_0_wf/sub_01_wf/bold_task_rsvp_run_4_wf/bold_fit_wf/fmapreg_wf/dilate_fmap_mask".
250917-06:14:52,306 nipype.workflow INFO:
	 [Node] Executing "dilate_fmap_mask" <sdcflows.interfaces.brainmask.BinaryDilation>
250917-06:14:52,307 nipype.workflow INFO:
	 [Node] Executing "dilate_fmap_mask" <sdcflows.interfaces.brainmask.BinaryDilation>
250917-06:14:52,375 nipype.workflow INFO:
	 [Node] Finished "dilate_fmap_mask", elapsed time 0.068832s.
250917-06:14:52,388 nipype.workflow INFO:
	 [Node] Finished "dilate_fmap_mask", elapsed time 0.079411s.
250917-06:14:52,504 nipype.workflow INFO:
	 [Node] Finished "_denoise0", elapsed time 244.490543s.
250917-06:14:53,348 nipype.workflow INFO:
	 [Node] Setting-up "fmriprep_25_0_wf.sub_01_wf.bold_task_rsvp_run_6_wf.bold_fit_wf.fmapreg_wf.dilate_fmap_mask" in "/work/fmriprep_25_0_wf/sub_01_wf/bold_task_rsvp_run_6_wf/bold_fit_wf/fmapreg_wf/dilate_fmap_mask".
250917-06:14:53,348 nipype.workflow INFO:
	 [Node] Setting-up "fmriprep_25_0_wf.sub_01_wf.bold_task_rsvp_run_5_wf.bold_fit_wf.fmapreg_wf.dilate_fmap_mask" in "/work/fmriprep_25_0_wf/sub_01_wf/bold_task_rsvp_run_5_wf/bold_fit_wf/fmapreg_wf/dilate_fmap_mask".
250917-06:14:53,372 nipype.workflow INFO:
	 [Node] Setting-up "_anat_conform0" in "/work/fmriprep_25_0_wf/sub_01_wf/anat_fit_wf/anat_template_wf/anat_conform/mapflow/_anat_conform0".
250917-06:14:53,389 nipype.workflow INFO:
	 [Node] Executing "dilate_fmap_mask" <sdcflows.interfaces.brainmask.BinaryDilation>
250917-06:14:53,389 nipype.workflow INFO:
	 [Node] Executing "dilate_fmap_mask" <sdcflows.interfaces.brainmask.BinaryDilation>
250917-06:14:53,396 nipype.workflow INFO:
	 [Node] Executing "_anat_conform0" <niworkflows.interfaces.images.Conform>
250917-06:14:53,461 nipype.workflow INFO:
	 [Node] Finished "_anat_conform0", elapsed time 0.064413s.
250917-06:14:53,462 nipype.workflow INFO:
	 [Node] Finished "dilate_fmap_mask", elapsed time 0.072009s.
250917-06:14:53,464 nipype.workflow INFO:
	 [Node] Finished "dilate_fmap_mask", elapsed time 0.074258s.
250917-06:14:55,348 nipype.workflow INFO:
	 [Node] Setting-up "fmriprep_25_0_wf.sub_01_wf.anat_fit_wf.anat_template_wf.get1st" in "/work/fmriprep_25_0_wf/sub_01_wf/anat_fit_wf/anat_template_wf/get1st".
250917-06:14:55,379 nipype.workflow INFO:
	 [Node] Executing "get1st" <nipype.interfaces.utility.base.Select>
250917-06:14:55,382 nipype.workflow INFO:
	 [Node] Finished "get1st", elapsed time 0.001776s.
250917-06:14:59,338 nipype.workflow INFO:
	 [Node] Setting-up "fmriprep_25_0_wf.sub_01_wf.anat_fit_wf.surface_recon_wf.recon_config" in "/work/fmriprep_25_0_wf/sub_01_wf/anat_fit_wf/surface_recon_wf/recon_config".
250917-06:14:59,338 nipype.workflow INFO:
	 [Node] Setting-up "fmriprep_25_0_wf.sub_01_wf.anat_fit_wf.surface_recon_wf.fov_check" in "/work/fmriprep_25_0_wf/sub_01_wf/anat_fit_wf/surface_recon_wf/fov_check".
250917-06:14:59,367 nipype.workflow INFO:
	 [Node] Executing "fov_check" <nipype.interfaces.utility.wrappers.Function>
250917-06:14:59,368 nipype.workflow INFO:
	 [Node] Setting-up "_truncate_images0" in "/work/fmriprep_25_0_wf/sub_01_wf/anat_fit_wf/brain_extraction_wf/truncate_images/mapflow/_truncate_images0".
250917-06:14:59,368 nipype.workflow INFO:
	 [Node] Executing "recon_config" <niworkflows.interfaces.freesurfer.FSDetectInputs>
250917-06:14:59,391 nipype.workflow INFO:
	 [Node] Executing "_truncate_images0" <nipype.interfaces.ants.utils.ImageMath>
250917-06:14:59,409 nipype.workflow INFO:
	 [Node] Finished "recon_config", elapsed time 0.040632s.
250917-06:15:01,399 nipype.workflow INFO:
	 [Node] Finished "fov_check", elapsed time 2.031882s.
250917-06:15:03,370 nipype.workflow INFO:
	 [Node] Setting-up "fmriprep_25_0_wf.sub_01_wf.anat_fit_wf.surface_recon_wf.autorecon1" in "/work/fmriprep_25_0_wf/sub_01_wf/anat_fit_wf/surface_recon_wf/autorecon1".
250917-06:15:03,414 nipype.workflow INFO:
	 [Node] Executing "autorecon1" <smriprep.interfaces.freesurfer.ReconAll>
250917-06:15:26,892 nipype.workflow INFO:
	 [Node] Finished "_truncate_images0", elapsed time 27.499316s.
250917-06:16:07,622 nipype.workflow INFO:
	 [Node] Finished "unifize", elapsed time 106.337611s.
250917-06:16:09,334 nipype.workflow INFO:
	 [Node] Setting-up "fmriprep_25_0_wf.sub_01_wf.bold_task_rsvp_run_6_wf.bold_fit_wf.enhance_and_skullstrip_bold_wf.fixhdr_unifize" in "/work/fmriprep_25_0_wf/sub_01_wf/bold_task_rsvp_run_6_wf/bold_fit_wf/enhance_and_skullstrip_bold_wf/fixhdr_unifize".
250917-06:16:09,364 nipype.workflow INFO:
	 [Node] Executing "fixhdr_unifize" <niworkflows.interfaces.header.CopyXForm>
250917-06:16:09,419 nipype.workflow INFO:
	 [Node] Finished "fixhdr_unifize", elapsed time 0.054011s.
250917-06:16:10,352 nipype.workflow INFO:
	 [Node] Finished "unifize", elapsed time 109.073294s.
250917-06:16:11,336 nipype.workflow INFO:
	 [Node] Setting-up "fmriprep_25_0_wf.sub_01_wf.bold_task_rsvp_run_6_wf.bold_fit_wf.enhance_and_skullstrip_bold_wf.skullstrip_second_pass" in "/work/fmriprep_25_0_wf/sub_01_wf/bold_task_rsvp_run_6_wf/bold_fit_wf/enhance_and_skullstrip_bold_wf/skullstrip_second_pass".
250917-06:16:11,347 nipype.workflow INFO:
	 [Node] Setting-up "fmriprep_25_0_wf.sub_01_wf.bold_task_rsvp_run_4_wf.bold_fit_wf.enhance_and_skullstrip_bold_wf.fixhdr_unifize" in "/work/fmriprep_25_0_wf/sub_01_wf/bold_task_rsvp_run_4_wf/bold_fit_wf/enhance_and_skullstrip_bold_wf/fixhdr_unifize".
250917-06:16:11,367 nipype.workflow INFO:
	 [Node] Executing "skullstrip_second_pass" <nipype.interfaces.afni.preprocess.Automask>
250917-06:16:11,421 nipype.workflow INFO:
	 [Node] Executing "fixhdr_unifize" <niworkflows.interfaces.header.CopyXForm>
250917-06:16:11,477 nipype.workflow INFO:
	 [Node] Finished "fixhdr_unifize", elapsed time 0.055355s.
250917-06:16:11,605 nipype.workflow INFO:
	 [Node] Finished "skullstrip_second_pass", elapsed time 0.238029s.
250917-06:16:11,757 nipype.workflow INFO:
	 [Node] Finished "unifize", elapsed time 110.478302s.
250917-06:16:12,154 nipype.workflow INFO:
	 [Node] Finished "unifize", elapsed time 110.875556s.
250917-06:16:12,159 nipype.workflow INFO:
	 [Node] Finished "unifize", elapsed time 110.871606s.
250917-06:16:12,829 nipype.workflow INFO:
	 [Node] Finished "unifize", elapsed time 111.540874s.
250917-06:16:13,378 nipype.workflow INFO:
	 [Node] Setting-up "_inu_n40" in "/work/fmriprep_25_0_wf/sub_01_wf/anat_fit_wf/brain_extraction_wf/inu_n4/mapflow/_inu_n40".
250917-06:16:13,405 nipype.workflow INFO:
	 [Node] Executing "_inu_n40" <nipype.interfaces.ants.segmentation.N4BiasFieldCorrection>
250917-06:18:25,417 nipype.workflow INFO:
	 [Node] Finished "_inu_n40", elapsed time 132.010318s.
250917-06:18:27,409 nipype.workflow INFO:
	 [Node] Setting-up "fmriprep_25_0_wf.sub_01_wf.anat_fit_wf.brain_extraction_wf.res_target" in "/work/fmriprep_25_0_wf/sub_01_wf/anat_fit_wf/brain_extraction_wf/res_target".
250917-06:18:27,410 nipype.workflow INFO:
	 [Node] Setting-up "fmriprep_25_0_wf.sub_01_wf.anat_fit_wf.brain_extraction_wf.lap_target" in "/work/fmriprep_25_0_wf/sub_01_wf/anat_fit_wf/brain_extraction_wf/lap_target".
250917-06:18:27,411 nipype.workflow INFO:
	 [Node] Setting-up "fmriprep_25_0_wf.sub_01_wf.bold_task_rsvp_run_1_wf.bold_fit_wf.enhance_and_skullstrip_bold_wf.fixhdr_unifize" in "/work/fmriprep_25_0_wf/sub_01_wf/bold_task_rsvp_run_1_wf/bold_fit_wf/enhance_and_skullstrip_bold_wf/fixhdr_unifize".
250917-06:18:27,412 nipype.workflow INFO:
	 [Node] Setting-up "fmriprep_25_0_wf.sub_01_wf.bold_task_rsvp_run_2_wf.bold_fit_wf.enhance_and_skullstrip_bold_wf.fixhdr_unifize" in "/work/fmriprep_25_0_wf/sub_01_wf/bold_task_rsvp_run_2_wf/bold_fit_wf/enhance_and_skullstrip_bold_wf/fixhdr_unifize".
250917-06:18:27,413 nipype.workflow INFO:
	 [Node] Setting-up "fmriprep_25_0_wf.sub_01_wf.bold_task_rsvp_run_3_wf.bold_fit_wf.enhance_and_skullstrip_bold_wf.fixhdr_unifize" in "/work/fmriprep_25_0_wf/sub_01_wf/bold_task_rsvp_run_3_wf/bold_fit_wf/enhance_and_skullstrip_bold_wf/fixhdr_unifize".
250917-06:18:27,414 nipype.workflow INFO:
	 [Node] Setting-up "fmriprep_25_0_wf.sub_01_wf.bold_task_rsvp_run_5_wf.bold_fit_wf.enhance_and_skullstrip_bold_wf.fixhdr_unifize" in "/work/fmriprep_25_0_wf/sub_01_wf/bold_task_rsvp_run_5_wf/bold_fit_wf/enhance_and_skullstrip_bold_wf/fixhdr_unifize".
250917-06:18:27,416 nipype.workflow INFO:
	 [Node] Setting-up "fmriprep_25_0_wf.sub_01_wf.bold_task_rsvp_run_4_wf.bold_fit_wf.enhance_and_skullstrip_bold_wf.skullstrip_second_pass" in "/work/fmriprep_25_0_wf/sub_01_wf/bold_task_rsvp_run_4_wf/bold_fit_wf/enhance_and_skullstrip_bold_wf/skullstrip_second_pass".
250917-06:18:27,417 nipype.workflow INFO:
	 [Node] Setting-up "fmriprep_25_0_wf.sub_01_wf.bold_task_rsvp_run_6_wf.bold_fit_wf.enhance_and_skullstrip_bold_wf.fixhdr_skullstrip2" in "/work/fmriprep_25_0_wf/sub_01_wf/bold_task_rsvp_run_6_wf/bold_fit_wf/enhance_and_skullstrip_bold_wf/fixhdr_skullstrip2".
250917-06:18:27,441 nipype.workflow INFO:
	 [Node] Executing "lap_target" <nipype.interfaces.ants.utils.ImageMath>
250917-06:18:27,441 nipype.workflow INFO:
	 [Node] Executing "fixhdr_unifize" <niworkflows.interfaces.header.CopyXForm>
250917-06:18:27,442 nipype.workflow INFO:
	 [Node] Executing "res_target" <niworkflows.interfaces.nibabel.RegridToZooms>
250917-06:18:27,444 nipype.workflow INFO:
	 [Node] Executing "fixhdr_unifize" <niworkflows.interfaces.header.CopyXForm>
250917-06:18:27,445 nipype.workflow INFO:
	 [Node] Executing "fixhdr_unifize" <niworkflows.interfaces.header.CopyXForm>
250917-06:18:27,447 nipype.workflow INFO:
	 [Node] Executing "fixhdr_skullstrip2" <niworkflows.interfaces.header.CopyXForm>
250917-06:18:27,448 nipype.workflow INFO:
	 [Node] Executing "fixhdr_unifize" <niworkflows.interfaces.header.CopyXForm>
250917-06:18:27,449 nipype.workflow INFO:
	 [Node] Executing "skullstrip_second_pass" <nipype.interfaces.afni.preprocess.Automask>
250917-06:18:27,486 nipype.workflow INFO:
	 [Node] Finished "fixhdr_skullstrip2", elapsed time 0.038263s.
250917-06:18:27,501 nipype.workflow INFO:
	 [Node] Finished "fixhdr_unifize", elapsed time 0.054835s.
250917-06:18:27,512 nipype.workflow INFO:
	 [Node] Finished "fixhdr_unifize", elapsed time 0.063335s.
250917-06:18:27,513 nipype.workflow INFO:
	 [Node] Finished "fixhdr_unifize", elapsed time 0.066445s.
250917-06:18:27,515 nipype.workflow INFO:
	 [Node] Finished "fixhdr_unifize", elapsed time 0.073211s.
250917-06:18:27,755 nipype.workflow INFO:
	 [Node] Finished "skullstrip_second_pass", elapsed time 0.305346s.
250917-06:18:29,396 nipype.workflow INFO:
	 [Node] Setting-up "fmriprep_25_0_wf.sub_01_wf.bold_task_rsvp_run_1_wf.bold_fit_wf.enhance_and_skullstrip_bold_wf.skullstrip_second_pass" in "/work/fmriprep_25_0_wf/sub_01_wf/bold_task_rsvp_run_1_wf/bold_fit_wf/enhance_and_skullstrip_bold_wf/skullstrip_second_pass".
250917-06:18:29,397 nipype.workflow INFO:
	 [Node] Setting-up "fmriprep_25_0_wf.sub_01_wf.bold_task_rsvp_run_2_wf.bold_fit_wf.enhance_and_skullstrip_bold_wf.skullstrip_second_pass" in "/work/fmriprep_25_0_wf/sub_01_wf/bold_task_rsvp_run_2_wf/bold_fit_wf/enhance_and_skullstrip_bold_wf/skullstrip_second_pass".
250917-06:18:29,398 nipype.workflow INFO:
	 [Node] Setting-up "fmriprep_25_0_wf.sub_01_wf.bold_task_rsvp_run_3_wf.bold_fit_wf.enhance_and_skullstrip_bold_wf.skullstrip_second_pass" in "/work/fmriprep_25_0_wf/sub_01_wf/bold_task_rsvp_run_3_wf/bold_fit_wf/enhance_and_skullstrip_bold_wf/skullstrip_second_pass".
250917-06:18:29,399 nipype.workflow INFO:
	 [Node] Setting-up "fmriprep_25_0_wf.sub_01_wf.bold_task_rsvp_run_5_wf.bold_fit_wf.enhance_and_skullstrip_bold_wf.skullstrip_second_pass" in "/work/fmriprep_25_0_wf/sub_01_wf/bold_task_rsvp_run_5_wf/bold_fit_wf/enhance_and_skullstrip_bold_wf/skullstrip_second_pass".
250917-06:18:29,400 nipype.workflow INFO:
	 [Node] Setting-up "fmriprep_25_0_wf.sub_01_wf.bold_task_rsvp_run_4_wf.bold_fit_wf.enhance_and_skullstrip_bold_wf.fixhdr_skullstrip2" in "/work/fmriprep_25_0_wf/sub_01_wf/bold_task_rsvp_run_4_wf/bold_fit_wf/enhance_and_skullstrip_bold_wf/fixhdr_skullstrip2".
250917-06:18:29,401 nipype.workflow INFO:
	 [Node] Setting-up "fmriprep_25_0_wf.sub_01_wf.bold_task_rsvp_run_6_wf.bold_fit_wf.enhance_and_skullstrip_bold_wf.combine_masks" in "/work/fmriprep_25_0_wf/sub_01_wf/bold_task_rsvp_run_6_wf/bold_fit_wf/enhance_and_skullstrip_bold_wf/combine_masks".
250917-06:18:29,428 nipype.workflow INFO:
	 [Node] Executing "skullstrip_second_pass" <nipype.interfaces.afni.preprocess.Automask>
250917-06:18:29,429 nipype.workflow INFO:
	 [Node] Executing "skullstrip_second_pass" <nipype.interfaces.afni.preprocess.Automask>
250917-06:18:29,431 nipype.workflow INFO:
	 [Node] Executing "fixhdr_skullstrip2" <niworkflows.interfaces.header.CopyXForm>
250917-06:18:29,431 nipype.workflow INFO:
	 [Node] Executing "skullstrip_second_pass" <nipype.interfaces.afni.preprocess.Automask>
250917-06:18:29,431 nipype.workflow INFO:
	 [Node] Executing "skullstrip_second_pass" <nipype.interfaces.afni.preprocess.Automask>
250917-06:18:29,432 nipype.workflow INFO:
	 [Node] Executing "combine_masks" <nipype.interfaces.fsl.maths.BinaryMaths>
250917-06:18:29,467 nipype.workflow INFO:
	 [Node] Finished "fixhdr_skullstrip2", elapsed time 0.035337s.
250917-06:18:29,613 nipype.workflow INFO:
	 [Node] Finished "combine_masks", elapsed time 0.180277s.
250917-06:18:29,646 nipype.workflow INFO:
	 [Node] Finished "skullstrip_second_pass", elapsed time 0.217811s.
250917-06:18:29,689 nipype.workflow INFO:
	 [Node] Finished "skullstrip_second_pass", elapsed time 0.259327s.
250917-06:18:29,716 nipype.workflow INFO:
	 [Node] Finished "skullstrip_second_pass", elapsed time 0.284586s.
250917-06:18:29,792 nipype.workflow INFO:
	 [Node] Finished "skullstrip_second_pass", elapsed time 0.360429s.
250917-06:18:31,389 nipype.workflow INFO:
	 [Node] Setting-up "fmriprep_25_0_wf.sub_01_wf.bold_task_rsvp_run_1_wf.bold_fit_wf.enhance_and_skullstrip_bold_wf.fixhdr_skullstrip2" in "/work/fmriprep_25_0_wf/sub_01_wf/bold_task_rsvp_run_1_wf/bold_fit_wf/enhance_and_skullstrip_bold_wf/fixhdr_skullstrip2".
250917-06:18:31,390 nipype.workflow INFO:
	 [Node] Setting-up "fmriprep_25_0_wf.sub_01_wf.bold_task_rsvp_run_2_wf.bold_fit_wf.enhance_and_skullstrip_bold_wf.fixhdr_skullstrip2" in "/work/fmriprep_25_0_wf/sub_01_wf/bold_task_rsvp_run_2_wf/bold_fit_wf/enhance_and_skullstrip_bold_wf/fixhdr_skullstrip2".
250917-06:18:31,390 nipype.workflow INFO:
	 [Node] Setting-up "fmriprep_25_0_wf.sub_01_wf.bold_task_rsvp_run_3_wf.bold_fit_wf.enhance_and_skullstrip_bold_wf.fixhdr_skullstrip2" in "/work/fmriprep_25_0_wf/sub_01_wf/bold_task_rsvp_run_3_wf/bold_fit_wf/enhance_and_skullstrip_bold_wf/fixhdr_skullstrip2".
250917-06:18:31,391 nipype.workflow INFO:
	 [Node] Setting-up "fmriprep_25_0_wf.sub_01_wf.bold_task_rsvp_run_5_wf.bold_fit_wf.enhance_and_skullstrip_bold_wf.fixhdr_skullstrip2" in "/work/fmriprep_25_0_wf/sub_01_wf/bold_task_rsvp_run_5_wf/bold_fit_wf/enhance_and_skullstrip_bold_wf/fixhdr_skullstrip2".
250917-06:18:31,392 nipype.workflow INFO:
	 [Node] Setting-up "fmriprep_25_0_wf.sub_01_wf.bold_task_rsvp_run_6_wf.bold_fit_wf.enhance_and_skullstrip_bold_wf.apply_mask" in "/work/fmriprep_25_0_wf/sub_01_wf/bold_task_rsvp_run_6_wf/bold_fit_wf/enhance_and_skullstrip_bold_wf/apply_mask".
250917-06:18:31,392 nipype.workflow INFO:
	 [Node] Setting-up "fmriprep_25_0_wf.sub_01_wf.bold_task_rsvp_run_4_wf.bold_fit_wf.enhance_and_skullstrip_bold_wf.combine_masks" in "/work/fmriprep_25_0_wf/sub_01_wf/bold_task_rsvp_run_4_wf/bold_fit_wf/enhance_and_skullstrip_bold_wf/combine_masks".
250917-06:18:31,421 nipype.workflow INFO:
	 [Node] Executing "fixhdr_skullstrip2" <niworkflows.interfaces.header.CopyXForm>
250917-06:18:31,421 nipype.workflow INFO:
	 [Node] Executing "fixhdr_skullstrip2" <niworkflows.interfaces.header.CopyXForm>
250917-06:18:31,421 nipype.workflow INFO:
	 [Node] Executing "apply_mask" <niworkflows.interfaces.nibabel.ApplyMask>
250917-06:18:31,422 nipype.workflow INFO:
	 [Node] Executing "fixhdr_skullstrip2" <niworkflows.interfaces.header.CopyXForm>
250917-06:18:31,425 nipype.workflow INFO:
	 [Node] Executing "combine_masks" <nipype.interfaces.fsl.maths.BinaryMaths>
250917-06:18:31,427 nipype.workflow INFO:
	 [Node] Executing "fixhdr_skullstrip2" <niworkflows.interfaces.header.CopyXForm>
250917-06:18:31,457 nipype.workflow INFO:
	 [Node] Finished "fixhdr_skullstrip2", elapsed time 0.035353s.
250917-06:18:31,462 nipype.workflow INFO:
	 [Node] Finished "fixhdr_skullstrip2", elapsed time 0.038096s.
250917-06:18:31,464 nipype.workflow INFO:
	 [Node] Finished "fixhdr_skullstrip2", elapsed time 0.03565s.
250917-06:18:31,466 nipype.workflow INFO:
	 [Node] Finished "fixhdr_skullstrip2", elapsed time 0.044061s.
250917-06:18:31,477 nipype.workflow INFO:
	 [Node] Finished "apply_mask", elapsed time 0.05488s.
250917-06:18:31,718 nipype.workflow INFO:
	 [Node] Finished "combine_masks", elapsed time 0.29136s.
250917-06:18:32,56 nipype.workflow INFO:
	 [Node] Finished "res_target", elapsed time 4.613157s.
250917-06:18:33,385 nipype.workflow INFO:
	 [Node] Setting-up "fmriprep_25_0_wf.sub_01_wf.bold_task_rsvp_run_1_wf.bold_fit_wf.enhance_and_skullstrip_bold_wf.combine_masks" in "/work/fmriprep_25_0_wf/sub_01_wf/bold_task_rsvp_run_1_wf/bold_fit_wf/enhance_and_skullstrip_bold_wf/combine_masks".
250917-06:18:33,386 nipype.workflow INFO:
	 [Node] Setting-up "fmriprep_25_0_wf.sub_01_wf.bold_task_rsvp_run_2_wf.bold_fit_wf.enhance_and_skullstrip_bold_wf.combine_masks" in "/work/fmriprep_25_0_wf/sub_01_wf/bold_task_rsvp_run_2_wf/bold_fit_wf/enhance_and_skullstrip_bold_wf/combine_masks".
250917-06:18:33,386 nipype.workflow INFO:
	 [Node] Setting-up "fmriprep_25_0_wf.sub_01_wf.bold_task_rsvp_run_3_wf.bold_fit_wf.enhance_and_skullstrip_bold_wf.combine_masks" in "/work/fmriprep_25_0_wf/sub_01_wf/bold_task_rsvp_run_3_wf/bold_fit_wf/enhance_and_skullstrip_bold_wf/combine_masks".
250917-06:18:33,388 nipype.workflow INFO:
	 [Node] Setting-up "fmriprep_25_0_wf.sub_01_wf.bold_task_rsvp_run_4_wf.bold_fit_wf.enhance_and_skullstrip_bold_wf.apply_mask" in "/work/fmriprep_25_0_wf/sub_01_wf/bold_task_rsvp_run_4_wf/bold_fit_wf/enhance_and_skullstrip_bold_wf/apply_mask".
250917-06:18:33,390 nipype.workflow INFO:
	 [Node] Setting-up "fmriprep_25_0_wf.sub_01_wf.bold_task_rsvp_run_6_wf.bold_fit_wf.fmapreg_wf.dilate_target_mask" in "/work/fmriprep_25_0_wf/sub_01_wf/bold_task_rsvp_run_6_wf/bold_fit_wf/fmapreg_wf/dilate_target_mask".
250917-06:18:33,395 nipype.workflow INFO:
	 [Node] Setting-up "fmriprep_25_0_wf.sub_01_wf.bold_task_rsvp_run_4_wf.bold_fit_wf.fmapreg_wf.dilate_target_mask" in "/work/fmriprep_25_0_wf/sub_01_wf/bold_task_rsvp_run_4_wf/bold_fit_wf/fmapreg_wf/dilate_target_mask".
250917-06:18:33,414 nipype.workflow INFO:
	 [Node] Executing "combine_masks" <nipype.interfaces.fsl.maths.BinaryMaths>
250917-06:18:33,414 nipype.workflow INFO:
	 [Node] Executing "combine_masks" <nipype.interfaces.fsl.maths.BinaryMaths>
250917-06:18:33,416 nipype.workflow INFO:
	 [Node] Executing "dilate_target_mask" <sdcflows.interfaces.brainmask.BinaryDilation>
250917-06:18:33,417 nipype.workflow INFO:
	 [Node] Executing "combine_masks" <nipype.interfaces.fsl.maths.BinaryMaths>
250917-06:18:33,417 nipype.workflow INFO:
	 [Node] Executing "apply_mask" <niworkflows.interfaces.nibabel.ApplyMask>
250917-06:18:33,419 nipype.workflow INFO:
	 [Node] Executing "dilate_target_mask" <sdcflows.interfaces.brainmask.BinaryDilation>
250917-06:18:33,457 nipype.workflow INFO:
	 [Node] Setting-up "fmriprep_25_0_wf.sub_01_wf.bold_task_rsvp_run_5_wf.bold_fit_wf.enhance_and_skullstrip_bold_wf.combine_masks" in "/work/fmriprep_25_0_wf/sub_01_wf/bold_task_rsvp_run_5_wf/bold_fit_wf/enhance_and_skullstrip_bold_wf/combine_masks".
250917-06:18:33,478 nipype.workflow INFO:
	 [Node] Finished "apply_mask", elapsed time 0.060091s.
250917-06:18:33,485 nipype.workflow INFO:
	 [Node] Executing "combine_masks" <nipype.interfaces.fsl.maths.BinaryMaths>
250917-06:18:33,510 nipype.workflow INFO:
	 [Node] Finished "dilate_target_mask", elapsed time 0.092652s.
250917-06:18:33,514 nipype.workflow INFO:
	 [Node] Finished "dilate_target_mask", elapsed time 0.093606s.
250917-06:18:33,589 nipype.workflow INFO:
	 [Node] Finished "combine_masks", elapsed time 0.173255s.
250917-06:18:33,598 nipype.workflow INFO:
	 [Node] Finished "combine_masks", elapsed time 0.183105s.
250917-06:18:33,604 nipype.workflow INFO:
	 [Node] Finished "combine_masks", elapsed time 0.186517s.
250917-06:18:33,608 nipype.workflow INFO:
	 [Node] Finished "combine_masks", elapsed time 0.122133s.
250917-06:18:35,386 nipype.workflow INFO:
	 [Node] Setting-up "fmriprep_25_0_wf.sub_01_wf.bold_task_rsvp_run_1_wf.bold_fit_wf.enhance_and_skullstrip_bold_wf.apply_mask" in "/work/fmriprep_25_0_wf/sub_01_wf/bold_task_rsvp_run_1_wf/bold_fit_wf/enhance_and_skullstrip_bold_wf/apply_mask".
250917-06:18:35,388 nipype.workflow INFO:
	 [Node] Setting-up "fmriprep_25_0_wf.sub_01_wf.bold_task_rsvp_run_2_wf.bold_fit_wf.enhance_and_skullstrip_bold_wf.apply_mask" in "/work/fmriprep_25_0_wf/sub_01_wf/bold_task_rsvp_run_2_wf/bold_fit_wf/enhance_and_skullstrip_bold_wf/apply_mask".
250917-06:18:35,389 nipype.workflow INFO:
	 [Node] Setting-up "fmriprep_25_0_wf.sub_01_wf.bold_task_rsvp_run_2_wf.bold_fit_wf.fmapreg_wf.dilate_target_mask" in "/work/fmriprep_25_0_wf/sub_01_wf/bold_task_rsvp_run_2_wf/bold_fit_wf/fmapreg_wf/dilate_target_mask".
250917-06:18:35,389 nipype.workflow INFO:
	 [Node] Setting-up "fmriprep_25_0_wf.sub_01_wf.bold_task_rsvp_run_3_wf.bold_fit_wf.enhance_and_skullstrip_bold_wf.apply_mask" in "/work/fmriprep_25_0_wf/sub_01_wf/bold_task_rsvp_run_3_wf/bold_fit_wf/enhance_and_skullstrip_bold_wf/apply_mask".
250917-06:18:35,390 nipype.workflow INFO:
	 [Node] Setting-up "fmriprep_25_0_wf.sub_01_wf.bold_task_rsvp_run_1_wf.bold_fit_wf.fmapreg_wf.dilate_target_mask" in "/work/fmriprep_25_0_wf/sub_01_wf/bold_task_rsvp_run_1_wf/bold_fit_wf/fmapreg_wf/dilate_target_mask".
250917-06:18:35,390 nipype.workflow INFO:
	 [Node] Setting-up "fmriprep_25_0_wf.sub_01_wf.bold_task_rsvp_run_3_wf.bold_fit_wf.fmapreg_wf.dilate_target_mask" in "/work/fmriprep_25_0_wf/sub_01_wf/bold_task_rsvp_run_3_wf/bold_fit_wf/fmapreg_wf/dilate_target_mask".
250917-06:18:35,391 nipype.workflow INFO:
	 [Node] Setting-up "fmriprep_25_0_wf.sub_01_wf.bold_task_rsvp_run_5_wf.bold_fit_wf.enhance_and_skullstrip_bold_wf.apply_mask" in "/work/fmriprep_25_0_wf/sub_01_wf/bold_task_rsvp_run_5_wf/bold_fit_wf/enhance_and_skullstrip_bold_wf/apply_mask".
250917-06:18:35,415 nipype.workflow INFO:
	 [Node] Executing "dilate_target_mask" <sdcflows.interfaces.brainmask.BinaryDilation>
250917-06:18:35,416 nipype.workflow INFO:
	 [Node] Executing "dilate_target_mask" <sdcflows.interfaces.brainmask.BinaryDilation>
250917-06:18:35,416 nipype.workflow INFO:
	 [Node] Executing "apply_mask" <niworkflows.interfaces.nibabel.ApplyMask>
250917-06:18:35,416 nipype.workflow INFO:
	 [Node] Executing "apply_mask" <niworkflows.interfaces.nibabel.ApplyMask>
250917-06:18:35,417 nipype.workflow INFO:
	 [Node] Executing "dilate_target_mask" <sdcflows.interfaces.brainmask.BinaryDilation>
250917-06:18:35,418 nipype.workflow INFO:
	 [Node] Executing "apply_mask" <niworkflows.interfaces.nibabel.ApplyMask>
250917-06:18:35,418 nipype.workflow INFO:
	 [Node] Executing "apply_mask" <niworkflows.interfaces.nibabel.ApplyMask>
250917-06:18:35,460 nipype.workflow INFO:
	 [Node] Finished "apply_mask", elapsed time 0.04348s.
250917-06:18:35,464 nipype.workflow INFO:
	 [Node] Finished "apply_mask", elapsed time 0.046602s.
250917-06:18:35,467 nipype.workflow INFO:
	 [Node] Finished "apply_mask", elapsed time 0.048893s.
250917-06:18:35,470 nipype.workflow INFO:
	 [Node] Finished "apply_mask", elapsed time 0.0519s.
250917-06:18:35,491 nipype.workflow INFO:
	 [Node] Finished "dilate_target_mask", elapsed time 0.073643s.
250917-06:18:35,494 nipype.workflow INFO:
	 [Node] Finished "dilate_target_mask", elapsed time 0.077705s.
250917-06:18:35,495 nipype.workflow INFO:
	 [Node] Finished "dilate_target_mask", elapsed time 0.077567s.
250917-06:18:37,387 nipype.workflow INFO:
	 [Node] Setting-up "fmriprep_25_0_wf.sub_01_wf.bold_task_rsvp_run_5_wf.bold_fit_wf.fmapreg_wf.dilate_target_mask" in "/work/fmriprep_25_0_wf/sub_01_wf/bold_task_rsvp_run_5_wf/bold_fit_wf/fmapreg_wf/dilate_target_mask".
250917-06:18:37,420 nipype.workflow INFO:
	 [Node] Executing "dilate_target_mask" <sdcflows.interfaces.brainmask.BinaryDilation>
250917-06:18:37,511 nipype.workflow INFO:
	 [Node] Finished "dilate_target_mask", elapsed time 0.090093s.
250917-06:19:19,711 nipype.workflow INFO:
	 [Node] Finished "lap_target", elapsed time 52.269525s.
250917-06:19:21,381 nipype.workflow INFO:
	 [Node] Setting-up "fmriprep_25_0_wf.sub_01_wf.anat_fit_wf.brain_extraction_wf.init_aff" in "/work/fmriprep_25_0_wf/sub_01_wf/anat_fit_wf/brain_extraction_wf/init_aff".
250917-06:19:21,416 nipype.workflow INFO:
	 [Node] Executing "init_aff" <nipype.interfaces.ants.utils.AI>
250917-06:19:36,499 nipype.workflow INFO:
	 [Node] Finished "init_aff", elapsed time 15.081459s.
250917-06:19:37,388 nipype.workflow INFO:
	 [Node] Setting-up "fmriprep_25_0_wf.sub_01_wf.anat_fit_wf.brain_extraction_wf.mrg_target" in "/work/fmriprep_25_0_wf/sub_01_wf/anat_fit_wf/brain_extraction_wf/mrg_target".
250917-06:19:37,434 nipype.workflow INFO:
	 [Node] Executing "mrg_target" <nipype.interfaces.utility.base.Merge>
250917-06:19:37,437 nipype.workflow INFO:
	 [Node] Finished "mrg_target", elapsed time 0.000637s.
250917-06:19:39,390 nipype.workflow INFO:
	 [Node] Setting-up "fmriprep_25_0_wf.sub_01_wf.anat_fit_wf.brain_extraction_wf.norm" in "/work/fmriprep_25_0_wf/sub_01_wf/anat_fit_wf/brain_extraction_wf/norm".
250917-06:19:39,435 nipype.workflow INFO:
	 [Node] Executing "norm" <niworkflows.interfaces.fixes.FixHeaderRegistration>
250917-06:24:35,759 nipype.workflow INFO:
	 [Node] Finished "autorecon1", elapsed time 572.343635s.
250917-06:24:37,474 nipype.workflow INFO:
	 [Node] Setting-up "fmriprep_25_0_wf.sub_01_wf.anat_fit_wf.surface_recon_wf.fsnative2t1w_xfm" in "/work/fmriprep_25_0_wf/sub_01_wf/anat_fit_wf/surface_recon_wf/fsnative2t1w_xfm".
250917-06:24:37,510 nipype.workflow INFO:
	 [Node] Executing "fsnative2t1w_xfm" <niworkflows.interfaces.freesurfer.PatchedRobustRegister>
250917-06:25:30,417 nipype.workflow INFO:
	 [Node] Finished "fsnative2t1w_xfm", elapsed time 52.905777s.
250917-06:25:31,691 nipype.workflow INFO:
	 [Node] Setting-up "fmriprep_25_0_wf.sub_01_wf.bold_task_rsvp_run_1_wf.bold_fit_wf.fmapreg_wf.coregister" in "/work/fmriprep_25_0_wf/sub_01_wf/bold_task_rsvp_run_1_wf/bold_fit_wf/fmapreg_wf/coregister".
250917-06:25:31,755 nipype.workflow INFO:
	 [Node] Executing "coregister" <niworkflows.interfaces.fixes.FixHeaderRegistration>
250917-06:25:32,265 nipype.workflow INFO:
	 [Node] Finished "coregister", elapsed time 0.508459s.
250917-06:25:33,983 nipype.workflow INFO:
	 [Node] Setting-up "fmriprep_25_0_wf.sub_01_wf.bold_task_rsvp_run_2_wf.bold_fit_wf.fmapreg_wf.coregister" in "/work/fmriprep_25_0_wf/sub_01_wf/bold_task_rsvp_run_2_wf/bold_fit_wf/fmapreg_wf/coregister".
250917-06:25:34,27 nipype.workflow INFO:
	 [Node] Executing "coregister" <niworkflows.interfaces.fixes.FixHeaderRegistration>
250917-06:25:34,520 nipype.workflow INFO:
	 [Node] Finished "coregister", elapsed time 0.491594s.
250917-06:25:35,412 nipype.workflow INFO:
	 [Node] Setting-up "fmriprep_25_0_wf.sub_01_wf.bold_task_rsvp_run_3_wf.bold_fit_wf.fmapreg_wf.coregister" in "/work/fmriprep_25_0_wf/sub_01_wf/bold_task_rsvp_run_3_wf/bold_fit_wf/fmapreg_wf/coregister".
250917-06:25:35,469 nipype.workflow INFO:
	 [Node] Executing "coregister" <niworkflows.interfaces.fixes.FixHeaderRegistration>
250917-06:25:35,968 nipype.workflow INFO:
	 [Node] Finished "coregister", elapsed time 0.497481s.
250917-06:25:37,419 nipype.workflow INFO:
	 [Node] Setting-up "fmriprep_25_0_wf.sub_01_wf.bold_task_rsvp_run_4_wf.bold_fit_wf.fmapreg_wf.coregister" in "/work/fmriprep_25_0_wf/sub_01_wf/bold_task_rsvp_run_4_wf/bold_fit_wf/fmapreg_wf/coregister".
250917-06:25:37,456 nipype.workflow INFO:
	 [Node] Executing "coregister" <niworkflows.interfaces.fixes.FixHeaderRegistration>
250917-06:25:37,984 nipype.workflow INFO:
	 [Node] Finished "coregister", elapsed time 0.526815s.
250917-06:25:39,430 nipype.workflow INFO:
	 [Node] Setting-up "fmriprep_25_0_wf.sub_01_wf.bold_task_rsvp_run_5_wf.bold_fit_wf.fmapreg_wf.coregister" in "/work/fmriprep_25_0_wf/sub_01_wf/bold_task_rsvp_run_5_wf/bold_fit_wf/fmapreg_wf/coregister".
250917-06:25:39,490 nipype.workflow INFO:
	 [Node] Executing "coregister" <niworkflows.interfaces.fixes.FixHeaderRegistration>
250917-06:25:40,51 nipype.workflow INFO:
	 [Node] Finished "coregister", elapsed time 0.559808s.
250917-06:25:41,424 nipype.workflow INFO:
	 [Node] Setting-up "fmriprep_25_0_wf.sub_01_wf.bold_task_rsvp_run_6_wf.bold_fit_wf.fmapreg_wf.coregister" in "/work/fmriprep_25_0_wf/sub_01_wf/bold_task_rsvp_run_6_wf/bold_fit_wf/fmapreg_wf/coregister".
250917-06:25:41,486 nipype.workflow INFO:
	 [Node] Executing "coregister" <niworkflows.interfaces.fixes.FixHeaderRegistration>
250917-06:25:41,970 nipype.workflow INFO:
	 [Node] Finished "coregister", elapsed time 0.482476s.
250917-06:25:43,410 nipype.workflow INFO:
	 [Node] Setting-up "fmriprep_25_0_wf.sub_01_wf.bold_task_rsvp_run_2_wf.bold_fit_wf.itk_mat2txt" in "/work/fmriprep_25_0_wf/sub_01_wf/bold_task_rsvp_run_2_wf/bold_fit_wf/itk_mat2txt".
250917-06:25:43,410 nipype.workflow INFO:
	 [Node] Setting-up "fmriprep_25_0_wf.sub_01_wf.bold_task_rsvp_run_3_wf.bold_fit_wf.itk_mat2txt" in "/work/fmriprep_25_0_wf/sub_01_wf/bold_task_rsvp_run_3_wf/bold_fit_wf/itk_mat2txt".
250917-06:25:43,410 nipype.workflow INFO:
	 [Node] Setting-up "fmriprep_25_0_wf.sub_01_wf.bold_task_rsvp_run_1_wf.bold_fit_wf.itk_mat2txt" in "/work/fmriprep_25_0_wf/sub_01_wf/bold_task_rsvp_run_1_wf/bold_fit_wf/itk_mat2txt".
250917-06:25:43,413 nipype.workflow INFO:
	 [Node] Setting-up "fmriprep_25_0_wf.sub_01_wf.bold_task_rsvp_run_4_wf.bold_fit_wf.itk_mat2txt" in "/work/fmriprep_25_0_wf/sub_01_wf/bold_task_rsvp_run_4_wf/bold_fit_wf/itk_mat2txt".
250917-06:25:43,413 nipype.workflow INFO:
	 [Node] Setting-up "fmriprep_25_0_wf.sub_01_wf.bold_task_rsvp_run_5_wf.bold_fit_wf.itk_mat2txt" in "/work/fmriprep_25_0_wf/sub_01_wf/bold_task_rsvp_run_5_wf/bold_fit_wf/itk_mat2txt".
250917-06:25:43,413 nipype.workflow INFO:
	 [Node] Setting-up "fmriprep_25_0_wf.sub_01_wf.bold_task_rsvp_run_6_wf.bold_fit_wf.itk_mat2txt" in "/work/fmriprep_25_0_wf/sub_01_wf/bold_task_rsvp_run_6_wf/bold_fit_wf/itk_mat2txt".
250917-06:25:43,436 nipype.workflow INFO:
	 [Node] Executing "itk_mat2txt" <niworkflows.interfaces.nitransforms.ConcatenateXFMs>
250917-06:25:43,437 nipype.workflow INFO:
	 [Node] Executing "itk_mat2txt" <niworkflows.interfaces.nitransforms.ConcatenateXFMs>
250917-06:25:43,437 nipype.workflow INFO:
	 [Node] Executing "itk_mat2txt" <niworkflows.interfaces.nitransforms.ConcatenateXFMs>
250917-06:25:43,440 nipype.workflow INFO:
	 [Node] Executing "itk_mat2txt" <niworkflows.interfaces.nitransforms.ConcatenateXFMs>
250917-06:25:43,442 nipype.workflow INFO:
	 [Node] Executing "itk_mat2txt" <niworkflows.interfaces.nitransforms.ConcatenateXFMs>
250917-06:25:43,442 nipype.workflow INFO:
	 [Node] Executing "itk_mat2txt" <niworkflows.interfaces.nitransforms.ConcatenateXFMs>
250917-06:25:43,442 nipype.workflow INFO:
	 [Node] Finished "itk_mat2txt", elapsed time 0.005112s.
250917-06:25:43,443 nipype.workflow INFO:
	 [Node] Finished "itk_mat2txt", elapsed time 0.005249s.
250917-06:25:43,444 nipype.workflow INFO:
	 [Node] Finished "itk_mat2txt", elapsed time 0.005953s.
250917-06:25:43,445 nipype.workflow INFO:
	 [Node] Finished "itk_mat2txt", elapsed time 0.004086s.
250917-06:25:43,448 nipype.workflow INFO:
	 [Node] Finished "itk_mat2txt", elapsed time 0.005793s.
250917-06:25:43,448 nipype.workflow INFO:
	 [Node] Finished "itk_mat2txt", elapsed time 0.005704s.
250917-06:26:24,206 nipype.workflow INFO:
	 [Node] Finished "norm", elapsed time 404.769534s.
250917-06:26:25,429 nipype.workflow INFO:
	 [Node] Setting-up "fmriprep_25_0_wf.sub_01_wf.anat_fit_wf.brain_extraction_wf.map_brainmask" in "/work/fmriprep_25_0_wf/sub_01_wf/anat_fit_wf/brain_extraction_wf/map_brainmask".
250917-06:26:25,430 nipype.workflow INFO:
	 [Node] Setting-up "fmriprep_25_0_wf.sub_01_wf.anat_fit_wf.brain_extraction_wf.map_wmmask" in "/work/fmriprep_25_0_wf/sub_01_wf/anat_fit_wf/brain_extraction_wf/map_wmmask".
250917-06:26:25,469 nipype.workflow INFO:
	 [Node] Executing "map_brainmask" <niworkflows.interfaces.fixes.FixHeaderApplyTransforms>
250917-06:26:25,470 nipype.workflow INFO:
	 [Node] Executing "map_wmmask" <niworkflows.interfaces.fixes.FixHeaderApplyTransforms>
250917-06:27:40,657 nipype.workflow INFO:
	 [Node] Finished "map_brainmask", elapsed time 75.186145s.
250917-06:27:41,473 nipype.workflow INFO:
	 [Node] Setting-up "fmriprep_25_0_wf.sub_01_wf.anat_fit_wf.brain_extraction_wf.thr_brainmask" in "/work/fmriprep_25_0_wf/sub_01_wf/anat_fit_wf/brain_extraction_wf/thr_brainmask".
250917-06:27:41,506 nipype.workflow INFO:
	 [Node] Executing "thr_brainmask" <nipype.interfaces.ants.utils.ThresholdImage>
250917-06:27:42,484 nipype.workflow INFO:
	 [Node] Finished "map_wmmask", elapsed time 77.012782s.
250917-06:27:43,475 nipype.workflow INFO:
	 [Node] Setting-up "_inu_n4_final0" in "/work/fmriprep_25_0_wf/sub_01_wf/anat_fit_wf/brain_extraction_wf/inu_n4_final/mapflow/_inu_n4_final0".
250917-06:27:43,507 nipype.workflow INFO:
	 [Node] Executing "_inu_n4_final0" <nipype.interfaces.ants.segmentation.N4BiasFieldCorrection>
250917-06:27:45,862 nipype.workflow INFO:
	 [Node] Finished "thr_brainmask", elapsed time 4.354538s.
250917-06:27:47,445 nipype.workflow INFO:
	 [Node] Setting-up "fmriprep_25_0_wf.sub_01_wf.anat_fit_wf.brain_extraction_wf.atropos_wf.dil_brainmask" in "/work/fmriprep_25_0_wf/sub_01_wf/anat_fit_wf/brain_extraction_wf/atropos_wf/dil_brainmask".
250917-06:27:47,445 nipype.workflow INFO:
	 [Node] Setting-up "fmriprep_25_0_wf.sub_01_wf.anat_fit_wf.brain_extraction_wf.atropos_wf.03_pad_mask" in "/work/fmriprep_25_0_wf/sub_01_wf/anat_fit_wf/brain_extraction_wf/atropos_wf/03_pad_mask".
250917-06:27:47,473 nipype.workflow INFO:
	 [Node] Executing "dil_brainmask" <nipype.interfaces.ants.utils.ImageMath>
250917-06:27:47,473 nipype.workflow INFO:
	 [Node] Executing "03_pad_mask" <nipype.interfaces.ants.utils.ImageMath>
250917-06:27:51,298 nipype.workflow INFO:
	 [Node] Finished "03_pad_mask", elapsed time 3.824143s.
250917-06:27:53,534 nipype.workflow INFO:
	 [Node] Finished "dil_brainmask", elapsed time 6.061012s.
250917-06:27:55,473 nipype.workflow INFO:
	 [Node] Setting-up "fmriprep_25_0_wf.sub_01_wf.anat_fit_wf.brain_extraction_wf.atropos_wf.get_brainmask" in "/work/fmriprep_25_0_wf/sub_01_wf/anat_fit_wf/brain_extraction_wf/atropos_wf/get_brainmask".
250917-06:27:55,503 nipype.workflow INFO:
	 [Node] Executing "get_brainmask" <nipype.interfaces.ants.utils.ImageMath>
250917-06:28:01,277 nipype.workflow INFO:
	 [Node] Finished "get_brainmask", elapsed time 5.773154s.
250917-06:29:17,252 nipype.workflow INFO:
	 [Node] Finished "_inu_n4_final0", elapsed time 93.743453s.
250917-06:29:19,445 nipype.workflow INFO:
	 [Node] Setting-up "fmriprep_25_0_wf.sub_01_wf.anat_fit_wf.brain_extraction_wf.atropos_wf.01_atropos" in "/work/fmriprep_25_0_wf/sub_01_wf/anat_fit_wf/brain_extraction_wf/atropos_wf/01_atropos".
250917-06:29:19,474 nipype.workflow INFO:
	 [Node] Setting-up "_apply_mask0" in "/work/fmriprep_25_0_wf/sub_01_wf/anat_fit_wf/brain_extraction_wf/apply_mask/mapflow/_apply_mask0".
250917-06:29:19,476 nipype.workflow INFO:
	 [Node] Executing "01_atropos" <nipype.interfaces.ants.segmentation.Atropos>
250917-06:29:19,504 nipype.workflow INFO:
	 [Node] Executing "_apply_mask0" <niworkflows.interfaces.nibabel.ApplyMask>
250917-06:29:23,633 nipype.workflow INFO:
	 [Node] Finished "_apply_mask0", elapsed time 4.128467s.
250917-06:31:18,591 nipype.workflow INFO:
	 [Node] Finished "01_atropos", elapsed time 119.113776s.
250917-06:31:19,504 nipype.workflow INFO:
	 [Node] Setting-up "fmriprep_25_0_wf.sub_01_wf.anat_fit_wf.brain_extraction_wf.atropos_wf.02_pad_segm" in "/work/fmriprep_25_0_wf/sub_01_wf/anat_fit_wf/brain_extraction_wf/atropos_wf/02_pad_segm".
250917-06:31:19,533 nipype.workflow INFO:
	 [Node] Executing "02_pad_segm" <nipype.interfaces.ants.utils.ImageMath>
250917-06:31:23,667 nipype.workflow INFO:
	 [Node] Finished "02_pad_segm", elapsed time 4.13311s.
250917-06:32:09,891 nipype.workflow INFO:
	 [Node] Setting-up "fmriprep_25_0_wf.sub_01_wf.anat_fit_wf.brain_extraction_wf.atropos_wf.04_sel_labels" in "/work/fmriprep_25_0_wf/sub_01_wf/anat_fit_wf/brain_extraction_wf/atropos_wf/04_sel_labels".
250917-06:32:09,920 nipype.workflow INFO:
	 [Node] Executing "04_sel_labels" <nipype.interfaces.utility.wrappers.Function>
250917-06:32:11,257 nipype.workflow INFO:
	 [Node] Finished "04_sel_labels", elapsed time 1.33592s.
250917-06:32:11,960 nipype.workflow INFO:
	 [Node] Setting-up "fmriprep_25_0_wf.sub_01_wf.anat_fit_wf.brain_extraction_wf.atropos_wf.05_get_wm" in "/work/fmriprep_25_0_wf/sub_01_wf/anat_fit_wf/brain_extraction_wf/atropos_wf/05_get_wm".
250917-06:32:11,961 nipype.workflow INFO:
	 [Node] Setting-up "fmriprep_25_0_wf.sub_01_wf.anat_fit_wf.brain_extraction_wf.atropos_wf.06_get_gm" in "/work/fmriprep_25_0_wf/sub_01_wf/anat_fit_wf/brain_extraction_wf/atropos_wf/06_get_gm".
250917-06:32:11,961 nipype.workflow INFO:
	 [Node] Setting-up "fmriprep_25_0_wf.sub_01_wf.anat_fit_wf.brain_extraction_wf.atropos_wf.10_me_csf" in "/work/fmriprep_25_0_wf/sub_01_wf/anat_fit_wf/brain_extraction_wf/atropos_wf/10_me_csf".
250917-06:32:11,963 nipype.workflow INFO:
	 [Node] Setting-up "fmriprep_25_0_wf.sub_01_wf.anat_fit_wf.brain_extraction_wf.atropos_wf.27_depad_csf" in "/work/fmriprep_25_0_wf/sub_01_wf/anat_fit_wf/brain_extraction_wf/atropos_wf/27_depad_csf".
250917-06:32:11,996 nipype.workflow INFO:
	 [Node] Executing "06_get_gm" <nipype.interfaces.ants.utils.ImageMath>
250917-06:32:11,996 nipype.workflow INFO:
	 [Node] Executing "05_get_wm" <nipype.interfaces.ants.utils.ImageMath>
250917-06:32:11,996 nipype.workflow INFO:
	 [Node] Executing "10_me_csf" <nipype.interfaces.ants.utils.ImageMath>
250917-06:32:11,996 nipype.workflow INFO:
	 [Node] Executing "27_depad_csf" <nipype.interfaces.ants.utils.ImageMath>
250917-06:32:14,740 nipype.workflow INFO:
	 [Node] Setting-up "fmriprep_25_0_wf.sub_01_wf.anat_fit_wf.brain_extraction_wf.atropos_wf.apply_wm_prior" in "/work/fmriprep_25_0_wf/sub_01_wf/anat_fit_wf/brain_extraction_wf/atropos_wf/apply_wm_prior".
250917-06:32:14,774 nipype.workflow INFO:
	 [Node] Executing "apply_wm_prior" <nipype.interfaces.utility.wrappers.Function>
250917-06:32:15,241 nipype.workflow INFO:
	 [Node] Finished "27_depad_csf", elapsed time 3.244248s.
250917-06:32:18,32 nipype.workflow INFO:
	 [Node] Finished "05_get_wm", elapsed time 6.035571s.
250917-06:32:18,462 nipype.workflow INFO:
	 [Node] Finished "06_get_gm", elapsed time 6.465376s.
250917-06:32:18,727 nipype.workflow INFO:
	 [Node] Setting-up "fmriprep_25_0_wf.sub_01_wf.anat_fit_wf.brain_extraction_wf.atropos_wf.09_relabel_wm" in "/work/fmriprep_25_0_wf/sub_01_wf/anat_fit_wf/brain_extraction_wf/atropos_wf/09_relabel_wm".
250917-06:32:18,727 nipype.workflow INFO:
	 [Node] Setting-up "fmriprep_25_0_wf.sub_01_wf.anat_fit_wf.brain_extraction_wf.atropos_wf.07_fill_gm" in "/work/fmriprep_25_0_wf/sub_01_wf/anat_fit_wf/brain_extraction_wf/atropos_wf/07_fill_gm".
250917-06:32:18,773 nipype.workflow INFO:
	 [Node] Executing "09_relabel_wm" <nipype.interfaces.ants.utils.MultiplyImages>
250917-06:32:18,775 nipype.workflow INFO:
	 [Node] Executing "07_fill_gm" <nipype.interfaces.ants.utils.ImageMath>
250917-06:32:18,782 nipype.workflow INFO:
	 [Node] Finished "apply_wm_prior", elapsed time 4.007115s.
250917-06:32:20,785 nipype.workflow INFO:
	 [Node] Setting-up "_inu_n4_final0" in "/work/fmriprep_25_0_wf/sub_01_wf/anat_fit_wf/brain_extraction_wf/atropos_wf/inu_n4_final/mapflow/_inu_n4_final0".
250917-06:32:20,815 nipype.workflow INFO:
	 [Node] Executing "_inu_n4_final0" <nipype.interfaces.ants.segmentation.N4BiasFieldCorrection>
250917-06:32:22,224 nipype.workflow INFO:
	 [Node] Finished "09_relabel_wm", elapsed time 3.449189s.
250917-06:32:22,695 nipype.workflow INFO:
	 [Node] Setting-up "fmriprep_25_0_wf.sub_01_wf.anat_fit_wf.brain_extraction_wf.atropos_wf.26_depad_wm" in "/work/fmriprep_25_0_wf/sub_01_wf/anat_fit_wf/brain_extraction_wf/atropos_wf/26_depad_wm".
250917-06:32:22,722 nipype.workflow INFO:
	 [Node] Executing "26_depad_wm" <nipype.interfaces.ants.utils.ImageMath>
250917-06:32:26,659 nipype.workflow INFO:
	 [Node] Finished "26_depad_wm", elapsed time 3.936717s.
250917-06:32:30,135 nipype.workflow INFO:
	 [Node] Finished "10_me_csf", elapsed time 18.137592s.
250917-06:33:03,713 nipype.workflow INFO:
	 [Node] Finished "07_fill_gm", elapsed time 44.937316s.
250917-06:33:04,709 nipype.workflow INFO:
	 [Node] Setting-up "fmriprep_25_0_wf.sub_01_wf.anat_fit_wf.brain_extraction_wf.atropos_wf.08_mult_gm" in "/work/fmriprep_25_0_wf/sub_01_wf/anat_fit_wf/brain_extraction_wf/atropos_wf/08_mult_gm".
250917-06:33:04,746 nipype.workflow INFO:
	 [Node] Executing "08_mult_gm" <nipype.interfaces.ants.utils.MultiplyImages>
250917-06:33:08,802 nipype.workflow INFO:
	 [Node] Finished "08_mult_gm", elapsed time 4.054583s.
250917-06:33:10,729 nipype.workflow INFO:
	 [Node] Setting-up "fmriprep_25_0_wf.sub_01_wf.anat_fit_wf.brain_extraction_wf.atropos_wf.11_add_gm" in "/work/fmriprep_25_0_wf/sub_01_wf/anat_fit_wf/brain_extraction_wf/atropos_wf/11_add_gm".
250917-06:33:10,759 nipype.workflow INFO:
	 [Node] Executing "11_add_gm" <nipype.interfaces.ants.utils.ImageMath>
250917-06:33:17,309 nipype.workflow INFO:
	 [Node] Finished "11_add_gm", elapsed time 6.548546s.
250917-06:33:18,720 nipype.workflow INFO:
	 [Node] Setting-up "fmriprep_25_0_wf.sub_01_wf.anat_fit_wf.brain_extraction_wf.atropos_wf.12_relabel_gm" in "/work/fmriprep_25_0_wf/sub_01_wf/anat_fit_wf/brain_extraction_wf/atropos_wf/12_relabel_gm".
250917-06:33:18,749 nipype.workflow INFO:
	 [Node] Executing "12_relabel_gm" <nipype.interfaces.ants.utils.MultiplyImages>
250917-06:33:22,147 nipype.workflow INFO:
	 [Node] Finished "12_relabel_gm", elapsed time 3.397015s.
250917-06:33:22,716 nipype.workflow INFO:
	 [Node] Setting-up "fmriprep_25_0_wf.sub_01_wf.anat_fit_wf.brain_extraction_wf.atropos_wf.13_add_gm_wm" in "/work/fmriprep_25_0_wf/sub_01_wf/anat_fit_wf/brain_extraction_wf/atropos_wf/13_add_gm_wm".
250917-06:33:22,717 nipype.workflow INFO:
	 [Node] Setting-up "fmriprep_25_0_wf.sub_01_wf.anat_fit_wf.brain_extraction_wf.atropos_wf.25_depad_gm" in "/work/fmriprep_25_0_wf/sub_01_wf/anat_fit_wf/brain_extraction_wf/atropos_wf/25_depad_gm".
250917-06:33:22,743 nipype.workflow INFO:
	 [Node] Executing "25_depad_gm" <nipype.interfaces.ants.utils.ImageMath>
250917-06:33:22,744 nipype.workflow INFO:
	 [Node] Executing "13_add_gm_wm" <nipype.interfaces.ants.utils.ImageMath>
250917-06:33:26,705 nipype.workflow INFO:
	 [Node] Finished "25_depad_gm", elapsed time 3.961053s.
250917-06:33:28,706 nipype.workflow INFO:
	 [Node] Setting-up "fmriprep_25_0_wf.sub_01_wf.anat_fit_wf.brain_extraction_wf.atropos_wf.merge_tpms" in "/work/fmriprep_25_0_wf/sub_01_wf/anat_fit_wf/brain_extraction_wf/atropos_wf/merge_tpms".
250917-06:33:28,741 nipype.workflow INFO:
	 [Node] Executing "merge_tpms" <nipype.interfaces.utility.base.Merge>
250917-06:33:28,742 nipype.workflow INFO:
	 [Node] Finished "merge_tpms", elapsed time 0.000379s.
250917-06:33:29,390 nipype.workflow INFO:
	 [Node] Finished "13_add_gm_wm", elapsed time 6.645195s.
250917-06:33:30,709 nipype.workflow INFO:
	 [Node] Setting-up "fmriprep_25_0_wf.sub_01_wf.anat_fit_wf.brain_extraction_wf.atropos_wf.14_sel_labels2" in "/work/fmriprep_25_0_wf/sub_01_wf/anat_fit_wf/brain_extraction_wf/atropos_wf/14_sel_labels2".
250917-06:33:30,710 nipype.workflow INFO:
	 [Node] Setting-up "fmriprep_25_0_wf.sub_01_wf.anat_fit_wf.brain_extraction_wf.atropos_wf.24_depad_segm" in "/work/fmriprep_25_0_wf/sub_01_wf/anat_fit_wf/brain_extraction_wf/atropos_wf/24_depad_segm".
250917-06:33:30,735 nipype.workflow INFO:
	 [Node] Executing "24_depad_segm" <nipype.interfaces.ants.utils.ImageMath>
250917-06:33:30,735 nipype.workflow INFO:
	 [Node] Executing "14_sel_labels2" <nipype.interfaces.utility.wrappers.Function>
250917-06:33:32,72 nipype.workflow INFO:
	 [Node] Finished "14_sel_labels2", elapsed time 1.335693s.
250917-06:33:32,703 nipype.workflow INFO:
	 [Node] Setting-up "fmriprep_25_0_wf.sub_01_wf.anat_fit_wf.brain_extraction_wf.atropos_wf.15_add_7" in "/work/fmriprep_25_0_wf/sub_01_wf/anat_fit_wf/brain_extraction_wf/atropos_wf/15_add_7".
250917-06:33:32,734 nipype.workflow INFO:
	 [Node] Executing "15_add_7" <nipype.interfaces.ants.utils.ImageMath>
250917-06:33:34,231 nipype.workflow INFO:
	 [Node] Finished "24_depad_segm", elapsed time 3.4948449999999998s.
250917-06:33:37,997 nipype.workflow INFO:
	 [Node] Finished "15_add_7", elapsed time 5.2625720000000005s.
250917-06:33:38,705 nipype.workflow INFO:
	 [Node] Setting-up "fmriprep_25_0_wf.sub_01_wf.anat_fit_wf.brain_extraction_wf.atropos_wf.16_me_7" in "/work/fmriprep_25_0_wf/sub_01_wf/anat_fit_wf/brain_extraction_wf/atropos_wf/16_me_7".
250917-06:33:38,737 nipype.workflow INFO:
	 [Node] Executing "16_me_7" <nipype.interfaces.ants.utils.ImageMath>
250917-06:33:51,114 nipype.workflow INFO:
	 [Node] Finished "16_me_7", elapsed time 12.375717999999999s.
250917-06:33:52,730 nipype.workflow INFO:
	 [Node] Setting-up "fmriprep_25_0_wf.sub_01_wf.anat_fit_wf.brain_extraction_wf.atropos_wf.17_comp_7" in "/work/fmriprep_25_0_wf/sub_01_wf/anat_fit_wf/brain_extraction_wf/atropos_wf/17_comp_7".
250917-06:33:52,759 nipype.workflow INFO:
	 [Node] Executing "17_comp_7" <nipype.interfaces.ants.utils.ImageMath>
250917-06:33:59,453 nipype.workflow INFO:
	 [Node] Finished "_inu_n4_final0", elapsed time 98.637304s.
250917-06:33:59,503 nipype.workflow INFO:
	 [Node] Finished "17_comp_7", elapsed time 6.743786s.
250917-06:34:00,734 nipype.workflow INFO:
	 [Node] Setting-up "fmriprep_25_0_wf.sub_01_wf.bold_task_rsvp_run_1_wf.bold_fit_wf.unwarp_wf.resample" in "/work/fmriprep_25_0_wf/sub_01_wf/bold_task_rsvp_run_1_wf/bold_fit_wf/unwarp_wf/resample".
250917-06:34:00,779 nipype.workflow INFO:
	 [Node] Executing "resample" <sdcflows.interfaces.bspline.ApplyCoeffsField>
250917-06:34:01,415 nipype.workflow INFO:
	 [Node] Finished "resample", elapsed time 0.634939s.
250917-06:34:02,738 nipype.workflow INFO:
	 [Node] Setting-up "fmriprep_25_0_wf.sub_01_wf.bold_task_rsvp_run_2_wf.bold_fit_wf.unwarp_wf.resample" in "/work/fmriprep_25_0_wf/sub_01_wf/bold_task_rsvp_run_2_wf/bold_fit_wf/unwarp_wf/resample".
250917-06:34:02,776 nipype.workflow INFO:
	 [Node] Executing "resample" <sdcflows.interfaces.bspline.ApplyCoeffsField>
250917-06:34:03,387 nipype.workflow INFO:
	 [Node] Finished "resample", elapsed time 0.610395s.
250917-06:34:04,720 nipype.workflow INFO:
	 [Node] Setting-up "fmriprep_25_0_wf.sub_01_wf.bold_task_rsvp_run_3_wf.bold_fit_wf.unwarp_wf.resample" in "/work/fmriprep_25_0_wf/sub_01_wf/bold_task_rsvp_run_3_wf/bold_fit_wf/unwarp_wf/resample".
250917-06:34:04,762 nipype.workflow INFO:
	 [Node] Executing "resample" <sdcflows.interfaces.bspline.ApplyCoeffsField>
250917-06:34:05,394 nipype.workflow INFO:
	 [Node] Finished "resample", elapsed time 0.630484s.
250917-06:34:06,712 nipype.workflow INFO:
	 [Node] Setting-up "fmriprep_25_0_wf.sub_01_wf.bold_task_rsvp_run_4_wf.bold_fit_wf.unwarp_wf.resample" in "/work/fmriprep_25_0_wf/sub_01_wf/bold_task_rsvp_run_4_wf/bold_fit_wf/unwarp_wf/resample".
250917-06:34:06,760 nipype.workflow INFO:
	 [Node] Executing "resample" <sdcflows.interfaces.bspline.ApplyCoeffsField>
250917-06:34:07,406 nipype.workflow INFO:
	 [Node] Finished "resample", elapsed time 0.644353s.
250917-06:34:08,855 nipype.workflow INFO:
	 [Node] Setting-up "fmriprep_25_0_wf.sub_01_wf.bold_task_rsvp_run_5_wf.bold_fit_wf.unwarp_wf.resample" in "/work/fmriprep_25_0_wf/sub_01_wf/bold_task_rsvp_run_5_wf/bold_fit_wf/unwarp_wf/resample".
250917-06:34:11,120 nipype.workflow INFO:
	 [Node] Executing "resample" <sdcflows.interfaces.bspline.ApplyCoeffsField>
250917-06:34:11,754 nipype.workflow INFO:
	 [Node] Finished "resample", elapsed time 0.632492s.
250917-06:34:12,727 nipype.workflow INFO:
	 [Node] Setting-up "fmriprep_25_0_wf.sub_01_wf.bold_task_rsvp_run_6_wf.bold_fit_wf.unwarp_wf.resample" in "/work/fmriprep_25_0_wf/sub_01_wf/bold_task_rsvp_run_6_wf/bold_fit_wf/unwarp_wf/resample".
250917-06:34:12,761 nipype.workflow INFO:
	 [Node] Executing "resample" <sdcflows.interfaces.bspline.ApplyCoeffsField>
250917-06:34:13,403 nipype.workflow INFO:
	 [Node] Finished "resample", elapsed time 0.640539s.
250917-06:34:14,714 nipype.workflow INFO:
	 [Node] Setting-up "fmriprep_25_0_wf.sub_01_wf.bold_task_rsvp_run_1_wf.bold_fit_wf.unwarp_wf.merge" in "/work/fmriprep_25_0_wf/sub_01_wf/bold_task_rsvp_run_1_wf/bold_fit_wf/unwarp_wf/merge".
250917-06:34:14,714 nipype.workflow INFO:
	 [Node] Setting-up "fmriprep_25_0_wf.sub_01_wf.bold_task_rsvp_run_2_wf.bold_fit_wf.unwarp_wf.merge" in "/work/fmriprep_25_0_wf/sub_01_wf/bold_task_rsvp_run_2_wf/bold_fit_wf/unwarp_wf/merge".
250917-06:34:14,715 nipype.workflow INFO:
	 [Node] Setting-up "fmriprep_25_0_wf.sub_01_wf.bold_task_rsvp_run_3_wf.bold_fit_wf.unwarp_wf.merge" in "/work/fmriprep_25_0_wf/sub_01_wf/bold_task_rsvp_run_3_wf/bold_fit_wf/unwarp_wf/merge".
250917-06:34:14,716 nipype.workflow INFO:
	 [Node] Setting-up "fmriprep_25_0_wf.sub_01_wf.bold_task_rsvp_run_4_wf.bold_fit_wf.unwarp_wf.merge" in "/work/fmriprep_25_0_wf/sub_01_wf/bold_task_rsvp_run_4_wf/bold_fit_wf/unwarp_wf/merge".
250917-06:34:14,717 nipype.workflow INFO:
	 [Node] Setting-up "fmriprep_25_0_wf.sub_01_wf.bold_task_rsvp_run_5_wf.bold_fit_wf.unwarp_wf.merge" in "/work/fmriprep_25_0_wf/sub_01_wf/bold_task_rsvp_run_5_wf/bold_fit_wf/unwarp_wf/merge".
250917-06:34:14,717 nipype.workflow INFO:
	 [Node] Setting-up "fmriprep_25_0_wf.sub_01_wf.bold_task_rsvp_run_6_wf.bold_fit_wf.unwarp_wf.merge" in "/work/fmriprep_25_0_wf/sub_01_wf/bold_task_rsvp_run_6_wf/bold_fit_wf/unwarp_wf/merge".
250917-06:34:14,718 nipype.workflow INFO:
	 [Node] Setting-up "fmriprep_25_0_wf.sub_01_wf.anat_fit_wf.brain_extraction_wf.atropos_wf.18_md_7" in "/work/fmriprep_25_0_wf/sub_01_wf/anat_fit_wf/brain_extraction_wf/atropos_wf/18_md_7".
250917-06:34:14,742 nipype.workflow INFO:
	 [Node] Executing "merge" <niworkflows.interfaces.nibabel.MergeSeries>
250917-06:34:14,743 nipype.workflow INFO:
	 [Node] Executing "18_md_7" <nipype.interfaces.ants.utils.ImageMath>
250917-06:34:14,744 nipype.workflow INFO:
	 [Node] Executing "merge" <niworkflows.interfaces.nibabel.MergeSeries>
250917-06:34:14,747 nipype.workflow INFO:
	 [Node] Executing "merge" <niworkflows.interfaces.nibabel.MergeSeries>
250917-06:34:14,749 nipype.workflow INFO:
	 [Node] Executing "merge" <niworkflows.interfaces.nibabel.MergeSeries>
250917-06:34:14,750 nipype.workflow INFO:
	 [Node] Executing "merge" <niworkflows.interfaces.nibabel.MergeSeries>
250917-06:34:14,788 nipype.workflow INFO:
	 [Node] Finished "merge", elapsed time 0.044087s.
250917-06:34:14,788 nipype.workflow INFO:
	 [Node] Finished "merge", elapsed time 0.045951s.
250917-06:34:14,792 nipype.workflow INFO:
	 [Node] Finished "merge", elapsed time 0.043948s.
250917-06:34:14,795 nipype.workflow INFO:
	 [Node] Finished "merge", elapsed time 0.044823s.
250917-06:34:14,800 nipype.workflow INFO:
	 [Node] Finished "merge", elapsed time 0.049594s.
250917-06:34:14,812 nipype.workflow INFO:
	 [Node] Executing "merge" <niworkflows.interfaces.nibabel.MergeSeries>
250917-06:34:14,865 nipype.workflow INFO:
	 [Node] Finished "merge", elapsed time 0.052321s.
250917-06:34:16,734 nipype.workflow INFO:
	 [Node] Setting-up "fmriprep_25_0_wf.sub_01_wf.bold_task_rsvp_run_1_wf.bold_fit_wf.unwarp_wf.average" in "/work/fmriprep_25_0_wf/sub_01_wf/bold_task_rsvp_run_1_wf/bold_fit_wf/unwarp_wf/average".
250917-06:34:16,762 nipype.workflow INFO:
	 [Node] Executing "average" <niworkflows.interfaces.images.RobustAverage>
250917-06:34:16,793 nipype.interface WARNING:
	 Changing /out/sub-01/func/sub-01_task-rsvp_run-1_desc-coreg_boldref.nii.gz dtype from int16 to float32
250917-06:34:16,808 nipype.workflow INFO:
	 [Node] Finished "average", elapsed time 0.044595s.
250917-06:34:17,89 nipype.workflow INFO:
	 [Node] Setting-up "fmriprep_25_0_wf.sub_01_wf.bold_task_rsvp_run_1_wf.bold_fit_wf.skullstrip_bold_wf.skullstrip_first_pass" in "/work/fmriprep_25_0_wf/sub_01_wf/bold_task_rsvp_run_1_wf/bold_fit_wf/skullstrip_bold_wf/skullstrip_first_pass".
250917-06:34:17,90 nipype.workflow INFO:
	 [Node] Setting-up "fmriprep_25_0_wf.sub_01_wf.bold_task_rsvp_run_2_wf.bold_fit_wf.unwarp_wf.average" in "/work/fmriprep_25_0_wf/sub_01_wf/bold_task_rsvp_run_2_wf/bold_fit_wf/unwarp_wf/average".
250917-06:34:17,115 nipype.workflow INFO:
	 [Node] Executing "average" <niworkflows.interfaces.images.RobustAverage>
250917-06:34:17,119 nipype.workflow INFO:
	 [Node] Executing "skullstrip_first_pass" <nipype.interfaces.fsl.preprocess.BET>
250917-06:34:17,133 nipype.interface WARNING:
	 Changing /out/sub-01/func/sub-01_task-rsvp_run-2_desc-coreg_boldref.nii.gz dtype from int16 to float32
250917-06:34:17,158 nipype.workflow INFO:
	 [Node] Finished "average", elapsed time 0.041986s.
250917-06:34:17,446 nipype.workflow INFO:
	 [Node] Setting-up "fmriprep_25_0_wf.sub_01_wf.bold_task_rsvp_run_2_wf.bold_fit_wf.skullstrip_bold_wf.skullstrip_first_pass" in "/work/fmriprep_25_0_wf/sub_01_wf/bold_task_rsvp_run_2_wf/bold_fit_wf/skullstrip_bold_wf/skullstrip_first_pass".
250917-06:34:17,446 nipype.workflow INFO:
	 [Node] Setting-up "fmriprep_25_0_wf.sub_01_wf.bold_task_rsvp_run_3_wf.bold_fit_wf.unwarp_wf.average" in "/work/fmriprep_25_0_wf/sub_01_wf/bold_task_rsvp_run_3_wf/bold_fit_wf/unwarp_wf/average".
250917-06:34:17,477 nipype.workflow INFO:
	 [Node] Executing "average" <niworkflows.interfaces.images.RobustAverage>
250917-06:34:17,480 nipype.workflow INFO:
	 [Node] Executing "skullstrip_first_pass" <nipype.interfaces.fsl.preprocess.BET>
250917-06:34:17,497 nipype.interface WARNING:
	 Changing /out/sub-01/func/sub-01_task-rsvp_run-3_desc-coreg_boldref.nii.gz dtype from int16 to float32
250917-06:34:17,522 nipype.workflow INFO:
	 [Node] Finished "average", elapsed time 0.043945s.
250917-06:34:17,812 nipype.workflow INFO:
	 [Node] Setting-up "fmriprep_25_0_wf.sub_01_wf.bold_task_rsvp_run_4_wf.bold_fit_wf.unwarp_wf.average" in "/work/fmriprep_25_0_wf/sub_01_wf/bold_task_rsvp_run_4_wf/bold_fit_wf/unwarp_wf/average".
250917-06:34:17,812 nipype.workflow INFO:
	 [Node] Setting-up "fmriprep_25_0_wf.sub_01_wf.bold_task_rsvp_run_3_wf.bold_fit_wf.skullstrip_bold_wf.skullstrip_first_pass" in "/work/fmriprep_25_0_wf/sub_01_wf/bold_task_rsvp_run_3_wf/bold_fit_wf/skullstrip_bold_wf/skullstrip_first_pass".
250917-06:34:17,839 nipype.workflow INFO:
	 [Node] Executing "average" <niworkflows.interfaces.images.RobustAverage>
250917-06:34:17,844 nipype.workflow INFO:
	 [Node] Executing "skullstrip_first_pass" <nipype.interfaces.fsl.preprocess.BET>
250917-06:34:17,872 nipype.interface WARNING:
	 Changing /out/sub-01/func/sub-01_task-rsvp_run-4_desc-coreg_boldref.nii.gz dtype from int16 to float32
250917-06:34:17,881 nipype.workflow INFO:
	 [Node] Finished "average", elapsed time 0.041455s.
250917-06:34:18,227 nipype.workflow INFO:
	 [Node] Setting-up "fmriprep_25_0_wf.sub_01_wf.bold_task_rsvp_run_4_wf.bold_fit_wf.skullstrip_bold_wf.skullstrip_first_pass" in "/work/fmriprep_25_0_wf/sub_01_wf/bold_task_rsvp_run_4_wf/bold_fit_wf/skullstrip_bold_wf/skullstrip_first_pass".
250917-06:34:18,228 nipype.workflow INFO:
	 [Node] Setting-up "fmriprep_25_0_wf.sub_01_wf.bold_task_rsvp_run_5_wf.bold_fit_wf.unwarp_wf.average" in "/work/fmriprep_25_0_wf/sub_01_wf/bold_task_rsvp_run_5_wf/bold_fit_wf/unwarp_wf/average".
250917-06:34:18,258 nipype.workflow INFO:
	 [Node] Executing "average" <niworkflows.interfaces.images.RobustAverage>
250917-06:34:18,259 nipype.workflow INFO:
	 [Node] Executing "skullstrip_first_pass" <nipype.interfaces.fsl.preprocess.BET>
250917-06:34:18,277 nipype.interface WARNING:
	 Changing /out/sub-01/func/sub-01_task-rsvp_run-5_desc-coreg_boldref.nii.gz dtype from int16 to float32
250917-06:34:18,304 nipype.workflow INFO:
	 [Node] Finished "average", elapsed time 0.045173s.
250917-06:34:18,440 nipype.workflow INFO:
	 [Node] Finished "skullstrip_first_pass", elapsed time 1.320435s.
250917-06:34:18,590 nipype.workflow INFO:
	 [Node] Setting-up "fmriprep_25_0_wf.sub_01_wf.bold_task_rsvp_run_5_wf.bold_fit_wf.skullstrip_bold_wf.skullstrip_first_pass" in "/work/fmriprep_25_0_wf/sub_01_wf/bold_task_rsvp_run_5_wf/bold_fit_wf/skullstrip_bold_wf/skullstrip_first_pass".
250917-06:34:18,591 nipype.workflow INFO:
	 [Node] Setting-up "fmriprep_25_0_wf.sub_01_wf.bold_task_rsvp_run_6_wf.bold_fit_wf.unwarp_wf.average" in "/work/fmriprep_25_0_wf/sub_01_wf/bold_task_rsvp_run_6_wf/bold_fit_wf/unwarp_wf/average".
250917-06:34:18,618 nipype.workflow INFO:
	 [Node] Executing "average" <niworkflows.interfaces.images.RobustAverage>
250917-06:34:18,623 nipype.workflow INFO:
	 [Node] Executing "skullstrip_first_pass" <nipype.interfaces.fsl.preprocess.BET>
250917-06:34:18,645 nipype.interface WARNING:
	 Changing /out/sub-01/func/sub-01_task-rsvp_run-6_desc-coreg_boldref.nii.gz dtype from int16 to float32
250917-06:34:18,667 nipype.workflow INFO:
	 [Node] Finished "average", elapsed time 0.048629s.
250917-06:34:18,827 nipype.workflow INFO:
	 [Node] Finished "skullstrip_first_pass", elapsed time 1.346177s.
250917-06:34:18,971 nipype.workflow INFO:
	 [Node] Setting-up "fmriprep_25_0_wf.sub_01_wf.bold_task_rsvp_run_6_wf.bold_fit_wf.skullstrip_bold_wf.skullstrip_first_pass" in "/work/fmriprep_25_0_wf/sub_01_wf/bold_task_rsvp_run_6_wf/bold_fit_wf/skullstrip_bold_wf/skullstrip_first_pass".
250917-06:34:19,4 nipype.workflow INFO:
	 [Node] Executing "skullstrip_first_pass" <nipype.interfaces.fsl.preprocess.BET>
250917-06:34:19,209 nipype.workflow INFO:
	 [Node] Setting-up "fmriprep_25_0_wf.sub_01_wf.bold_task_rsvp_run_1_wf.bold_fit_wf.unwarp_wf.brainextraction_wf.clipper_pre" in "/work/fmriprep_25_0_wf/sub_01_wf/bold_task_rsvp_run_1_wf/bold_fit_wf/unwarp_wf/brainextraction_wf/clipper_pre".
250917-06:34:19,210 nipype.workflow INFO:
	 [Node] Setting-up "fmriprep_25_0_wf.sub_01_wf.bold_task_rsvp_run_1_wf.bold_fit_wf.ds_boldreg_wf.sources" in "/work/fmriprep_25_0_wf/sub_01_wf/bold_task_rsvp_run_1_wf/bold_fit_wf/ds_boldreg_wf/sources".
250917-06:34:19,211 nipype.workflow INFO:
	 [Node] Setting-up "fmriprep_25_0_wf.sub_01_wf.bold_task_rsvp_run_1_wf.bold_fit_wf.func_fit_reports_wf.fmapref_boldref" in "/work/fmriprep_25_0_wf/sub_01_wf/bold_task_rsvp_run_1_wf/bold_fit_wf/func_fit_reports_wf/fmapref_boldref".
250917-06:34:19,213 nipype.workflow INFO:
	 [Node] Setting-up "fmriprep_25_0_wf.sub_01_wf.bold_task_rsvp_run_1_wf.bold_fit_wf.func_fit_reports_wf.fmap_boldref" in "/work/fmriprep_25_0_wf/sub_01_wf/bold_task_rsvp_run_1_wf/bold_fit_wf/func_fit_reports_wf/fmap_boldref".
250917-06:34:19,214 nipype.workflow INFO:
	 [Node] Setting-up "fmriprep_25_0_wf.sub_01_wf.bold_task_rsvp_run_1_wf.bold_std_wf.gen_ref" in "/work/fmriprep_25_0_wf/sub_01_wf/bold_task_rsvp_run_1_wf/bold_std_wf/_in_tuple_MNI152NLin2009cAsym.res2/gen_ref".
250917-06:34:19,215 nipype.workflow INFO:
	 [Node] Setting-up "fmriprep_25_0_wf.sub_01_wf.bold_task_rsvp_run_1_wf.bold_fit_wf.skullstrip_bold_wf.skullstrip_second_pass" in "/work/fmriprep_25_0_wf/sub_01_wf/bold_task_rsvp_run_1_wf/bold_fit_wf/skullstrip_bold_wf/skullstrip_second_pass".
250917-06:34:19,216 nipype.workflow INFO:
	 [Node] Setting-up "fmriprep_25_0_wf.sub_01_wf.bold_task_rsvp_run_1_wf.bold_native_wf.boldref_fmap" in "/work/fmriprep_25_0_wf/sub_01_wf/bold_task_rsvp_run_1_wf/bold_native_wf/boldref_fmap".
250917-06:34:19,217 nipype.workflow INFO:
	 [Node] Setting-up "fmriprep_25_0_wf.sub_01_wf.bold_task_rsvp_run_2_wf.bold_fit_wf.unwarp_wf.brainextraction_wf.clipper_pre" in "/work/fmriprep_25_0_wf/sub_01_wf/bold_task_rsvp_run_2_wf/bold_fit_wf/unwarp_wf/brainextraction_wf/clipper_pre".
250917-06:34:19,218 nipype.workflow INFO:
	 [Node] Setting-up "fmriprep_25_0_wf.sub_01_wf.bold_task_rsvp_run_2_wf.bold_fit_wf.ds_boldreg_wf.sources" in "/work/fmriprep_25_0_wf/sub_01_wf/bold_task_rsvp_run_2_wf/bold_fit_wf/ds_boldreg_wf/sources".
250917-06:34:19,219 nipype.workflow INFO:
	 [Node] Setting-up "fmriprep_25_0_wf.sub_01_wf.bold_task_rsvp_run_2_wf.bold_fit_wf.func_fit_reports_wf.fmapref_boldref" in "/work/fmriprep_25_0_wf/sub_01_wf/bold_task_rsvp_run_2_wf/bold_fit_wf/func_fit_reports_wf/fmapref_boldref".
250917-06:34:19,222 nipype.workflow INFO:
	 [Node] Setting-up "fmriprep_25_0_wf.sub_01_wf.bold_task_rsvp_run_2_wf.bold_fit_wf.func_fit_reports_wf.fmap_boldref" in "/work/fmriprep_25_0_wf/sub_01_wf/bold_task_rsvp_run_2_wf/bold_fit_wf/func_fit_reports_wf/fmap_boldref".
250917-06:34:19,242 nipype.workflow INFO:
	 [Node] Executing "clipper_pre" <niworkflows.interfaces.nibabel.IntensityClip>
250917-06:34:19,247 nipype.workflow INFO:
	 [Node] Executing "fmapref_boldref" <niworkflows.interfaces.fixes.FixHeaderApplyTransforms>
250917-06:34:19,250 nipype.workflow INFO:
	 [Node] Executing "boldref_fmap" <fmriprep.interfaces.resampling.ReconstructFieldmap>
250917-06:34:19,253 nipype.workflow INFO:
	 [Node] Executing "skullstrip_second_pass" <nipype.interfaces.afni.preprocess.Automask>
250917-06:34:19,253 nipype.workflow INFO:
	 [Node] Executing "sources" <fmriprep.interfaces.bids.BIDSURI>
250917-06:34:19,255 nipype.workflow INFO:
	 [Node] Executing "gen_ref" <niworkflows.interfaces.nibabel.GenerateSamplingReference>
250917-06:34:19,256 nipype.workflow INFO:
	 [Node] Executing "clipper_pre" <niworkflows.interfaces.nibabel.IntensityClip>
250917-06:34:19,257 nipype.workflow INFO:
	 [Node] Finished "sources", elapsed time 0.001262s.
250917-06:34:19,257 nipype.workflow INFO:
	 [Node] Finished "gen_ref", elapsed time 0.000475s.
250917-06:34:19,259 nipype.workflow INFO:
	 [Node] Executing "fmapref_boldref" <niworkflows.interfaces.fixes.FixHeaderApplyTransforms>
250917-06:34:19,261 nipype.workflow INFO:
	 [Node] Executing "fmap_boldref" <niworkflows.interfaces.fixes.FixHeaderApplyTransforms>
250917-06:34:19,261 nipype.workflow INFO:
	 [Node] Executing "fmap_boldref" <niworkflows.interfaces.fixes.FixHeaderApplyTransforms>
250917-06:34:19,262 nipype.workflow INFO:
	 [Node] Executing "sources" <fmriprep.interfaces.bids.BIDSURI>
250917-06:34:19,264 nipype.workflow INFO:
	 [Node] Finished "sources", elapsed time 0.000929s.
250917-06:34:19,542 nipype.workflow INFO:
	 [Node] Finished "skullstrip_second_pass", elapsed time 0.288057s.
250917-06:34:19,561 nipype.workflow INFO:
	 [Node] Finished "fmap_boldref", elapsed time 0.298637s.
250917-06:34:19,595 nipype.workflow INFO:
	 [Node] Finished "clipper_pre", elapsed time 0.351456s.
250917-06:34:19,613 nipype.workflow INFO:
	 [Node] Finished "skullstrip_first_pass", elapsed time 1.353323s.
250917-06:34:19,643 nipype.workflow INFO:
	 [Node] Finished "clipper_pre", elapsed time 0.386491s.
250917-06:34:19,667 nipype.workflow INFO:
	 [Node] Finished "fmap_boldref", elapsed time 0.404841s.
250917-06:34:19,707 nipype.workflow INFO:
	 [Node] Finished "boldref_fmap", elapsed time 0.455915s.
250917-06:34:19,987 nipype.workflow INFO:
	 [Node] Finished "skullstrip_first_pass", elapsed time 1.363225s.
250917-06:34:20,254 nipype.workflow INFO:
	 [Node] Finished "fmapref_boldref", elapsed time 1.006038s.
250917-06:34:20,344 nipype.workflow INFO:
	 [Node] Finished "skullstrip_first_pass", elapsed time 2.498939s.
250917-06:34:20,406 nipype.workflow INFO:
	 [Node] Finished "fmapref_boldref", elapsed time 1.1455549999999999s.
250917-06:34:20,532 nipype.workflow INFO:
	 [Node] Finished "skullstrip_first_pass", elapsed time 1.526524s.
250917-06:34:21,202 nipype.workflow INFO:
	 [Node] Setting-up "fmriprep_25_0_wf.sub_01_wf.bold_task_rsvp_run_2_wf.bold_std_wf.gen_ref" in "/work/fmriprep_25_0_wf/sub_01_wf/bold_task_rsvp_run_2_wf/bold_std_wf/_in_tuple_MNI152NLin2009cAsym.res2/gen_ref".
250917-06:34:21,203 nipype.workflow INFO:
	 [Node] Setting-up "fmriprep_25_0_wf.sub_01_wf.bold_task_rsvp_run_2_wf.bold_fit_wf.skullstrip_bold_wf.skullstrip_second_pass" in "/work/fmriprep_25_0_wf/sub_01_wf/bold_task_rsvp_run_2_wf/bold_fit_wf/skullstrip_bold_wf/skullstrip_second_pass".
250917-06:34:21,204 nipype.workflow INFO:
	 [Node] Setting-up "fmriprep_25_0_wf.sub_01_wf.bold_task_rsvp_run_3_wf.bold_fit_wf.unwarp_wf.brainextraction_wf.clipper_pre" in "/work/fmriprep_25_0_wf/sub_01_wf/bold_task_rsvp_run_3_wf/bold_fit_wf/unwarp_wf/brainextraction_wf/clipper_pre".
250917-06:34:21,205 nipype.workflow INFO:
	 [Node] Setting-up "fmriprep_25_0_wf.sub_01_wf.bold_task_rsvp_run_3_wf.bold_fit_wf.ds_boldreg_wf.sources" in "/work/fmriprep_25_0_wf/sub_01_wf/bold_task_rsvp_run_3_wf/bold_fit_wf/ds_boldreg_wf/sources".
250917-06:34:21,206 nipype.workflow INFO:
	 [Node] Setting-up "fmriprep_25_0_wf.sub_01_wf.bold_task_rsvp_run_3_wf.bold_fit_wf.func_fit_reports_wf.fmapref_boldref" in "/work/fmriprep_25_0_wf/sub_01_wf/bold_task_rsvp_run_3_wf/bold_fit_wf/func_fit_reports_wf/fmapref_boldref".
250917-06:34:21,206 nipype.workflow INFO:
	 [Node] Setting-up "fmriprep_25_0_wf.sub_01_wf.bold_task_rsvp_run_2_wf.bold_native_wf.boldref_fmap" in "/work/fmriprep_25_0_wf/sub_01_wf/bold_task_rsvp_run_2_wf/bold_native_wf/boldref_fmap".
250917-06:34:21,207 nipype.workflow INFO:
	 [Node] Setting-up "fmriprep_25_0_wf.sub_01_wf.bold_task_rsvp_run_3_wf.bold_fit_wf.func_fit_reports_wf.fmap_boldref" in "/work/fmriprep_25_0_wf/sub_01_wf/bold_task_rsvp_run_3_wf/bold_fit_wf/func_fit_reports_wf/fmap_boldref".
250917-06:34:21,209 nipype.workflow INFO:
	 [Node] Setting-up "fmriprep_25_0_wf.sub_01_wf.bold_task_rsvp_run_3_wf.bold_std_wf.gen_ref" in "/work/fmriprep_25_0_wf/sub_01_wf/bold_task_rsvp_run_3_wf/bold_std_wf/_in_tuple_MNI152NLin2009cAsym.res2/gen_ref".
250917-06:34:21,210 nipype.workflow INFO:
	 [Node] Setting-up "fmriprep_25_0_wf.sub_01_wf.bold_task_rsvp_run_3_wf.bold_fit_wf.skullstrip_bold_wf.skullstrip_second_pass" in "/work/fmriprep_25_0_wf/sub_01_wf/bold_task_rsvp_run_3_wf/bold_fit_wf/skullstrip_bold_wf/skullstrip_second_pass".
250917-06:34:21,211 nipype.workflow INFO:
	 [Node] Setting-up "fmriprep_25_0_wf.sub_01_wf.bold_task_rsvp_run_4_wf.bold_fit_wf.unwarp_wf.brainextraction_wf.clipper_pre" in "/work/fmriprep_25_0_wf/sub_01_wf/bold_task_rsvp_run_4_wf/bold_fit_wf/unwarp_wf/brainextraction_wf/clipper_pre".
250917-06:34:21,212 nipype.workflow INFO:
	 [Node] Setting-up "fmriprep_25_0_wf.sub_01_wf.bold_task_rsvp_run_4_wf.bold_fit_wf.ds_boldreg_wf.sources" in "/work/fmriprep_25_0_wf/sub_01_wf/bold_task_rsvp_run_4_wf/bold_fit_wf/ds_boldreg_wf/sources".
250917-06:34:21,213 nipype.workflow INFO:
	 [Node] Setting-up "fmriprep_25_0_wf.sub_01_wf.bold_task_rsvp_run_4_wf.bold_fit_wf.func_fit_reports_wf.fmapref_boldref" in "/work/fmriprep_25_0_wf/sub_01_wf/bold_task_rsvp_run_4_wf/bold_fit_wf/func_fit_reports_wf/fmapref_boldref".
250917-06:34:21,214 nipype.workflow INFO:
	 [Node] Setting-up "fmriprep_25_0_wf.sub_01_wf.bold_task_rsvp_run_4_wf.bold_fit_wf.func_fit_reports_wf.fmap_boldref" in "/work/fmriprep_25_0_wf/sub_01_wf/bold_task_rsvp_run_4_wf/bold_fit_wf/func_fit_reports_wf/fmap_boldref".
250917-06:34:21,215 nipype.workflow INFO:
	 [Node] Setting-up "fmriprep_25_0_wf.sub_01_wf.bold_task_rsvp_run_3_wf.bold_native_wf.boldref_fmap" in "/work/fmriprep_25_0_wf/sub_01_wf/bold_task_rsvp_run_3_wf/bold_native_wf/boldref_fmap".
250917-06:34:21,221 nipype.workflow INFO:
	 [Node] Setting-up "fmriprep_25_0_wf.sub_01_wf.bold_task_rsvp_run_4_wf.bold_native_wf.boldref_fmap" in "/work/fmriprep_25_0_wf/sub_01_wf/bold_task_rsvp_run_4_wf/bold_native_wf/boldref_fmap".
250917-06:34:21,260 nipype.workflow INFO:
	 [Node] Executing "clipper_pre" <niworkflows.interfaces.nibabel.IntensityClip>
250917-06:34:21,260 nipype.workflow INFO:
	 [Node] Executing "skullstrip_second_pass" <nipype.interfaces.afni.preprocess.Automask>
250917-06:34:21,264 nipype.workflow INFO:
	 [Node] Executing "boldref_fmap" <fmriprep.interfaces.resampling.ReconstructFieldmap>
250917-06:34:21,266 nipype.workflow INFO:
	 [Node] Executing "sources" <fmriprep.interfaces.bids.BIDSURI>
250917-06:34:21,267 nipype.workflow INFO:
	 [Node] Executing "fmapref_boldref" <niworkflows.interfaces.fixes.FixHeaderApplyTransforms>
250917-06:34:21,268 nipype.workflow INFO:
	 [Node] Executing "fmap_boldref" <niworkflows.interfaces.fixes.FixHeaderApplyTransforms>
250917-06:34:21,269 nipype.workflow INFO:
	 [Node] Executing "gen_ref" <niworkflows.interfaces.nibabel.GenerateSamplingReference>
250917-06:34:21,269 nipype.workflow INFO:
	 [Node] Executing "clipper_pre" <niworkflows.interfaces.nibabel.IntensityClip>
250917-06:34:21,269 nipype.workflow INFO:
	 [Node] Finished "sources", elapsed time 0.00162s.
250917-06:34:21,270 nipype.workflow INFO:
	 [Node] Executing "skullstrip_second_pass" <nipype.interfaces.afni.preprocess.Automask>
250917-06:34:21,271 nipype.workflow INFO:
	 [Node] Executing "boldref_fmap" <fmriprep.interfaces.resampling.ReconstructFieldmap>
250917-06:34:21,272 nipype.workflow INFO:
	 [Node] Finished "gen_ref", elapsed time 0.000646s.
250917-06:34:21,273 nipype.workflow INFO:
	 [Node] Executing "gen_ref" <niworkflows.interfaces.nibabel.GenerateSamplingReference>
250917-06:34:21,273 nipype.workflow INFO:
	 [Node] Executing "fmapref_boldref" <niworkflows.interfaces.fixes.FixHeaderApplyTransforms>
250917-06:34:21,275 nipype.workflow INFO:
	 [Node] Finished "gen_ref", elapsed time 0.000665s.
250917-06:34:21,276 nipype.workflow INFO:
	 [Node] Executing "sources" <fmriprep.interfaces.bids.BIDSURI>
250917-06:34:21,277 nipype.workflow INFO:
	 [Node] Executing "fmap_boldref" <niworkflows.interfaces.fixes.FixHeaderApplyTransforms>
250917-06:34:21,278 nipype.workflow INFO:
	 [Node] Finished "sources", elapsed time 0.000769s.
250917-06:34:21,279 nipype.workflow INFO:
	 [Node] Executing "boldref_fmap" <fmriprep.interfaces.resampling.ReconstructFieldmap>
250917-06:34:21,506 nipype.workflow INFO:
	 [Node] Finished "skullstrip_second_pass", elapsed time 0.244815s.
250917-06:34:21,546 nipype.workflow INFO:
	 [Node] Finished "skullstrip_second_pass", elapsed time 0.274231s.
250917-06:34:21,549 nipype.workflow INFO:
	 [Node] Finished "18_md_7", elapsed time 6.805847s.
250917-06:34:21,631 nipype.workflow INFO:
	 [Node] Finished "clipper_pre", elapsed time 0.36975s.
250917-06:34:21,689 nipype.workflow INFO:
	 [Node] Finished "clipper_pre", elapsed time 0.418798s.
250917-06:34:21,701 nipype.workflow INFO:
	 [Node] Finished "boldref_fmap", elapsed time 0.420439s.
250917-06:34:21,735 nipype.workflow INFO:
	 [Node] Finished "boldref_fmap", elapsed time 0.46936s.
250917-06:34:21,749 nipype.workflow INFO:
	 [Node] Finished "fmap_boldref", elapsed time 0.480271s.
250917-06:34:21,754 nipype.workflow INFO:
	 [Node] Finished "boldref_fmap", elapsed time 0.481977s.
250917-06:34:21,765 nipype.workflow INFO:
	 [Node] Finished "fmap_boldref", elapsed time 0.487013s.
250917-06:34:22,326 nipype.workflow INFO:
	 [Node] Finished "fmapref_boldref", elapsed time 1.057923s.
250917-06:34:22,415 nipype.workflow INFO:
	 [Node] Finished "fmapref_boldref", elapsed time 1.139888s.
250917-06:34:23,219 nipype.workflow INFO:
	 [Node] Setting-up "fmriprep_25_0_wf.sub_01_wf.bold_task_rsvp_run_4_wf.bold_std_wf.gen_ref" in "/work/fmriprep_25_0_wf/sub_01_wf/bold_task_rsvp_run_4_wf/bold_std_wf/_in_tuple_MNI152NLin2009cAsym.res2/gen_ref".
250917-06:34:23,219 nipype.workflow INFO:
	 [Node] Setting-up "fmriprep_25_0_wf.sub_01_wf.bold_task_rsvp_run_4_wf.bold_fit_wf.skullstrip_bold_wf.skullstrip_second_pass" in "/work/fmriprep_25_0_wf/sub_01_wf/bold_task_rsvp_run_4_wf/bold_fit_wf/skullstrip_bold_wf/skullstrip_second_pass".
250917-06:34:23,220 nipype.workflow INFO:
	 [Node] Setting-up "fmriprep_25_0_wf.sub_01_wf.bold_task_rsvp_run_5_wf.bold_fit_wf.unwarp_wf.brainextraction_wf.clipper_pre" in "/work/fmriprep_25_0_wf/sub_01_wf/bold_task_rsvp_run_5_wf/bold_fit_wf/unwarp_wf/brainextraction_wf/clipper_pre".
250917-06:34:23,221 nipype.workflow INFO:
	 [Node] Setting-up "fmriprep_25_0_wf.sub_01_wf.bold_task_rsvp_run_5_wf.bold_fit_wf.ds_boldreg_wf.sources" in "/work/fmriprep_25_0_wf/sub_01_wf/bold_task_rsvp_run_5_wf/bold_fit_wf/ds_boldreg_wf/sources".
250917-06:34:23,222 nipype.workflow INFO:
	 [Node] Setting-up "fmriprep_25_0_wf.sub_01_wf.bold_task_rsvp_run_5_wf.bold_fit_wf.func_fit_reports_wf.fmapref_boldref" in "/work/fmriprep_25_0_wf/sub_01_wf/bold_task_rsvp_run_5_wf/bold_fit_wf/func_fit_reports_wf/fmapref_boldref".
250917-06:34:23,223 nipype.workflow INFO:
	 [Node] Setting-up "fmriprep_25_0_wf.sub_01_wf.bold_task_rsvp_run_5_wf.bold_fit_wf.func_fit_reports_wf.fmap_boldref" in "/work/fmriprep_25_0_wf/sub_01_wf/bold_task_rsvp_run_5_wf/bold_fit_wf/func_fit_reports_wf/fmap_boldref".
250917-06:34:23,224 nipype.workflow INFO:
	 [Node] Setting-up "fmriprep_25_0_wf.sub_01_wf.bold_task_rsvp_run_5_wf.bold_native_wf.boldref_fmap" in "/work/fmriprep_25_0_wf/sub_01_wf/bold_task_rsvp_run_5_wf/bold_native_wf/boldref_fmap".
250917-06:34:23,224 nipype.workflow INFO:
	 [Node] Setting-up "fmriprep_25_0_wf.sub_01_wf.bold_task_rsvp_run_5_wf.bold_std_wf.gen_ref" in "/work/fmriprep_25_0_wf/sub_01_wf/bold_task_rsvp_run_5_wf/bold_std_wf/_in_tuple_MNI152NLin2009cAsym.res2/gen_ref".
250917-06:34:23,225 nipype.workflow INFO:
	 [Node] Setting-up "fmriprep_25_0_wf.sub_01_wf.bold_task_rsvp_run_5_wf.bold_fit_wf.skullstrip_bold_wf.skullstrip_second_pass" in "/work/fmriprep_25_0_wf/sub_01_wf/bold_task_rsvp_run_5_wf/bold_fit_wf/skullstrip_bold_wf/skullstrip_second_pass".
250917-06:34:23,226 nipype.workflow INFO:
	 [Node] Setting-up "fmriprep_25_0_wf.sub_01_wf.bold_task_rsvp_run_6_wf.bold_fit_wf.unwarp_wf.brainextraction_wf.clipper_pre" in "/work/fmriprep_25_0_wf/sub_01_wf/bold_task_rsvp_run_6_wf/bold_fit_wf/unwarp_wf/brainextraction_wf/clipper_pre".
250917-06:34:23,227 nipype.workflow INFO:
	 [Node] Setting-up "fmriprep_25_0_wf.sub_01_wf.bold_task_rsvp_run_6_wf.bold_fit_wf.ds_boldreg_wf.sources" in "/work/fmriprep_25_0_wf/sub_01_wf/bold_task_rsvp_run_6_wf/bold_fit_wf/ds_boldreg_wf/sources".
250917-06:34:23,228 nipype.workflow INFO:
	 [Node] Setting-up "fmriprep_25_0_wf.sub_01_wf.bold_task_rsvp_run_6_wf.bold_fit_wf.func_fit_reports_wf.fmapref_boldref" in "/work/fmriprep_25_0_wf/sub_01_wf/bold_task_rsvp_run_6_wf/bold_fit_wf/func_fit_reports_wf/fmapref_boldref".
250917-06:34:23,229 nipype.workflow INFO:
	 [Node] Setting-up "fmriprep_25_0_wf.sub_01_wf.bold_task_rsvp_run_6_wf.bold_fit_wf.func_fit_reports_wf.fmap_boldref" in "/work/fmriprep_25_0_wf/sub_01_wf/bold_task_rsvp_run_6_wf/bold_fit_wf/func_fit_reports_wf/fmap_boldref".
250917-06:34:23,230 nipype.workflow INFO:
	 [Node] Setting-up "fmriprep_25_0_wf.sub_01_wf.bold_task_rsvp_run_6_wf.bold_std_wf.gen_ref" in "/work/fmriprep_25_0_wf/sub_01_wf/bold_task_rsvp_run_6_wf/bold_std_wf/_in_tuple_MNI152NLin2009cAsym.res2/gen_ref".
250917-06:34:23,231 nipype.workflow INFO:
	 [Node] Setting-up "fmriprep_25_0_wf.sub_01_wf.bold_task_rsvp_run_6_wf.bold_fit_wf.skullstrip_bold_wf.skullstrip_second_pass" in "/work/fmriprep_25_0_wf/sub_01_wf/bold_task_rsvp_run_6_wf/bold_fit_wf/skullstrip_bold_wf/skullstrip_second_pass".
250917-06:34:23,235 nipype.workflow INFO:
	 [Node] Setting-up "fmriprep_25_0_wf.sub_01_wf.bold_task_rsvp_run_6_wf.bold_native_wf.boldref_fmap" in "/work/fmriprep_25_0_wf/sub_01_wf/bold_task_rsvp_run_6_wf/bold_native_wf/boldref_fmap".
250917-06:34:23,263 nipype.workflow INFO:
	 [Node] Executing "clipper_pre" <niworkflows.interfaces.nibabel.IntensityClip>
250917-06:34:23,271 nipype.workflow INFO:
	 [Node] Executing "skullstrip_second_pass" <nipype.interfaces.afni.preprocess.Automask>
250917-06:34:23,272 nipype.workflow INFO:
	 [Node] Executing "boldref_fmap" <fmriprep.interfaces.resampling.ReconstructFieldmap>
250917-06:34:23,274 nipype.workflow INFO:
	 [Node] Executing "skullstrip_second_pass" <nipype.interfaces.afni.preprocess.Automask>
250917-06:34:23,275 nipype.workflow INFO:
	 [Node] Executing "sources" <fmriprep.interfaces.bids.BIDSURI>
250917-06:34:23,276 nipype.workflow INFO:
	 [Node] Executing "clipper_pre" <niworkflows.interfaces.nibabel.IntensityClip>
250917-06:34:23,277 nipype.workflow INFO:
	 [Node] Executing "gen_ref" <niworkflows.interfaces.nibabel.GenerateSamplingReference>
250917-06:34:23,277 nipype.workflow INFO:
	 [Node] Finished "sources", elapsed time 0.000884s.
250917-06:34:23,278 nipype.workflow INFO:
	 [Node] Executing "gen_ref" <niworkflows.interfaces.nibabel.GenerateSamplingReference>
250917-06:34:23,278 nipype.workflow INFO:
	 [Node] Executing "fmapref_boldref" <niworkflows.interfaces.fixes.FixHeaderApplyTransforms>
250917-06:34:23,280 nipype.workflow INFO:
	 [Node] Finished "gen_ref", elapsed time 0.000905s.
250917-06:34:23,280 nipype.workflow INFO:
	 [Node] Finished "gen_ref", elapsed time 0.000768s.
250917-06:34:23,280 nipype.workflow INFO:
	 [Node] Executing "skullstrip_second_pass" <nipype.interfaces.afni.preprocess.Automask>
250917-06:34:23,282 nipype.workflow INFO:
	 [Node] Executing "sources" <fmriprep.interfaces.bids.BIDSURI>
250917-06:34:23,283 nipype.workflow INFO:
	 [Node] Executing "boldref_fmap" <fmriprep.interfaces.resampling.ReconstructFieldmap>
250917-06:34:23,283 nipype.workflow INFO:
	 [Node] Executing "fmap_boldref" <niworkflows.interfaces.fixes.FixHeaderApplyTransforms>
250917-06:34:23,283 nipype.workflow INFO:
	 [Node] Executing "gen_ref" <niworkflows.interfaces.nibabel.GenerateSamplingReference>
250917-06:34:23,284 nipype.workflow INFO:
	 [Node] Executing "fmap_boldref" <niworkflows.interfaces.fixes.FixHeaderApplyTransforms>
250917-06:34:23,285 nipype.workflow INFO:
	 [Node] Executing "fmapref_boldref" <niworkflows.interfaces.fixes.FixHeaderApplyTransforms>
250917-06:34:23,285 nipype.workflow INFO:
	 [Node] Finished "gen_ref", elapsed time 0.000436s.
250917-06:34:23,285 nipype.workflow INFO:
	 [Node] Finished "sources", elapsed time 0.001136s.
250917-06:34:23,532 nipype.workflow INFO:
	 [Node] Finished "skullstrip_second_pass", elapsed time 0.260477s.
250917-06:34:23,569 nipype.workflow INFO:
	 [Node] Finished "skullstrip_second_pass", elapsed time 0.288256s.
250917-06:34:23,620 nipype.workflow INFO:
	 [Node] Finished "clipper_pre", elapsed time 0.342111s.
250917-06:34:23,622 nipype.workflow INFO:
	 [Node] Finished "skullstrip_second_pass", elapsed time 0.347641s.
250917-06:34:23,624 nipype.workflow INFO:
	 [Node] Finished "clipper_pre", elapsed time 0.358737s.
250917-06:34:23,629 nipype.workflow INFO:
	 [Node] Finished "fmap_boldref", elapsed time 0.343678s.
250917-06:34:23,723 nipype.workflow INFO:
	 [Node] Finished "boldref_fmap", elapsed time 0.449181s.
250917-06:34:23,750 nipype.workflow INFO:
	 [Node] Finished "boldref_fmap", elapsed time 0.465245s.
250917-06:34:23,829 nipype.workflow INFO:
	 [Node] Finished "fmap_boldref", elapsed time 0.544264s.
250917-06:34:24,327 nipype.workflow INFO:
	 [Node] Finished "fmapref_boldref", elapsed time 1.041715s.
250917-06:34:24,331 nipype.workflow INFO:
	 [Node] Finished "fmapref_boldref", elapsed time 1.051209s.
250917-06:34:25,221 nipype.workflow INFO:
	 [Node] Setting-up "fmriprep_25_0_wf.sub_01_wf.bold_task_rsvp_run_1_wf.bold_fit_wf.unwarp_wf.brainextraction_wf.n4" in "/work/fmriprep_25_0_wf/sub_01_wf/bold_task_rsvp_run_1_wf/bold_fit_wf/unwarp_wf/brainextraction_wf/n4".
250917-06:34:25,228 nipype.workflow INFO:
	 [Node] Setting-up "fmriprep_25_0_wf.sub_01_wf.bold_task_rsvp_run_1_wf.bold_native_wf.boldref_bold" in "/work/fmriprep_25_0_wf/sub_01_wf/bold_task_rsvp_run_1_wf/bold_native_wf/boldref_bold".
250917-06:34:25,251 nipype.workflow INFO:
	 [Node] Executing "n4" <nipype.interfaces.ants.segmentation.N4BiasFieldCorrection>
250917-06:34:25,272 nipype.workflow INFO:
	 [Node] Executing "boldref_bold" <fmriprep.interfaces.resampling.ResampleSeries>
250917-06:34:27,966 nipype.workflow INFO:
	 [Node] Finished "n4", elapsed time 2.714247s.
250917-06:34:29,240 nipype.workflow INFO:
	 [Node] Setting-up "fmriprep_25_0_wf.sub_01_wf.bold_task_rsvp_run_1_wf.bold_fit_wf.skullstrip_bold_wf.combine_masks" in "/work/fmriprep_25_0_wf/sub_01_wf/bold_task_rsvp_run_1_wf/bold_fit_wf/skullstrip_bold_wf/combine_masks".
250917-06:34:29,241 nipype.workflow INFO:
	 [Node] Setting-up "fmriprep_25_0_wf.sub_01_wf.bold_task_rsvp_run_2_wf.bold_fit_wf.skullstrip_bold_wf.combine_masks" in "/work/fmriprep_25_0_wf/sub_01_wf/bold_task_rsvp_run_2_wf/bold_fit_wf/skullstrip_bold_wf/combine_masks".
250917-06:34:29,242 nipype.workflow INFO:
	 [Node] Setting-up "fmriprep_25_0_wf.sub_01_wf.bold_task_rsvp_run_3_wf.bold_fit_wf.skullstrip_bold_wf.combine_masks" in "/work/fmriprep_25_0_wf/sub_01_wf/bold_task_rsvp_run_3_wf/bold_fit_wf/skullstrip_bold_wf/combine_masks".
250917-06:34:29,243 nipype.workflow INFO:
	 [Node] Setting-up "fmriprep_25_0_wf.sub_01_wf.bold_task_rsvp_run_4_wf.bold_fit_wf.skullstrip_bold_wf.combine_masks" in "/work/fmriprep_25_0_wf/sub_01_wf/bold_task_rsvp_run_4_wf/bold_fit_wf/skullstrip_bold_wf/combine_masks".
250917-06:34:29,244 nipype.workflow INFO:
	 [Node] Setting-up "fmriprep_25_0_wf.sub_01_wf.bold_task_rsvp_run_5_wf.bold_fit_wf.skullstrip_bold_wf.combine_masks" in "/work/fmriprep_25_0_wf/sub_01_wf/bold_task_rsvp_run_5_wf/bold_fit_wf/skullstrip_bold_wf/combine_masks".
250917-06:34:29,245 nipype.workflow INFO:
	 [Node] Setting-up "fmriprep_25_0_wf.sub_01_wf.bold_task_rsvp_run_6_wf.bold_fit_wf.skullstrip_bold_wf.combine_masks" in "/work/fmriprep_25_0_wf/sub_01_wf/bold_task_rsvp_run_6_wf/bold_fit_wf/skullstrip_bold_wf/combine_masks".
250917-06:34:29,246 nipype.workflow INFO:
	 [Node] Setting-up "fmriprep_25_0_wf.sub_01_wf.bold_task_rsvp_run_1_wf.bold_fit_wf.unwarp_wf.brainextraction_wf.clipper_post" in "/work/fmriprep_25_0_wf/sub_01_wf/bold_task_rsvp_run_1_wf/bold_fit_wf/unwarp_wf/brainextraction_wf/clipper_post".
250917-06:34:29,247 nipype.workflow INFO:
	 [Node] Setting-up "fmriprep_25_0_wf.sub_01_wf.anat_fit_wf.brain_extraction_wf.atropos_wf.19_fill_7" in "/work/fmriprep_25_0_wf/sub_01_wf/anat_fit_wf/brain_extraction_wf/atropos_wf/19_fill_7".
250917-06:34:29,272 nipype.workflow INFO:
	 [Node] Executing "combine_masks" <nipype.interfaces.fsl.maths.BinaryMaths>
250917-06:34:29,274 nipype.workflow INFO:
	 [Node] Executing "combine_masks" <nipype.interfaces.fsl.maths.BinaryMaths>
250917-06:34:29,275 nipype.workflow INFO:
	 [Node] Executing "combine_masks" <nipype.interfaces.fsl.maths.BinaryMaths>
250917-06:34:29,276 nipype.workflow INFO:
	 [Node] Executing "combine_masks" <nipype.interfaces.fsl.maths.BinaryMaths>
250917-06:34:29,276 nipype.workflow INFO:
	 [Node] Executing "combine_masks" <nipype.interfaces.fsl.maths.BinaryMaths>
250917-06:34:29,277 nipype.workflow INFO:
	 [Node] Executing "combine_masks" <nipype.interfaces.fsl.maths.BinaryMaths>
250917-06:34:29,278 nipype.workflow INFO:
	 [Node] Executing "19_fill_7" <nipype.interfaces.ants.utils.ImageMath>
250917-06:34:29,278 nipype.workflow INFO:
	 [Node] Executing "clipper_post" <niworkflows.interfaces.nibabel.IntensityClip>
250917-06:34:29,445 nipype.workflow INFO:
	 [Node] Finished "combine_masks", elapsed time 0.171632s.
250917-06:34:29,471 nipype.workflow INFO:
	 [Node] Finished "combine_masks", elapsed time 0.195977s.
250917-06:34:29,477 nipype.workflow INFO:
	 [Node] Finished "combine_masks", elapsed time 0.200427s.
250917-06:34:29,477 nipype.workflow INFO:
	 [Node] Finished "combine_masks", elapsed time 0.200085s.
250917-06:34:29,482 nipype.workflow INFO:
	 [Node] Finished "combine_masks", elapsed time 0.204958s.
250917-06:34:29,508 nipype.workflow INFO:
	 [Node] Finished "combine_masks", elapsed time 0.230351s.
250917-06:34:29,566 nipype.workflow INFO:
	 [Node] Finished "clipper_post", elapsed time 0.286767s.
250917-06:34:31,183 nipype.workflow INFO:
	 [Node] Setting-up "fmriprep_25_0_wf.sub_01_wf.bold_task_rsvp_run_1_wf.bold_fit_wf.skullstrip_bold_wf.apply_mask" in "/work/fmriprep_25_0_wf/sub_01_wf/bold_task_rsvp_run_1_wf/bold_fit_wf/skullstrip_bold_wf/apply_mask".
250917-06:34:31,203 nipype.workflow INFO:
	 [Node] Setting-up "fmriprep_25_0_wf.sub_01_wf.bold_task_rsvp_run_1_wf.bold_fit_wf.skullstrip_bold_wf.mask_reportlet" in "/work/fmriprep_25_0_wf/sub_01_wf/bold_task_rsvp_run_1_wf/bold_fit_wf/skullstrip_bold_wf/mask_reportlet".
250917-06:34:31,210 nipype.workflow INFO:
	 [Node] Executing "apply_mask" <niworkflows.interfaces.nibabel.ApplyMask>
250917-06:34:31,225 nipype.interface WARNING:
	 Changing /out/sub-01/func/sub-01_task-rsvp_run-1_desc-brain_mask.nii.gz dtype from float32 to uint8
250917-06:34:31,229 nipype.workflow INFO:
	 [Node] Executing "mask_reportlet" <niworkflows.interfaces.reportlets.masks.SimpleShowMaskRPT>
250917-06:34:31,256 nipype.workflow INFO:
	 [Node] Finished "apply_mask", elapsed time 0.045188s.
250917-06:34:31,490 nipype.workflow INFO:
	 [Node] Setting-up "fmriprep_25_0_wf.sub_01_wf.bold_task_rsvp_run_2_wf.bold_fit_wf.skullstrip_bold_wf.apply_mask" in "/work/fmriprep_25_0_wf/sub_01_wf/bold_task_rsvp_run_2_wf/bold_fit_wf/skullstrip_bold_wf/apply_mask".
250917-06:34:31,497 nipype.workflow INFO:
	 [Node] Setting-up "fmriprep_25_0_wf.sub_01_wf.bold_task_rsvp_run_2_wf.bold_fit_wf.skullstrip_bold_wf.mask_reportlet" in "/work/fmriprep_25_0_wf/sub_01_wf/bold_task_rsvp_run_2_wf/bold_fit_wf/skullstrip_bold_wf/mask_reportlet".
250917-06:34:31,523 nipype.workflow INFO:
	 [Node] Executing "apply_mask" <niworkflows.interfaces.nibabel.ApplyMask>
250917-06:34:31,529 nipype.workflow INFO:
	 [Node] Executing "mask_reportlet" <niworkflows.interfaces.reportlets.masks.SimpleShowMaskRPT>
250917-06:34:31,538 nipype.interface WARNING:
	 Changing /out/sub-01/func/sub-01_task-rsvp_run-2_desc-brain_mask.nii.gz dtype from float32 to uint8
250917-06:34:31,571 nipype.workflow INFO:
	 [Node] Finished "apply_mask", elapsed time 0.047967s.
250917-06:34:31,824 nipype.workflow INFO:
	 [Node] Setting-up "fmriprep_25_0_wf.sub_01_wf.bold_task_rsvp_run_3_wf.bold_fit_wf.skullstrip_bold_wf.apply_mask" in "/work/fmriprep_25_0_wf/sub_01_wf/bold_task_rsvp_run_3_wf/bold_fit_wf/skullstrip_bold_wf/apply_mask".
250917-06:34:31,843 nipype.workflow INFO:
	 [Node] Setting-up "fmriprep_25_0_wf.sub_01_wf.bold_task_rsvp_run_3_wf.bold_fit_wf.skullstrip_bold_wf.mask_reportlet" in "/work/fmriprep_25_0_wf/sub_01_wf/bold_task_rsvp_run_3_wf/bold_fit_wf/skullstrip_bold_wf/mask_reportlet".
250917-06:34:31,857 nipype.workflow INFO:
	 [Node] Executing "apply_mask" <niworkflows.interfaces.nibabel.ApplyMask>
250917-06:34:31,872 nipype.workflow INFO:
	 [Node] Executing "mask_reportlet" <niworkflows.interfaces.reportlets.masks.SimpleShowMaskRPT>
250917-06:34:31,873 nipype.interface WARNING:
	 Changing /out/sub-01/func/sub-01_task-rsvp_run-3_desc-brain_mask.nii.gz dtype from float32 to uint8
250917-06:34:31,899 nipype.workflow INFO:
	 [Node] Finished "apply_mask", elapsed time 0.041465s.
250917-06:34:32,154 nipype.workflow INFO:
	 [Node] Setting-up "fmriprep_25_0_wf.sub_01_wf.bold_task_rsvp_run_4_wf.bold_fit_wf.skullstrip_bold_wf.apply_mask" in "/work/fmriprep_25_0_wf/sub_01_wf/bold_task_rsvp_run_4_wf/bold_fit_wf/skullstrip_bold_wf/apply_mask".
250917-06:34:32,183 nipype.workflow INFO:
	 [Node] Executing "apply_mask" <niworkflows.interfaces.nibabel.ApplyMask>
250917-06:34:32,269 nipype.workflow INFO:
	 [Node] Finished "apply_mask", elapsed time 0.083016s.
250917-06:34:33,275 nipype.workflow INFO:
	 [Node] Setting-up "fmriprep_25_0_wf.sub_01_wf.bold_task_rsvp_run_4_wf.bold_fit_wf.skullstrip_bold_wf.mask_reportlet" in "/work/fmriprep_25_0_wf/sub_01_wf/bold_task_rsvp_run_4_wf/bold_fit_wf/skullstrip_bold_wf/mask_reportlet".
250917-06:34:33,299 nipype.workflow INFO:
	 [Node] Executing "mask_reportlet" <niworkflows.interfaces.reportlets.masks.SimpleShowMaskRPT>
250917-06:34:33,315 nipype.interface WARNING:
	 Changing /out/sub-01/func/sub-01_task-rsvp_run-4_desc-brain_mask.nii.gz dtype from float32 to uint8
250917-06:34:33,596 nipype.workflow INFO:
	 [Node] Setting-up "fmriprep_25_0_wf.sub_01_wf.bold_task_rsvp_run_5_wf.bold_fit_wf.skullstrip_bold_wf.apply_mask" in "/work/fmriprep_25_0_wf/sub_01_wf/bold_task_rsvp_run_5_wf/bold_fit_wf/skullstrip_bold_wf/apply_mask".
250917-06:34:33,605 nipype.workflow INFO:
	 [Node] Setting-up "fmriprep_25_0_wf.sub_01_wf.bold_task_rsvp_run_5_wf.bold_fit_wf.skullstrip_bold_wf.mask_reportlet" in "/work/fmriprep_25_0_wf/sub_01_wf/bold_task_rsvp_run_5_wf/bold_fit_wf/skullstrip_bold_wf/mask_reportlet".
250917-06:34:33,623 nipype.workflow INFO:
	 [Node] Executing "apply_mask" <niworkflows.interfaces.nibabel.ApplyMask>
250917-06:34:33,631 nipype.workflow INFO:
	 [Node] Executing "mask_reportlet" <niworkflows.interfaces.reportlets.masks.SimpleShowMaskRPT>
250917-06:34:33,643 nipype.interface WARNING:
	 Changing /out/sub-01/func/sub-01_task-rsvp_run-5_desc-brain_mask.nii.gz dtype from float32 to uint8
250917-06:34:33,676 nipype.workflow INFO:
	 [Node] Finished "apply_mask", elapsed time 0.052541s.
250917-06:34:33,928 nipype.workflow INFO:
	 [Node] Setting-up "fmriprep_25_0_wf.sub_01_wf.bold_task_rsvp_run_6_wf.bold_fit_wf.skullstrip_bold_wf.apply_mask" in "/work/fmriprep_25_0_wf/sub_01_wf/bold_task_rsvp_run_6_wf/bold_fit_wf/skullstrip_bold_wf/apply_mask".
250917-06:34:33,969 nipype.workflow INFO:
	 [Node] Executing "apply_mask" <niworkflows.interfaces.nibabel.ApplyMask>
250917-06:34:34,15 nipype.workflow INFO:
	 [Node] Finished "apply_mask", elapsed time 0.045547s.
250917-06:34:35,215 nipype.workflow INFO:
	 [Node] Setting-up "fmriprep_25_0_wf.sub_01_wf.bold_task_rsvp_run_6_wf.bold_fit_wf.skullstrip_bold_wf.mask_reportlet" in "/work/fmriprep_25_0_wf/sub_01_wf/bold_task_rsvp_run_6_wf/bold_fit_wf/skullstrip_bold_wf/mask_reportlet".
250917-06:34:35,244 nipype.workflow INFO:
	 [Node] Executing "mask_reportlet" <niworkflows.interfaces.reportlets.masks.SimpleShowMaskRPT>
250917-06:34:35,253 nipype.interface WARNING:
	 Changing /out/sub-01/func/sub-01_task-rsvp_run-6_desc-brain_mask.nii.gz dtype from float32 to uint8
250917-06:34:35,532 nipype.workflow INFO:
	 [Node] Setting-up "fmriprep_25_0_wf.sub_01_wf.bold_task_rsvp_run_1_wf.bold_fit_wf.unwarp_wf.brainextraction_wf.masker" in "/work/fmriprep_25_0_wf/sub_01_wf/bold_task_rsvp_run_1_wf/bold_fit_wf/unwarp_wf/brainextraction_wf/masker".
250917-06:34:35,565 nipype.workflow INFO:
	 [Node] Executing "masker" <sdcflows.interfaces.brainmask.BrainExtraction>
250917-06:34:37,319 nipype.workflow INFO:
	 [Node] Finished "masker", elapsed time 1.752777s.
250917-06:34:39,211 nipype.workflow INFO:
	 [Node] Setting-up "fmriprep_25_0_wf.sub_01_wf.bold_task_rsvp_run_1_wf.bold_fit_wf.func_fit_reports_wf.sdcreg_report" in "/work/fmriprep_25_0_wf/sub_01_wf/bold_task_rsvp_run_1_wf/bold_fit_wf/func_fit_reports_wf/sdcreg_report".
250917-06:34:39,246 nipype.workflow INFO:
	 [Node] Executing "sdcreg_report" <sdcflows.interfaces.reportlets.FieldmapReportlet>
250917-06:34:39,478 nipype.workflow INFO:
	 [Node] Finished "mask_reportlet", elapsed time 7.94841s.
250917-06:34:40,5 nipype.workflow INFO:
	 [Node] Finished "mask_reportlet", elapsed time 8.775522s.
250917-06:34:40,680 nipype.workflow INFO:
	 [Node] Finished "mask_reportlet", elapsed time 8.807111s.
250917-06:34:41,217 nipype.workflow INFO:
	 [Node] Setting-up "fmriprep_25_0_wf.sub_01_wf.bold_task_rsvp_run_3_wf.bold_fit_wf.func_fit_reports_wf.sdcreg_report" in "/work/fmriprep_25_0_wf/sub_01_wf/bold_task_rsvp_run_3_wf/bold_fit_wf/func_fit_reports_wf/sdcreg_report".
250917-06:34:41,258 nipype.workflow INFO:
	 [Node] Executing "sdcreg_report" <sdcflows.interfaces.reportlets.FieldmapReportlet>
250917-06:34:41,366 nipype.workflow INFO:
	 [Node] Setting-up "fmriprep_25_0_wf.sub_01_wf.bold_task_rsvp_run_2_wf.bold_fit_wf.func_fit_reports_wf.sdcreg_report" in "/work/fmriprep_25_0_wf/sub_01_wf/bold_task_rsvp_run_2_wf/bold_fit_wf/func_fit_reports_wf/sdcreg_report".
250917-06:34:41,413 nipype.workflow INFO:
	 [Node] Executing "sdcreg_report" <sdcflows.interfaces.reportlets.FieldmapReportlet>
250917-06:34:41,629 nipype.workflow INFO:
	 [Node] Finished "mask_reportlet", elapsed time 8.328705s.
250917-06:34:41,691 nipype.workflow INFO:
	 [Node] Finished "mask_reportlet", elapsed time 8.058265s.
250917-06:34:42,193 nipype.workflow INFO:
	 [Node] Setting-up "fmriprep_25_0_wf.sub_01_wf.bold_task_rsvp_run_4_wf.bold_fit_wf.func_fit_reports_wf.sdcreg_report" in "/work/fmriprep_25_0_wf/sub_01_wf/bold_task_rsvp_run_4_wf/bold_fit_wf/func_fit_reports_wf/sdcreg_report".
250917-06:34:43,149 nipype.workflow INFO:
	 [Node] Executing "sdcreg_report" <sdcflows.interfaces.reportlets.FieldmapReportlet>
250917-06:34:43,196 nipype.workflow INFO:
	 [Node] Setting-up "fmriprep_25_0_wf.sub_01_wf.bold_task_rsvp_run_6_wf.bold_fit_wf.func_fit_reports_wf.sdcreg_report" in "/work/fmriprep_25_0_wf/sub_01_wf/bold_task_rsvp_run_6_wf/bold_fit_wf/func_fit_reports_wf/sdcreg_report".
250917-06:34:43,304 nipype.workflow INFO:
	 [Node] Executing "sdcreg_report" <sdcflows.interfaces.reportlets.FieldmapReportlet>
250917-06:34:43,357 nipype.workflow INFO:
	 [Node] Finished "boldref_bold", elapsed time 18.084047s.
250917-06:34:43,493 nipype.workflow INFO:
	 [Node] Finished "mask_reportlet", elapsed time 8.248316s.
250917-06:34:44,195 nipype.workflow INFO:
	 [Node] Setting-up "fmriprep_25_0_wf.sub_01_wf.bold_task_rsvp_run_5_wf.bold_fit_wf.func_fit_reports_wf.sdcreg_report" in "/work/fmriprep_25_0_wf/sub_01_wf/bold_task_rsvp_run_5_wf/bold_fit_wf/func_fit_reports_wf/sdcreg_report".
250917-06:34:44,230 nipype.workflow INFO:
	 [Node] Executing "sdcreg_report" <sdcflows.interfaces.reportlets.FieldmapReportlet>
250917-06:34:45,235 nipype.workflow INFO:
	 [Node] Setting-up "fmriprep_25_0_wf.sub_01_wf.bold_task_rsvp_run_2_wf.bold_fit_wf.unwarp_wf.brainextraction_wf.n4" in "/work/fmriprep_25_0_wf/sub_01_wf/bold_task_rsvp_run_2_wf/bold_fit_wf/unwarp_wf/brainextraction_wf/n4".
250917-06:34:45,236 nipype.workflow INFO:
	 [Node] Setting-up "fmriprep_25_0_wf.sub_01_wf.bold_task_rsvp_run_1_wf.bold_confounds_wf.dvars" in "/work/fmriprep_25_0_wf/sub_01_wf/bold_task_rsvp_run_1_wf/bold_confounds_wf/dvars".
250917-06:34:45,267 nipype.workflow INFO:
	 [Node] Executing "n4" <nipype.interfaces.ants.segmentation.N4BiasFieldCorrection>
250917-06:34:45,271 nipype.workflow INFO:
	 [Node] Executing "dvars" <nipype.algorithms.confounds.ComputeDVARS>
250917-06:34:48,113 nipype.workflow INFO:
	 [Node] Finished "n4", elapsed time 2.844852s.
250917-06:34:49,211 nipype.workflow INFO:
	 [Node] Setting-up "fmriprep_25_0_wf.sub_01_wf.bold_task_rsvp_run_2_wf.bold_native_wf.boldref_bold" in "/work/fmriprep_25_0_wf/sub_01_wf/bold_task_rsvp_run_2_wf/bold_native_wf/boldref_bold".
250917-06:34:49,253 nipype.workflow INFO:
	 [Node] Executing "boldref_bold" <fmriprep.interfaces.resampling.ResampleSeries>
250917-06:34:53,103 nipype.workflow INFO:
	 [Node] Finished "sdcreg_report", elapsed time 13.856086s.
250917-06:34:54,48 nipype.workflow INFO:
	 [Node] Finished "sdcreg_report", elapsed time 12.633293s.
250917-06:34:54,665 nipype.workflow INFO:
	 [Node] Finished "sdcreg_report", elapsed time 13.406164s.
250917-06:34:55,207 nipype.workflow INFO:
	 [Node] Setting-up "fmriprep_25_0_wf.sub_01_wf.bold_task_rsvp_run_2_wf.bold_fit_wf.unwarp_wf.brainextraction_wf.clipper_post" in "/work/fmriprep_25_0_wf/sub_01_wf/bold_task_rsvp_run_2_wf/bold_fit_wf/unwarp_wf/brainextraction_wf/clipper_post".
250917-06:34:55,209 nipype.workflow INFO:
	 [Node] Setting-up "fmriprep_25_0_wf.sub_01_wf.bold_task_rsvp_run_1_wf.bold_confounds_wf.tcompcor" in "/work/fmriprep_25_0_wf/sub_01_wf/bold_task_rsvp_run_1_wf/bold_confounds_wf/tcompcor".
250917-06:34:55,211 nipype.workflow INFO:
	 [Node] Setting-up "fmriprep_25_0_wf.sub_01_wf.bold_task_rsvp_run_1_wf.bold_fit_wf.func_fit_reports_wf.ds_sdcreg_report" in "/work/fmriprep_25_0_wf/sub_01_wf/bold_task_rsvp_run_1_wf/bold_fit_wf/func_fit_reports_wf/ds_sdcreg_report".
250917-06:34:55,237 nipype.workflow INFO:
	 [Node] Executing "clipper_post" <niworkflows.interfaces.nibabel.IntensityClip>
250917-06:34:55,240 nipype.workflow INFO:
	 [Node] Executing "tcompcor" <niworkflows.interfaces.patches.RobustTCompCor>
250917-06:34:55,244 nipype.workflow INFO:
	 [Node] Executing "ds_sdcreg_report" <fmriprep.interfaces.DerivativesDataSink>
250917-06:34:55,279 nipype.workflow INFO:
	 [Node] Finished "ds_sdcreg_report", elapsed time 0.03386s.
250917-06:34:55,484 nipype.workflow INFO:
	 [Node] Finished "clipper_post", elapsed time 0.246138s.
250917-06:34:55,905 nipype.workflow INFO:
	 [Node] Finished "sdcreg_report", elapsed time 12.599202s.
250917-06:34:56,204 nipype.workflow INFO:
	 [Node] Finished "sdcreg_report", elapsed time 13.054007s.
250917-06:34:57,204 nipype.workflow INFO:
	 [Node] Setting-up "fmriprep_25_0_wf.sub_01_wf.bold_task_rsvp_run_2_wf.bold_fit_wf.unwarp_wf.brainextraction_wf.masker" in "/work/fmriprep_25_0_wf/sub_01_wf/bold_task_rsvp_run_2_wf/bold_fit_wf/unwarp_wf/brainextraction_wf/masker".
250917-06:34:57,208 nipype.workflow INFO:
	 [Node] Setting-up "fmriprep_25_0_wf.sub_01_wf.bold_task_rsvp_run_2_wf.bold_fit_wf.func_fit_reports_wf.ds_sdcreg_report" in "/work/fmriprep_25_0_wf/sub_01_wf/bold_task_rsvp_run_2_wf/bold_fit_wf/func_fit_reports_wf/ds_sdcreg_report".
250917-06:34:57,209 nipype.workflow INFO:
	 [Node] Setting-up "fmriprep_25_0_wf.sub_01_wf.bold_task_rsvp_run_3_wf.bold_fit_wf.func_fit_reports_wf.ds_sdcreg_report" in "/work/fmriprep_25_0_wf/sub_01_wf/bold_task_rsvp_run_3_wf/bold_fit_wf/func_fit_reports_wf/ds_sdcreg_report".
250917-06:34:57,210 nipype.workflow INFO:
	 [Node] Setting-up "fmriprep_25_0_wf.sub_01_wf.bold_task_rsvp_run_4_wf.bold_fit_wf.func_fit_reports_wf.ds_sdcreg_report" in "/work/fmriprep_25_0_wf/sub_01_wf/bold_task_rsvp_run_4_wf/bold_fit_wf/func_fit_reports_wf/ds_sdcreg_report".
250917-06:34:57,232 nipype.workflow INFO:
	 [Node] Executing "masker" <sdcflows.interfaces.brainmask.BrainExtraction>
250917-06:34:57,238 nipype.workflow INFO:
	 [Node] Executing "ds_sdcreg_report" <fmriprep.interfaces.DerivativesDataSink>
250917-06:34:57,242 nipype.workflow INFO:
	 [Node] Executing "ds_sdcreg_report" <fmriprep.interfaces.DerivativesDataSink>
250917-06:34:57,242 nipype.workflow INFO:
	 [Node] Executing "ds_sdcreg_report" <fmriprep.interfaces.DerivativesDataSink>
250917-06:34:57,283 nipype.workflow INFO:
	 [Node] Finished "ds_sdcreg_report", elapsed time 0.044351s.
250917-06:34:57,288 nipype.workflow INFO:
	 [Node] Finished "ds_sdcreg_report", elapsed time 0.045252s.
250917-06:34:57,295 nipype.workflow INFO:
	 [Node] Finished "ds_sdcreg_report", elapsed time 0.051621s.
250917-06:34:57,306 nipype.workflow INFO:
	 [Node] Finished "sdcreg_report", elapsed time 13.074672s.
250917-06:34:58,660 nipype.workflow INFO:
	 [Node] Finished "tcompcor", elapsed time 3.41854s.
250917-06:34:58,860 nipype.workflow INFO:
	 [Node] Finished "masker", elapsed time 1.626592s.
250917-06:34:58,972 nipype.workflow INFO:
	 [Node] Finished "dvars", elapsed time 13.699296s.
250917-06:34:59,247 nipype.workflow INFO:
	 [Node] Setting-up "fmriprep_25_0_wf.sub_01_wf.bold_task_rsvp_run_1_wf.bold_confounds_wf.tcc_metadata_filter" in "/work/fmriprep_25_0_wf/sub_01_wf/bold_task_rsvp_run_1_wf/bold_confounds_wf/tcc_metadata_filter".
250917-06:34:59,251 nipype.workflow INFO:
	 [Node] Setting-up "fmriprep_25_0_wf.sub_01_wf.bold_task_rsvp_run_6_wf.bold_fit_wf.func_fit_reports_wf.ds_sdcreg_report" in "/work/fmriprep_25_0_wf/sub_01_wf/bold_task_rsvp_run_6_wf/bold_fit_wf/func_fit_reports_wf/ds_sdcreg_report".
250917-06:34:59,254 nipype.workflow INFO:
	 [Node] Setting-up "fmriprep_25_0_wf.sub_01_wf.bold_task_rsvp_run_5_wf.bold_fit_wf.func_fit_reports_wf.ds_sdcreg_report" in "/work/fmriprep_25_0_wf/sub_01_wf/bold_task_rsvp_run_5_wf/bold_fit_wf/func_fit_reports_wf/ds_sdcreg_report".
250917-06:34:59,280 nipype.workflow INFO:
	 [Node] Executing "tcc_metadata_filter" <fmriprep.interfaces.confounds.FilterDropped>
250917-06:34:59,281 nipype.workflow INFO:
	 [Node] Executing "ds_sdcreg_report" <fmriprep.interfaces.DerivativesDataSink>
250917-06:34:59,285 nipype.workflow INFO:
	 [Node] Executing "ds_sdcreg_report" <fmriprep.interfaces.DerivativesDataSink>
250917-06:34:59,290 nipype.workflow INFO:
	 [Node] Finished "tcc_metadata_filter", elapsed time 0.00969s.
250917-06:34:59,332 nipype.workflow INFO:
	 [Node] Finished "ds_sdcreg_report", elapsed time 0.049264s.
250917-06:34:59,332 nipype.workflow INFO:
	 [Node] Finished "ds_sdcreg_report", elapsed time 0.045972s.
250917-06:35:01,790 nipype.workflow INFO:
	 [Node] Setting-up "fmriprep_25_0_wf.sub_01_wf.bold_task_rsvp_run_1_wf.bold_confounds_wf.tcc_metadata_fmt" in "/work/fmriprep_25_0_wf/sub_01_wf/bold_task_rsvp_run_1_wf/bold_confounds_wf/tcc_metadata_fmt".
250917-06:35:01,818 nipype.workflow INFO:
	 [Node] Executing "tcc_metadata_fmt" <niworkflows.interfaces.utility.TSV2JSON>
250917-06:35:01,827 nipype.workflow INFO:
	 [Node] Finished "tcc_metadata_fmt", elapsed time 0.007473s.
250917-06:35:06,387 nipype.workflow INFO:
	 [Node] Finished "boldref_bold", elapsed time 17.133387s.
250917-06:35:07,180 nipype.workflow INFO:
	 [Node] Setting-up "fmriprep_25_0_wf.sub_01_wf.bold_task_rsvp_run_3_wf.bold_fit_wf.unwarp_wf.brainextraction_wf.n4" in "/work/fmriprep_25_0_wf/sub_01_wf/bold_task_rsvp_run_3_wf/bold_fit_wf/unwarp_wf/brainextraction_wf/n4".
250917-06:35:07,188 nipype.workflow INFO:
	 [Node] Setting-up "fmriprep_25_0_wf.sub_01_wf.bold_task_rsvp_run_2_wf.bold_confounds_wf.tcompcor" in "/work/fmriprep_25_0_wf/sub_01_wf/bold_task_rsvp_run_2_wf/bold_confounds_wf/tcompcor".
250917-06:35:07,193 nipype.workflow INFO:
	 [Node] Setting-up "fmriprep_25_0_wf.sub_01_wf.bold_task_rsvp_run_2_wf.bold_confounds_wf.dvars" in "/work/fmriprep_25_0_wf/sub_01_wf/bold_task_rsvp_run_2_wf/bold_confounds_wf/dvars".
250917-06:35:07,217 nipype.workflow INFO:
	 [Node] Executing "n4" <nipype.interfaces.ants.segmentation.N4BiasFieldCorrection>
250917-06:35:07,225 nipype.workflow INFO:
	 [Node] Executing "dvars" <nipype.algorithms.confounds.ComputeDVARS>
250917-06:35:07,225 nipype.workflow INFO:
	 [Node] Executing "tcompcor" <niworkflows.interfaces.patches.RobustTCompCor>
250917-06:35:10,112 nipype.workflow INFO:
	 [Node] Finished "n4", elapsed time 2.894164s.
250917-06:35:10,700 nipype.workflow INFO:
	 [Node] Finished "tcompcor", elapsed time 3.474187s.
250917-06:35:11,236 nipype.workflow INFO:
	 [Node] Setting-up "fmriprep_25_0_wf.sub_01_wf.bold_task_rsvp_run_3_wf.bold_fit_wf.unwarp_wf.brainextraction_wf.clipper_post" in "/work/fmriprep_25_0_wf/sub_01_wf/bold_task_rsvp_run_3_wf/bold_fit_wf/unwarp_wf/brainextraction_wf/clipper_post".
250917-06:35:11,236 nipype.workflow INFO:
	 [Node] Setting-up "fmriprep_25_0_wf.sub_01_wf.bold_task_rsvp_run_2_wf.bold_confounds_wf.tcc_metadata_filter" in "/work/fmriprep_25_0_wf/sub_01_wf/bold_task_rsvp_run_2_wf/bold_confounds_wf/tcc_metadata_filter".
250917-06:35:11,238 nipype.workflow INFO:
	 [Node] Setting-up "fmriprep_25_0_wf.sub_01_wf.bold_task_rsvp_run_3_wf.bold_native_wf.boldref_bold" in "/work/fmriprep_25_0_wf/sub_01_wf/bold_task_rsvp_run_3_wf/bold_native_wf/boldref_bold".
250917-06:35:11,264 nipype.workflow INFO:
	 [Node] Executing "clipper_post" <niworkflows.interfaces.nibabel.IntensityClip>
250917-06:35:11,264 nipype.workflow INFO:
	 [Node] Executing "tcc_metadata_filter" <fmriprep.interfaces.confounds.FilterDropped>
250917-06:35:11,272 nipype.workflow INFO:
	 [Node] Executing "boldref_bold" <fmriprep.interfaces.resampling.ResampleSeries>
250917-06:35:11,277 nipype.workflow INFO:
	 [Node] Finished "tcc_metadata_filter", elapsed time 0.011536s.
250917-06:35:11,536 nipype.workflow INFO:
	 [Node] Finished "clipper_post", elapsed time 0.270779s.
250917-06:35:13,206 nipype.workflow INFO:
	 [Node] Setting-up "fmriprep_25_0_wf.sub_01_wf.bold_task_rsvp_run_3_wf.bold_fit_wf.unwarp_wf.brainextraction_wf.masker" in "/work/fmriprep_25_0_wf/sub_01_wf/bold_task_rsvp_run_3_wf/bold_fit_wf/unwarp_wf/brainextraction_wf/masker".
250917-06:35:13,207 nipype.workflow INFO:
	 [Node] Setting-up "fmriprep_25_0_wf.sub_01_wf.bold_task_rsvp_run_2_wf.bold_confounds_wf.tcc_metadata_fmt" in "/work/fmriprep_25_0_wf/sub_01_wf/bold_task_rsvp_run_2_wf/bold_confounds_wf/tcc_metadata_fmt".
250917-06:35:13,234 nipype.workflow INFO:
	 [Node] Executing "masker" <sdcflows.interfaces.brainmask.BrainExtraction>
250917-06:35:13,238 nipype.workflow INFO:
	 [Node] Executing "tcc_metadata_fmt" <niworkflows.interfaces.utility.TSV2JSON>
250917-06:35:13,250 nipype.workflow INFO:
	 [Node] Finished "tcc_metadata_fmt", elapsed time 0.010239s.
250917-06:35:14,106 nipype.workflow INFO:
	 [Node] Finished "19_fill_7", elapsed time 44.827613s.
250917-06:35:14,990 nipype.workflow INFO:
	 [Node] Finished "masker", elapsed time 1.754889s.
250917-06:35:15,217 nipype.workflow INFO:
	 [Node] Setting-up "fmriprep_25_0_wf.sub_01_wf.anat_fit_wf.brain_extraction_wf.atropos_wf.20_add_7_2" in "/work/fmriprep_25_0_wf/sub_01_wf/anat_fit_wf/brain_extraction_wf/atropos_wf/20_add_7_2".
250917-06:35:15,251 nipype.workflow INFO:
	 [Node] Executing "20_add_7_2" <nipype.interfaces.ants.utils.ImageMath>
250917-06:35:20,906 nipype.workflow INFO:
	 [Node] Finished "dvars", elapsed time 13.679582s.
250917-06:35:21,851 nipype.workflow INFO:
	 [Node] Finished "20_add_7_2", elapsed time 6.599093s.
250917-06:35:23,191 nipype.workflow INFO:
	 [Node] Setting-up "fmriprep_25_0_wf.sub_01_wf.bold_task_rsvp_run_4_wf.bold_fit_wf.unwarp_wf.brainextraction_wf.n4" in "/work/fmriprep_25_0_wf/sub_01_wf/bold_task_rsvp_run_4_wf/bold_fit_wf/unwarp_wf/brainextraction_wf/n4".
250917-06:35:23,226 nipype.workflow INFO:
	 [Node] Executing "n4" <nipype.interfaces.ants.segmentation.N4BiasFieldCorrection>
250917-06:35:26,384 nipype.workflow INFO:
	 [Node] Finished "n4", elapsed time 3.157577s.
250917-06:35:27,203 nipype.workflow INFO:
	 [Node] Setting-up "fmriprep_25_0_wf.sub_01_wf.bold_task_rsvp_run_4_wf.bold_native_wf.boldref_bold" in "/work/fmriprep_25_0_wf/sub_01_wf/bold_task_rsvp_run_4_wf/bold_native_wf/boldref_bold".
250917-06:35:27,855 nipype.workflow INFO:
	 [Node] Executing "boldref_bold" <fmriprep.interfaces.resampling.ResampleSeries>
250917-06:35:28,128 nipype.workflow INFO:
	 [Node] Finished "boldref_bold", elapsed time 16.854508s.
250917-06:35:29,236 nipype.workflow INFO:
	 [Node] Setting-up "fmriprep_25_0_wf.sub_01_wf.bold_task_rsvp_run_5_wf.bold_fit_wf.unwarp_wf.brainextraction_wf.n4" in "/work/fmriprep_25_0_wf/sub_01_wf/bold_task_rsvp_run_5_wf/bold_fit_wf/unwarp_wf/brainextraction_wf/n4".
250917-06:35:29,262 nipype.workflow INFO:
	 [Node] Executing "n4" <nipype.interfaces.ants.segmentation.N4BiasFieldCorrection>
250917-06:35:31,135 nipype.workflow INFO:
	 [Node] Finished "n4", elapsed time 1.871821s.
250917-06:35:33,189 nipype.workflow INFO:
	 [Node] Setting-up "fmriprep_25_0_wf.sub_01_wf.bold_task_rsvp_run_5_wf.bold_native_wf.boldref_bold" in "/work/fmriprep_25_0_wf/sub_01_wf/bold_task_rsvp_run_5_wf/bold_native_wf/boldref_bold".
250917-06:35:33,225 nipype.workflow INFO:
	 [Node] Executing "boldref_bold" <fmriprep.interfaces.resampling.ResampleSeries>
250917-06:35:45,179 nipype.workflow INFO:
	 [Node] Finished "boldref_bold", elapsed time 17.323511s.
250917-06:35:47,186 nipype.workflow INFO:
	 [Node] Setting-up "fmriprep_25_0_wf.sub_01_wf.bold_task_rsvp_run_6_wf.bold_fit_wf.unwarp_wf.brainextraction_wf.n4" in "/work/fmriprep_25_0_wf/sub_01_wf/bold_task_rsvp_run_6_wf/bold_fit_wf/unwarp_wf/brainextraction_wf/n4".
250917-06:35:47,214 nipype.workflow INFO:
	 [Node] Executing "n4" <nipype.interfaces.ants.segmentation.N4BiasFieldCorrection>
250917-06:35:49,896 nipype.workflow INFO:
	 [Node] Finished "n4", elapsed time 2.681083s.
250917-06:35:50,462 nipype.workflow INFO:
	 [Node] Finished "boldref_bold", elapsed time 17.235639s.
250917-06:35:51,200 nipype.workflow INFO:
	 [Node] Setting-up "fmriprep_25_0_wf.sub_01_wf.bold_task_rsvp_run_6_wf.bold_native_wf.boldref_bold" in "/work/fmriprep_25_0_wf/sub_01_wf/bold_task_rsvp_run_6_wf/bold_native_wf/boldref_bold".
250917-06:35:51,200 nipype.workflow INFO:
	 [Node] Setting-up "fmriprep_25_0_wf.sub_01_wf.bold_task_rsvp_run_4_wf.bold_fit_wf.unwarp_wf.brainextraction_wf.clipper_post" in "/work/fmriprep_25_0_wf/sub_01_wf/bold_task_rsvp_run_4_wf/bold_fit_wf/unwarp_wf/brainextraction_wf/clipper_post".
250917-06:35:51,201 nipype.workflow INFO:
	 [Node] Setting-up "fmriprep_25_0_wf.sub_01_wf.bold_task_rsvp_run_5_wf.bold_fit_wf.unwarp_wf.brainextraction_wf.clipper_post" in "/work/fmriprep_25_0_wf/sub_01_wf/bold_task_rsvp_run_5_wf/bold_fit_wf/unwarp_wf/brainextraction_wf/clipper_post".
250917-06:35:51,202 nipype.workflow INFO:
	 [Node] Setting-up "fmriprep_25_0_wf.sub_01_wf.bold_task_rsvp_run_6_wf.bold_fit_wf.unwarp_wf.brainextraction_wf.clipper_post" in "/work/fmriprep_25_0_wf/sub_01_wf/bold_task_rsvp_run_6_wf/bold_fit_wf/unwarp_wf/brainextraction_wf/clipper_post".
250917-06:35:51,203 nipype.workflow INFO:
	 [Node] Setting-up "fmriprep_25_0_wf.sub_01_wf.bold_task_rsvp_run_3_wf.bold_confounds_wf.dvars" in "/work/fmriprep_25_0_wf/sub_01_wf/bold_task_rsvp_run_3_wf/bold_confounds_wf/dvars".
250917-06:35:51,205 nipype.workflow INFO:
	 [Node] Setting-up "fmriprep_25_0_wf.sub_01_wf.bold_task_rsvp_run_3_wf.bold_confounds_wf.tcompcor" in "/work/fmriprep_25_0_wf/sub_01_wf/bold_task_rsvp_run_3_wf/bold_confounds_wf/tcompcor".
250917-06:35:51,205 nipype.workflow INFO:
	 [Node] Setting-up "fmriprep_25_0_wf.sub_01_wf.bold_task_rsvp_run_4_wf.bold_confounds_wf.dvars" in "/work/fmriprep_25_0_wf/sub_01_wf/bold_task_rsvp_run_4_wf/bold_confounds_wf/dvars".
250917-06:35:51,207 nipype.workflow INFO:
	 [Node] Setting-up "fmriprep_25_0_wf.sub_01_wf.anat_fit_wf.brain_extraction_wf.atropos_wf.21_md_7_2" in "/work/fmriprep_25_0_wf/sub_01_wf/anat_fit_wf/brain_extraction_wf/atropos_wf/21_md_7_2".
250917-06:35:51,217 nipype.workflow INFO:
	 [Node] Setting-up "fmriprep_25_0_wf.sub_01_wf.bold_task_rsvp_run_4_wf.bold_confounds_wf.tcompcor" in "/work/fmriprep_25_0_wf/sub_01_wf/bold_task_rsvp_run_4_wf/bold_confounds_wf/tcompcor".
250917-06:35:51,230 nipype.workflow INFO:
	 [Node] Executing "clipper_post" <niworkflows.interfaces.nibabel.IntensityClip>
250917-06:35:51,230 nipype.workflow INFO:
	 [Node] Executing "clipper_post" <niworkflows.interfaces.nibabel.IntensityClip>
250917-06:35:51,230 nipype.workflow INFO:
	 [Node] Executing "clipper_post" <niworkflows.interfaces.nibabel.IntensityClip>
250917-06:35:51,237 nipype.workflow INFO:
	 [Node] Executing "21_md_7_2" <nipype.interfaces.ants.utils.ImageMath>
250917-06:35:51,239 nipype.workflow INFO:
	 [Node] Executing "dvars" <nipype.algorithms.confounds.ComputeDVARS>
250917-06:35:51,240 nipype.workflow INFO:
	 [Node] Executing "dvars" <nipype.algorithms.confounds.ComputeDVARS>
250917-06:35:51,243 nipype.workflow INFO:
	 [Node] Executing "tcompcor" <niworkflows.interfaces.patches.RobustTCompCor>
250917-06:35:51,243 nipype.workflow INFO:
	 [Node] Executing "boldref_bold" <fmriprep.interfaces.resampling.ResampleSeries>
250917-06:35:51,251 nipype.workflow INFO:
	 [Node] Executing "tcompcor" <niworkflows.interfaces.patches.RobustTCompCor>
250917-06:35:51,491 nipype.workflow INFO:
	 [Node] Finished "clipper_post", elapsed time 0.259602s.
250917-06:35:51,501 nipype.workflow INFO:
	 [Node] Finished "clipper_post", elapsed time 0.270118s.
250917-06:35:51,509 nipype.workflow INFO:
	 [Node] Finished "clipper_post", elapsed time 0.277964s.
250917-06:35:53,247 nipype.workflow INFO:
	 [Node] Setting-up "fmriprep_25_0_wf.sub_01_wf.bold_task_rsvp_run_5_wf.bold_fit_wf.unwarp_wf.brainextraction_wf.masker" in "/work/fmriprep_25_0_wf/sub_01_wf/bold_task_rsvp_run_5_wf/bold_fit_wf/unwarp_wf/brainextraction_wf/masker".
250917-06:35:53,247 nipype.workflow INFO:
	 [Node] Setting-up "fmriprep_25_0_wf.sub_01_wf.bold_task_rsvp_run_6_wf.bold_fit_wf.unwarp_wf.brainextraction_wf.masker" in "/work/fmriprep_25_0_wf/sub_01_wf/bold_task_rsvp_run_6_wf/bold_fit_wf/unwarp_wf/brainextraction_wf/masker".
250917-06:35:53,251 nipype.workflow INFO:
	 [Node] Setting-up "fmriprep_25_0_wf.sub_01_wf.bold_task_rsvp_run_4_wf.bold_fit_wf.unwarp_wf.brainextraction_wf.masker" in "/work/fmriprep_25_0_wf/sub_01_wf/bold_task_rsvp_run_4_wf/bold_fit_wf/unwarp_wf/brainextraction_wf/masker".
250917-06:35:53,278 nipype.workflow INFO:
	 [Node] Executing "masker" <sdcflows.interfaces.brainmask.BrainExtraction>
250917-06:35:53,280 nipype.workflow INFO:
	 [Node] Executing "masker" <sdcflows.interfaces.brainmask.BrainExtraction>
250917-06:35:53,282 nipype.workflow INFO:
	 [Node] Executing "masker" <sdcflows.interfaces.brainmask.BrainExtraction>
250917-06:35:54,718 nipype.workflow INFO:
	 [Node] Finished "tcompcor", elapsed time 3.474621s.
250917-06:35:55,2 nipype.workflow INFO:
	 [Node] Finished "tcompcor", elapsed time 3.7497059999999998s.
250917-06:35:55,179 nipype.workflow INFO:
	 [Node] Finished "masker", elapsed time 1.8966159999999999s.
250917-06:35:55,239 nipype.workflow INFO:
	 [Node] Setting-up "fmriprep_25_0_wf.sub_01_wf.bold_task_rsvp_run_5_wf.bold_confounds_wf.dvars" in "/work/fmriprep_25_0_wf/sub_01_wf/bold_task_rsvp_run_5_wf/bold_confounds_wf/dvars".
250917-06:35:55,249 nipype.workflow INFO:
	 [Node] Finished "masker", elapsed time 1.969897s.
250917-06:35:55,249 nipype.workflow INFO:
	 [Node] Finished "masker", elapsed time 1.968194s.
250917-06:35:55,264 nipype.workflow INFO:
	 [Node] Executing "dvars" <nipype.algorithms.confounds.ComputeDVARS>
250917-06:35:57,207 nipype.workflow INFO:
	 [Node] Setting-up "fmriprep_25_0_wf.sub_01_wf.bold_task_rsvp_run_3_wf.bold_confounds_wf.tcc_metadata_filter" in "/work/fmriprep_25_0_wf/sub_01_wf/bold_task_rsvp_run_3_wf/bold_confounds_wf/tcc_metadata_filter".
250917-06:35:57,208 nipype.workflow INFO:
	 [Node] Setting-up "fmriprep_25_0_wf.sub_01_wf.bold_task_rsvp_run_4_wf.bold_confounds_wf.tcc_metadata_filter" in "/work/fmriprep_25_0_wf/sub_01_wf/bold_task_rsvp_run_4_wf/bold_confounds_wf/tcc_metadata_filter".
250917-06:35:57,208 nipype.workflow INFO:
	 [Node] Setting-up "fmriprep_25_0_wf.sub_01_wf.bold_task_rsvp_run_5_wf.bold_confounds_wf.tcompcor" in "/work/fmriprep_25_0_wf/sub_01_wf/bold_task_rsvp_run_5_wf/bold_confounds_wf/tcompcor".
250917-06:35:57,234 nipype.workflow INFO:
	 [Node] Executing "tcc_metadata_filter" <fmriprep.interfaces.confounds.FilterDropped>
250917-06:35:57,241 nipype.workflow INFO:
	 [Node] Executing "tcompcor" <niworkflows.interfaces.patches.RobustTCompCor>
250917-06:35:57,242 nipype.workflow INFO:
	 [Node] Finished "tcc_metadata_filter", elapsed time 0.007409s.
250917-06:35:57,243 nipype.workflow INFO:
	 [Node] Executing "tcc_metadata_filter" <fmriprep.interfaces.confounds.FilterDropped>
250917-06:35:57,253 nipype.workflow INFO:
	 [Node] Finished "tcc_metadata_filter", elapsed time 0.009355s.
250917-06:35:58,863 nipype.workflow INFO:
	 [Node] Finished "21_md_7_2", elapsed time 7.625032s.
250917-06:35:59,231 nipype.workflow INFO:
	 [Node] Setting-up "fmriprep_25_0_wf.sub_01_wf.bold_task_rsvp_run_3_wf.bold_confounds_wf.tcc_metadata_fmt" in "/work/fmriprep_25_0_wf/sub_01_wf/bold_task_rsvp_run_3_wf/bold_confounds_wf/tcc_metadata_fmt".
250917-06:35:59,232 nipype.workflow INFO:
	 [Node] Setting-up "fmriprep_25_0_wf.sub_01_wf.bold_task_rsvp_run_4_wf.bold_confounds_wf.tcc_metadata_fmt" in "/work/fmriprep_25_0_wf/sub_01_wf/bold_task_rsvp_run_4_wf/bold_confounds_wf/tcc_metadata_fmt".
250917-06:35:59,233 nipype.workflow INFO:
	 [Node] Setting-up "fmriprep_25_0_wf.sub_01_wf.anat_fit_wf.brain_extraction_wf.atropos_wf.22_me_7_2" in "/work/fmriprep_25_0_wf/sub_01_wf/anat_fit_wf/brain_extraction_wf/atropos_wf/22_me_7_2".
250917-06:35:59,258 nipype.workflow INFO:
	 [Node] Executing "22_me_7_2" <nipype.interfaces.ants.utils.ImageMath>
250917-06:35:59,258 nipype.workflow INFO:
	 [Node] Executing "tcc_metadata_fmt" <niworkflows.interfaces.utility.TSV2JSON>
250917-06:35:59,261 nipype.workflow INFO:
	 [Node] Executing "tcc_metadata_fmt" <niworkflows.interfaces.utility.TSV2JSON>
250917-06:35:59,265 nipype.workflow INFO:
	 [Node] Finished "tcc_metadata_fmt", elapsed time 0.006038s.
250917-06:35:59,266 nipype.workflow INFO:
	 [Node] Finished "tcc_metadata_fmt", elapsed time 0.004108s.
250917-06:36:00,588 nipype.workflow INFO:
	 [Node] Finished "tcompcor", elapsed time 3.345843s.
250917-06:36:01,218 nipype.workflow INFO:
	 [Node] Setting-up "fmriprep_25_0_wf.sub_01_wf.bold_task_rsvp_run_5_wf.bold_confounds_wf.tcc_metadata_filter" in "/work/fmriprep_25_0_wf/sub_01_wf/bold_task_rsvp_run_5_wf/bold_confounds_wf/tcc_metadata_filter".
250917-06:36:01,251 nipype.workflow INFO:
	 [Node] Executing "tcc_metadata_filter" <fmriprep.interfaces.confounds.FilterDropped>
250917-06:36:01,263 nipype.workflow INFO:
	 [Node] Finished "tcc_metadata_filter", elapsed time 0.010244s.
250917-06:36:03,231 nipype.workflow INFO:
	 [Node] Setting-up "fmriprep_25_0_wf.sub_01_wf.bold_task_rsvp_run_5_wf.bold_confounds_wf.tcc_metadata_fmt" in "/work/fmriprep_25_0_wf/sub_01_wf/bold_task_rsvp_run_5_wf/bold_confounds_wf/tcc_metadata_fmt".
250917-06:36:03,380 nipype.workflow INFO:
	 [Node] Executing "tcc_metadata_fmt" <niworkflows.interfaces.utility.TSV2JSON>
250917-06:36:03,387 nipype.workflow INFO:
	 [Node] Finished "tcc_metadata_fmt", elapsed time 0.00549s.
250917-06:36:05,588 nipype.workflow INFO:
	 [Node] Finished "dvars", elapsed time 14.346937s.
250917-06:36:06,254 nipype.workflow INFO:
	 [Node] Finished "dvars", elapsed time 15.012522s.
250917-06:36:08,418 nipype.workflow INFO:
	 [Node] Finished "boldref_bold", elapsed time 17.173884s.
250917-06:36:08,716 nipype.workflow INFO:
	 [Node] Finished "dvars", elapsed time 13.450726s.
250917-06:36:09,341 nipype.workflow INFO:
	 [Node] Setting-up "fmriprep_25_0_wf.sub_01_wf.bold_task_rsvp_run_6_wf.bold_confounds_wf.tcompcor" in "/work/fmriprep_25_0_wf/sub_01_wf/bold_task_rsvp_run_6_wf/bold_confounds_wf/tcompcor".
250917-06:36:09,341 nipype.workflow INFO:
	 [Node] Setting-up "fmriprep_25_0_wf.sub_01_wf.bold_task_rsvp_run_6_wf.bold_confounds_wf.dvars" in "/work/fmriprep_25_0_wf/sub_01_wf/bold_task_rsvp_run_6_wf/bold_confounds_wf/dvars".
250917-06:36:09,375 nipype.workflow INFO:
	 [Node] Executing "tcompcor" <niworkflows.interfaces.patches.RobustTCompCor>
250917-06:36:09,376 nipype.workflow INFO:
	 [Node] Executing "dvars" <nipype.algorithms.confounds.ComputeDVARS>
250917-06:36:12,755 nipype.workflow INFO:
	 [Node] Finished "tcompcor", elapsed time 3.3786519999999998s.
250917-06:36:13,100 nipype.workflow INFO:
	 [Node] Finished "22_me_7_2", elapsed time 13.841198s.
250917-06:36:13,335 nipype.workflow INFO:
	 [Node] Setting-up "fmriprep_25_0_wf.sub_01_wf.bold_task_rsvp_run_6_wf.bold_confounds_wf.tcc_metadata_filter" in "/work/fmriprep_25_0_wf/sub_01_wf/bold_task_rsvp_run_6_wf/bold_confounds_wf/tcc_metadata_filter".
250917-06:36:13,336 nipype.workflow INFO:
	 [Node] Setting-up "fmriprep_25_0_wf.sub_01_wf.anat_fit_wf.brain_extraction_wf.atropos_wf.23_depad_mask" in "/work/fmriprep_25_0_wf/sub_01_wf/anat_fit_wf/brain_extraction_wf/atropos_wf/23_depad_mask".
250917-06:36:13,365 nipype.workflow INFO:
	 [Node] Executing "23_depad_mask" <nipype.interfaces.ants.utils.ImageMath>
250917-06:36:13,366 nipype.workflow INFO:
	 [Node] Executing "tcc_metadata_filter" <fmriprep.interfaces.confounds.FilterDropped>
250917-06:36:13,375 nipype.workflow INFO:
	 [Node] Finished "tcc_metadata_filter", elapsed time 0.008273s.
250917-06:36:15,344 nipype.workflow INFO:
	 [Node] Setting-up "fmriprep_25_0_wf.sub_01_wf.bold_task_rsvp_run_6_wf.bold_confounds_wf.tcc_metadata_fmt" in "/work/fmriprep_25_0_wf/sub_01_wf/bold_task_rsvp_run_6_wf/bold_confounds_wf/tcc_metadata_fmt".
250917-06:36:15,373 nipype.workflow INFO:
	 [Node] Executing "tcc_metadata_fmt" <niworkflows.interfaces.utility.TSV2JSON>
250917-06:36:15,378 nipype.workflow INFO:
	 [Node] Finished "tcc_metadata_fmt", elapsed time 0.004292s.
250917-06:36:16,839 nipype.workflow INFO:
	 [Node] Finished "23_depad_mask", elapsed time 3.472896s.
250917-06:36:17,354 nipype.workflow INFO:
	 [Node] Setting-up "fmriprep_25_0_wf.sub_01_wf.anat_fit_wf.brain_extraction_wf.atropos_wf.msk_conform" in "/work/fmriprep_25_0_wf/sub_01_wf/anat_fit_wf/brain_extraction_wf/atropos_wf/msk_conform".
250917-06:36:17,386 nipype.workflow INFO:
	 [Node] Executing "msk_conform" <nipype.interfaces.utility.wrappers.Function>
250917-06:36:18,255 nipype.workflow INFO:
	 [Node] Finished "msk_conform", elapsed time 0.867413s.
250917-06:36:23,622 nipype.workflow INFO:
	 [Node] Finished "dvars", elapsed time 14.24525s.
250917-06:36:51,767 nipype.workflow INFO:
	 [Node] Setting-up "_apply_mask0" in "/work/fmriprep_25_0_wf/sub_01_wf/anat_fit_wf/brain_extraction_wf/atropos_wf/apply_mask/mapflow/_apply_mask0".
250917-06:36:51,804 nipype.workflow INFO:
	 [Node] Executing "_apply_mask0" <niworkflows.interfaces.nibabel.ApplyMask>
250917-06:36:55,386 nipype.workflow INFO:
	 [Node] Finished "_apply_mask0", elapsed time 3.5803700000000003s.
250917-06:37:18,413 nipype.workflow INFO:
	 [Node] Setting-up "fmriprep_25_0_wf.sub_01_wf.anat_fit_wf.register_template_wf.trunc_mov" in "/work/fmriprep_25_0_wf/sub_01_wf/anat_fit_wf/register_template_wf/_template_MNI152NLin2009cAsym/trunc_mov".
250917-06:37:18,440 nipype.workflow INFO:
	 [Node] Executing "trunc_mov" <nipype.interfaces.ants.utils.ImageMath>
250917-06:37:18,621 nipype.workflow INFO:
	 [Node] Setting-up "fmriprep_25_0_wf.sub_01_wf.anat_fit_wf.surface_recon_wf.skull_strip_extern" in "/work/fmriprep_25_0_wf/sub_01_wf/anat_fit_wf/surface_recon_wf/skull_strip_extern".
250917-06:37:18,622 nipype.workflow INFO:
	 [Node] Setting-up "fmriprep_25_0_wf.sub_01_wf.ds_std_volumes_wf.gen_ref" in "/work/fmriprep_25_0_wf/sub_01_wf/ds_std_volumes_wf/_in_tuple_MNI152NLin2009cAsym.res2/gen_ref".
250917-06:37:18,649 nipype.workflow INFO:
	 [Node] Executing "skull_strip_extern" <niworkflows.interfaces.freesurfer.FSInjectBrainExtracted>
250917-06:37:18,660 nipype.workflow INFO:
	 [Node] Executing "gen_ref" <niworkflows.interfaces.nibabel.GenerateSamplingReference>
250917-06:37:18,662 nipype.workflow INFO:
	 [Node] Finished "gen_ref", elapsed time 0.000321s.
250917-06:37:20,565 nipype.workflow INFO:
	 [Node] Finished "skull_strip_extern", elapsed time 1.9147370000000001s.
250917-06:37:22,711 nipype.workflow INFO:
	 [Node] Setting-up "fmriprep_25_0_wf.sub_01_wf.anat_fit_wf.surface_recon_wf.autorecon_resume_wf.gcareg" in "/work/fmriprep_25_0_wf/sub_01_wf/anat_fit_wf/surface_recon_wf/autorecon_resume_wf/gcareg".
250917-06:37:22,743 nipype.workflow INFO:
	 [Node] Executing "gcareg" <smriprep.interfaces.freesurfer.ReconAll>
250917-06:37:22,745 nipype.interface INFO:
	 resume recon-all : recon-all -openmp 8 -subjid sub-01 -sd /out/sourcedata/freesurfer -gcareg
250917-06:37:22,745 nipype.interface INFO:
	 resume recon-all : recon-all -openmp 8 -subjid sub-01 -sd /out/sourcedata/freesurfer -gcareg
250917-06:37:46,846 nipype.workflow INFO:
	 [Node] Finished "trunc_mov", elapsed time 28.405186s.
250917-06:39:27,762 nipype.workflow INFO:
	 [Node] Finished "gcareg", elapsed time 125.018025s.
250917-06:39:28,646 nipype.workflow INFO:
	 [Node] Setting-up "fmriprep_25_0_wf.sub_01_wf.anat_fit_wf.surface_recon_wf.autorecon_resume_wf.autorecon2_vol" in "/work/fmriprep_25_0_wf/sub_01_wf/anat_fit_wf/surface_recon_wf/autorecon_resume_wf/autorecon2_vol".
250917-06:39:28,678 nipype.workflow INFO:
	 [Node] Executing "autorecon2_vol" <smriprep.interfaces.freesurfer.ReconAll>
250917-06:39:28,683 nipype.interface INFO:
	 resume recon-all : recon-all -autorecon2-volonly -openmp 8 -subjid sub-01 -sd /out/sourcedata/freesurfer -nogcareg
250917-06:39:28,685 nipype.interface INFO:
	 resume recon-all : recon-all -autorecon2-volonly -openmp 8 -subjid sub-01 -sd /out/sourcedata/freesurfer -nogcareg
250917-08:07:39,710 nipype.workflow INFO:
	 [Node] Finished "autorecon2_vol", elapsed time 5291.029356s.
250917-08:07:43,221 nipype.workflow INFO:
	 [Node] Setting-up "_autorecon_surfs0" in "/work/fmriprep_25_0_wf/sub_01_wf/anat_fit_wf/surface_recon_wf/autorecon_resume_wf/autorecon_surfs/mapflow/_autorecon_surfs0".
250917-08:07:43,221 nipype.workflow INFO:
	 [Node] Setting-up "_autorecon_surfs1" in "/work/fmriprep_25_0_wf/sub_01_wf/anat_fit_wf/surface_recon_wf/autorecon_resume_wf/autorecon_surfs/mapflow/_autorecon_surfs1".
250917-08:07:43,246 nipype.workflow INFO:
	 [Node] Executing "_autorecon_surfs1" <smriprep.interfaces.freesurfer.ReconAll>
250917-08:07:43,248 nipype.workflow INFO:
	 [Node] Executing "_autorecon_surfs0" <smriprep.interfaces.freesurfer.ReconAll>
250917-08:07:43,251 nipype.interface INFO:
	 resume recon-all : recon-all -autorecon-hemi rh -noparcstats -noparcstats2 -noparcstats3 -nohyporelabel -nobalabels -rh-only -openmp 8 -subjid sub-01 -sd /out/sourcedata/freesurfer 
250917-08:07:43,252 nipype.interface INFO:
	 resume recon-all : recon-all -autorecon-hemi rh -noparcstats -noparcstats2 -noparcstats3 -nohyporelabel -nobalabels -rh-only -openmp 8 -subjid sub-01 -sd /out/sourcedata/freesurfer 
250917-08:07:43,252 nipype.interface INFO:
	 resume recon-all : recon-all -autorecon-hemi lh -noparcstats -noparcstats2 -noparcstats3 -nohyporelabel -nobalabels -lh-only -openmp 8 -subjid sub-01 -sd /out/sourcedata/freesurfer 
250917-08:07:43,253 nipype.interface INFO:
	 resume recon-all : recon-all -autorecon-hemi lh -noparcstats -noparcstats2 -noparcstats3 -nohyporelabel -nobalabels -lh-only -openmp 8 -subjid sub-01 -sd /out/sourcedata/freesurfer 
250917-08:33:01,664 nipype.workflow INFO:
	 [Node] Finished "_autorecon_surfs0", elapsed time 1518.41537s.
250917-08:37:48,554 nipype.workflow INFO:
	 [Node] Finished "_autorecon_surfs1", elapsed time 1805.306444s.
250917-08:37:49,472 nipype.workflow INFO:
	 [Node] Setting-up "_autorecon_surfs0" in "/work/fmriprep_25_0_wf/sub_01_wf/anat_fit_wf/surface_recon_wf/autorecon_resume_wf/autorecon_surfs/mapflow/_autorecon_surfs0".
250917-08:37:49,524 nipype.workflow INFO:
	 [Node] Executing "_autorecon_surfs0" <smriprep.interfaces.freesurfer.ReconAll>
250917-08:37:49,533 nipype.interface INFO:
	 recon-all complete : Not running
250917-08:37:49,535 nipype.interface INFO:
	 recon-all complete : Not running
250917-08:37:49,705 nipype.workflow INFO:
	 [Node] Finished "_autorecon_surfs0", elapsed time 0.179736s.
250917-08:37:49,729 nipype.workflow INFO:
	 [Node] Setting-up "_autorecon_surfs1" in "/work/fmriprep_25_0_wf/sub_01_wf/anat_fit_wf/surface_recon_wf/autorecon_resume_wf/autorecon_surfs/mapflow/_autorecon_surfs1".
250917-08:37:49,773 nipype.workflow INFO:
	 [Node] Executing "_autorecon_surfs1" <smriprep.interfaces.freesurfer.ReconAll>
250917-08:37:49,777 nipype.interface INFO:
	 recon-all complete : Not running
250917-08:37:49,778 nipype.interface INFO:
	 recon-all complete : Not running
250917-08:37:49,937 nipype.workflow INFO:
	 [Node] Finished "_autorecon_surfs1", elapsed time 0.163321s.
250917-08:37:51,455 nipype.workflow INFO:
	 [Node] Setting-up "fmriprep_25_0_wf.sub_01_wf.anat_fit_wf.surface_recon_wf.autorecon_resume_wf.cortribbon" in "/work/fmriprep_25_0_wf/sub_01_wf/anat_fit_wf/surface_recon_wf/autorecon_resume_wf/cortribbon".
250917-08:37:51,489 nipype.workflow INFO:
	 [Node] Executing "cortribbon" <smriprep.interfaces.freesurfer.ReconAll>
250917-08:37:51,491 nipype.interface INFO:
	 resume recon-all : recon-all -parallel -subjid sub-01 -sd /out/sourcedata/freesurfer -cortribbon
250917-08:37:51,492 nipype.interface INFO:
	 resume recon-all : recon-all -parallel -subjid sub-01 -sd /out/sourcedata/freesurfer -cortribbon
250917-08:45:05,133 nipype.workflow INFO:
	 [Node] Finished "cortribbon", elapsed time 433.643148s.
250917-08:45:07,452 nipype.workflow INFO:
	 [Node] Setting-up "_parcstats1" in "/work/fmriprep_25_0_wf/sub_01_wf/anat_fit_wf/surface_recon_wf/autorecon_resume_wf/parcstats/mapflow/_parcstats1".
250917-08:45:07,477 nipype.workflow INFO:
	 [Node] Executing "_parcstats1" <smriprep.interfaces.freesurfer.ReconAll>
250917-08:45:07,479 nipype.interface INFO:
	 resume recon-all : recon-all -autorecon-hemi rh -nohyporelabel -rh-only -openmp 8 -subjid sub-01 -sd /out/sourcedata/freesurfer -notessellate -nosmooth1 -noinflate1 -noqsphere -nofix -nowhite -nosmooth2 -noinflate2 -nocurvHK -nocurvstats -nosphere -nosurfreg -nojacobian_white -noavgcurv -nocortparc -nopial -nocortparc2 -nocortparc3 -nopctsurfcon
250917-08:45:07,480 nipype.interface INFO:
	 resume recon-all : recon-all -autorecon-hemi rh -nohyporelabel -rh-only -openmp 8 -subjid sub-01 -sd /out/sourcedata/freesurfer -notessellate -nosmooth1 -noinflate1 -noqsphere -nofix -nowhite -nosmooth2 -noinflate2 -nocurvHK -nocurvstats -nosphere -nosurfreg -nojacobian_white -noavgcurv -nocortparc -nopial -nocortparc2 -nocortparc3 -nopctsurfcon
250917-08:45:07,544 nipype.workflow INFO:
	 [Node] Setting-up "_parcstats0" in "/work/fmriprep_25_0_wf/sub_01_wf/anat_fit_wf/surface_recon_wf/autorecon_resume_wf/parcstats/mapflow/_parcstats0".
250917-08:45:07,566 nipype.workflow INFO:
	 [Node] Executing "_parcstats0" <smriprep.interfaces.freesurfer.ReconAll>
250917-08:45:07,569 nipype.interface INFO:
	 resume recon-all : recon-all -autorecon-hemi lh -nohyporelabel -lh-only -openmp 8 -subjid sub-01 -sd /out/sourcedata/freesurfer -notessellate -nosmooth1 -noinflate1 -noqsphere -nofix -nowhite -nosmooth2 -noinflate2 -nocurvHK -nocurvstats -nosphere -nosurfreg -nojacobian_white -noavgcurv -nocortparc -nopial -nocortparc2 -nocortparc3 -nopctsurfcon
250917-08:45:07,571 nipype.interface INFO:
	 resume recon-all : recon-all -autorecon-hemi lh -nohyporelabel -lh-only -openmp 8 -subjid sub-01 -sd /out/sourcedata/freesurfer -notessellate -nosmooth1 -noinflate1 -noqsphere -nofix -nowhite -nosmooth2 -noinflate2 -nocurvHK -nocurvstats -nosphere -nosurfreg -nojacobian_white -noavgcurv -nocortparc -nopial -nocortparc2 -nocortparc3 -nopctsurfcon
250917-08:49:42,691 nipype.workflow INFO:
	 [Node] Finished "_parcstats1", elapsed time 275.212891s.
250917-08:49:44,211 nipype.workflow INFO:
	 [Node] Finished "_parcstats0", elapsed time 276.643971s.
250917-08:49:45,573 nipype.workflow INFO:
	 [Node] Setting-up "_parcstats0" in "/work/fmriprep_25_0_wf/sub_01_wf/anat_fit_wf/surface_recon_wf/autorecon_resume_wf/parcstats/mapflow/_parcstats0".
250917-08:49:45,604 nipype.workflow INFO:
	 [Node] Executing "_parcstats0" <smriprep.interfaces.freesurfer.ReconAll>
250917-08:49:45,607 nipype.interface INFO:
	 recon-all complete : Not running
250917-08:49:45,608 nipype.interface INFO:
	 recon-all complete : Not running
250917-08:49:45,770 nipype.workflow INFO:
	 [Node] Finished "_parcstats0", elapsed time 0.164986s.
250917-08:49:45,789 nipype.workflow INFO:
	 [Node] Setting-up "_parcstats1" in "/work/fmriprep_25_0_wf/sub_01_wf/anat_fit_wf/surface_recon_wf/autorecon_resume_wf/parcstats/mapflow/_parcstats1".
250917-08:49:45,818 nipype.workflow INFO:
	 [Node] Executing "_parcstats1" <smriprep.interfaces.freesurfer.ReconAll>
250917-08:49:45,822 nipype.interface INFO:
	 recon-all complete : Not running
250917-08:49:45,822 nipype.interface INFO:
	 recon-all complete : Not running
250917-08:49:45,963 nipype.workflow INFO:
	 [Node] Finished "_parcstats1", elapsed time 0.143213s.
250917-08:49:47,564 nipype.workflow INFO:
	 [Node] Setting-up "fmriprep_25_0_wf.sub_01_wf.anat_fit_wf.surface_recon_wf.autorecon_resume_wf.autorecon3" in "/work/fmriprep_25_0_wf/sub_01_wf/anat_fit_wf/surface_recon_wf/autorecon_resume_wf/autorecon3".
250917-08:49:47,590 nipype.workflow INFO:
	 [Node] Executing "autorecon3" <smriprep.interfaces.freesurfer.ReconAll>
250917-08:49:47,593 nipype.interface INFO:
	 resume recon-all : recon-all -autorecon3 -openmp 8 -subjid sub-01 -sd /out/sourcedata/freesurfer -nosphere -nosurfreg -nojacobian_white -noavgcurv -nocortparc -nopial -noparcstats -nocortparc2 -noparcstats2 -nocortparc3 -noparcstats3 -nopctsurfcon -nocortribbon -nobalabels
250917-08:49:47,593 nipype.interface INFO:
	 resume recon-all : recon-all -autorecon3 -openmp 8 -subjid sub-01 -sd /out/sourcedata/freesurfer -nosphere -nosurfreg -nojacobian_white -noavgcurv -nocortparc -nopial -noparcstats -nocortparc2 -noparcstats2 -nocortparc3 -noparcstats3 -nopctsurfcon -nocortribbon -nobalabels
250917-08:56:01,109 nipype.workflow INFO:
	 [Node] Finished "autorecon3", elapsed time 373.517779s.
250917-08:56:01,527 nipype.workflow INFO:
	 [Node] Setting-up "fmriprep_25_0_wf.sub_01_wf.anat_fit_wf.surface_recon_wf.get_surfaces" in "/work/fmriprep_25_0_wf/sub_01_wf/anat_fit_wf/surface_recon_wf/get_surfaces".
250917-08:56:01,610 nipype.workflow INFO:
	 [Node] Executing "get_surfaces" <niworkflows.interfaces.patches.FreeSurferSource>
250917-08:56:01,630 nipype.workflow INFO:
	 [Node] Finished "get_surfaces", elapsed time 0.019613s.
250917-08:56:05,532 nipype.workflow INFO:
	 [Node] Setting-up "_midthickness0" in "/work/fmriprep_25_0_wf/sub_01_wf/anat_fit_wf/surface_recon_wf/midthickness/mapflow/_midthickness0".
250917-08:56:05,557 nipype.workflow INFO:
	 [Node] Setting-up "_midthickness1" in "/work/fmriprep_25_0_wf/sub_01_wf/anat_fit_wf/surface_recon_wf/midthickness/mapflow/_midthickness1".
250917-08:56:05,581 nipype.workflow INFO:
	 [Node] Executing "_midthickness0" <smriprep.interfaces.freesurfer.MakeMidthickness>
250917-08:56:05,599 nipype.workflow INFO:
	 [Node] Executing "_midthickness1" <smriprep.interfaces.freesurfer.MakeMidthickness>
250917-09:09:49,195 nipype.workflow INFO:
	 [Node] Finished "_midthickness1", elapsed time 823.595894s.
250917-09:10:19,373 nipype.workflow INFO:
	 [Node] Finished "_midthickness0", elapsed time 853.790942s.
250917-09:10:21,642 nipype.workflow INFO:
	 [Node] Setting-up "_midthickness0" in "/work/fmriprep_25_0_wf/sub_01_wf/anat_fit_wf/surface_recon_wf/midthickness/mapflow/_midthickness0".
250917-09:10:21,645 nipype.workflow INFO:
	 [Node] Cached "_midthickness0" - collecting precomputed outputs
250917-09:10:21,645 nipype.workflow INFO:
	 [Node] "_midthickness0" found cached.
250917-09:10:21,646 nipype.workflow INFO:
	 [Node] Setting-up "_midthickness1" in "/work/fmriprep_25_0_wf/sub_01_wf/anat_fit_wf/surface_recon_wf/midthickness/mapflow/_midthickness1".
250917-09:10:21,649 nipype.workflow INFO:
	 [Node] Cached "_midthickness1" - collecting precomputed outputs
250917-09:10:21,649 nipype.workflow INFO:
	 [Node] "_midthickness1" found cached.
250917-09:10:23,596 nipype.workflow INFO:
	 [Node] Setting-up "fmriprep_25_0_wf.sub_01_wf.anat_fit_wf.surface_recon_wf.save_midthickness" in "/work/fmriprep_25_0_wf/sub_01_wf/anat_fit_wf/surface_recon_wf/save_midthickness".
250917-09:10:23,628 nipype.workflow INFO:
	 [Node] Executing "save_midthickness" <nipype.interfaces.io.DataSink>
250917-09:10:23,729 nipype.workflow INFO:
	 [Node] Finished "save_midthickness", elapsed time 0.100178s.
250917-09:10:25,596 nipype.workflow INFO:
	 [Node] Setting-up "fmriprep_25_0_wf.sub_01_wf.anat_fit_wf.surface_recon_wf.sync" in "/work/fmriprep_25_0_wf/sub_01_wf/anat_fit_wf/surface_recon_wf/sync".
250917-09:10:25,626 nipype.workflow INFO:
	 [Node] Executing "sync" <nipype.interfaces.utility.wrappers.Function>
250917-09:10:25,628 nipype.workflow INFO:
	 [Node] Finished "sync", elapsed time 0.000937s.
250917-09:10:27,605 nipype.workflow INFO:
	 [Node] Setting-up "fmriprep_25_0_wf.sub_01_wf.anat_fit_wf.gifti_surface_wf.get_surfaces" in "/work/fmriprep_25_0_wf/sub_01_wf/anat_fit_wf/gifti_surface_wf/get_surfaces".
250917-09:10:27,606 nipype.workflow INFO:
	 [Node] Setting-up "fmriprep_25_0_wf.sub_01_wf.anat_fit_wf.gifti_spheres_wf.get_surfaces" in "/work/fmriprep_25_0_wf/sub_01_wf/anat_fit_wf/gifti_spheres_wf/get_surfaces".
250917-09:10:27,609 nipype.workflow INFO:
	 [Node] Setting-up "fmriprep_25_0_wf.sub_01_wf.anat_fit_wf.gifti_morphometrics_wf.get_surfaces" in "/work/fmriprep_25_0_wf/sub_01_wf/anat_fit_wf/gifti_morphometrics_wf/get_surfaces".
250917-09:10:27,610 nipype.workflow INFO:
	 [Node] Setting-up "fmriprep_25_0_wf.sub_01_wf.anat_fit_wf.refinement_wf.segs_to_native_wf_aseg.fs_datasource" in "/work/fmriprep_25_0_wf/sub_01_wf/anat_fit_wf/refinement_wf/segs_to_native_wf_aseg/fs_datasource".
250917-09:10:27,612 nipype.workflow INFO:
	 [Node] Setting-up "fmriprep_25_0_wf.sub_01_wf.anat_fit_wf.anat_reports_wf.recon_report" in "/work/fmriprep_25_0_wf/sub_01_wf/anat_fit_wf/anat_reports_wf/recon_report".
250917-09:10:27,614 nipype.workflow INFO:
	 [Node] Setting-up "fmriprep_25_0_wf.sub_01_wf.bold_task_rsvp_run_1_wf.bold_fit_wf.bold_reg_wf.bbreg_wf.mri_coreg" in "/work/fmriprep_25_0_wf/sub_01_wf/bold_task_rsvp_run_1_wf/bold_fit_wf/bold_reg_wf/bbreg_wf/mri_coreg".
250917-09:10:27,635 nipype.workflow INFO:
	 [Node] Executing "get_surfaces" <nipype.interfaces.utility.wrappers.Function>
250917-09:10:27,636 nipype.workflow INFO:
	 [Node] Executing "get_surfaces" <nipype.interfaces.utility.wrappers.Function>
250917-09:10:27,639 nipype.workflow INFO:
	 [Node] Finished "get_surfaces", elapsed time 0.003284s.
250917-09:10:27,639 nipype.workflow INFO:
	 [Node] Executing "get_surfaces" <niworkflows.interfaces.patches.FreeSurferSource>
250917-09:10:27,640 nipype.workflow INFO:
	 [Node] Executing "recon_report" <smriprep.interfaces.reports.FSSurfaceReport>
250917-09:10:27,640 nipype.workflow INFO:
	 [Node] Finished "get_surfaces", elapsed time 0.003201s.
250917-09:10:27,641 nipype.workflow INFO:
	 [Node] Executing "fs_datasource" <niworkflows.interfaces.patches.FreeSurferSource>
250917-09:10:27,649 nipype.workflow INFO:
	 [Node] Executing "mri_coreg" <fmriprep.interfaces.patches.MRICoreg>
250917-09:10:27,671 nipype.workflow INFO:
	 [Node] Finished "fs_datasource", elapsed time 0.028801s.
250917-09:10:27,671 nipype.workflow INFO:
	 [Node] Finished "get_surfaces", elapsed time 0.030816s.
250917-09:10:30,800 nipype.workflow INFO:
	 [Node] Setting-up "fmriprep_25_0_wf.sub_01_wf.anat_fit_wf.refinement_wf.segs_to_native_wf_aseg.select_seg" in "/work/fmriprep_25_0_wf/sub_01_wf/anat_fit_wf/refinement_wf/segs_to_native_wf_aseg/select_seg".
250917-09:10:30,830 nipype.workflow INFO:
	 [Node] Executing "select_seg" <nipype.interfaces.utility.wrappers.Function>
250917-09:10:30,833 nipype.workflow INFO:
	 [Node] Finished "select_seg", elapsed time 0.000994s.
250917-09:10:31,697 nipype.workflow INFO:
	 [Node] Setting-up "fmriprep_25_0_wf.sub_01_wf.anat_fit_wf.refinement_wf.segs_to_native_wf_aseg.resample" in "/work/fmriprep_25_0_wf/sub_01_wf/anat_fit_wf/refinement_wf/segs_to_native_wf_aseg/resample".
250917-09:10:31,733 nipype.workflow INFO:
	 [Node] Executing "resample" <nipype.interfaces.freesurfer.preprocess.ApplyVolTransform>
250917-09:10:33,633 nipype.workflow INFO:
	 [Node] Setting-up "_fs2gii0" in "/work/fmriprep_25_0_wf/sub_01_wf/anat_fit_wf/gifti_surface_wf/fs2gii/mapflow/_fs2gii0".
250917-09:10:33,634 nipype.workflow INFO:
	 [Node] Setting-up "_fs2gii1" in "/work/fmriprep_25_0_wf/sub_01_wf/anat_fit_wf/gifti_surface_wf/fs2gii/mapflow/_fs2gii1".
250917-09:10:33,635 nipype.workflow INFO:
	 [Node] Setting-up "_fs2gii2" in "/work/fmriprep_25_0_wf/sub_01_wf/anat_fit_wf/gifti_surface_wf/fs2gii/mapflow/_fs2gii2".
250917-09:10:33,637 nipype.workflow INFO:
	 [Node] Setting-up "_fs2gii3" in "/work/fmriprep_25_0_wf/sub_01_wf/anat_fit_wf/gifti_surface_wf/fs2gii/mapflow/_fs2gii3".
250917-09:10:33,638 nipype.workflow INFO:
	 [Node] Setting-up "_fs2gii4" in "/work/fmriprep_25_0_wf/sub_01_wf/anat_fit_wf/gifti_surface_wf/fs2gii/mapflow/_fs2gii4".
250917-09:10:33,639 nipype.workflow INFO:
	 [Node] Setting-up "_fs2gii5" in "/work/fmriprep_25_0_wf/sub_01_wf/anat_fit_wf/gifti_surface_wf/fs2gii/mapflow/_fs2gii5".
250917-09:10:33,666 nipype.workflow INFO:
	 [Node] Executing "_fs2gii1" <nipype.interfaces.freesurfer.utils.MRIsConvert>
250917-09:10:33,667 nipype.workflow INFO:
	 [Node] Executing "_fs2gii3" <nipype.interfaces.freesurfer.utils.MRIsConvert>
250917-09:10:33,668 nipype.workflow INFO:
	 [Node] Executing "_fs2gii0" <nipype.interfaces.freesurfer.utils.MRIsConvert>
250917-09:10:33,669 nipype.workflow INFO:
	 [Node] Executing "_fs2gii2" <nipype.interfaces.freesurfer.utils.MRIsConvert>
250917-09:10:33,673 nipype.workflow INFO:
	 [Node] Executing "_fs2gii4" <nipype.interfaces.freesurfer.utils.MRIsConvert>
250917-09:10:33,674 nipype.workflow INFO:
	 [Node] Executing "_fs2gii5" <nipype.interfaces.freesurfer.utils.MRIsConvert>
250917-09:10:35,446 nipype.workflow INFO:
	 [Node] Finished "_fs2gii2", elapsed time 1.775891s.
250917-09:10:35,600 nipype.workflow INFO:
	 [Node] Finished "_fs2gii0", elapsed time 1.930078s.
250917-09:10:35,608 nipype.workflow INFO:
	 [Node] Finished "_fs2gii3", elapsed time 1.939117s.
250917-09:10:35,611 nipype.workflow INFO:
	 [Node] Finished "_fs2gii5", elapsed time 1.936355s.
250917-09:10:35,616 nipype.workflow INFO:
	 [Node] Finished "_fs2gii4", elapsed time 1.941186s.
250917-09:10:35,632 nipype.workflow INFO:
	 [Node] Finished "_fs2gii1", elapsed time 1.964972s.
250917-09:10:37,632 nipype.workflow INFO:
	 [Node] Setting-up "_fs2gii0" in "/work/fmriprep_25_0_wf/sub_01_wf/anat_fit_wf/gifti_spheres_wf/fs2gii/mapflow/_fs2gii0".
250917-09:10:37,632 nipype.workflow INFO:
	 [Node] Setting-up "_fs2gii1" in "/work/fmriprep_25_0_wf/sub_01_wf/anat_fit_wf/gifti_spheres_wf/fs2gii/mapflow/_fs2gii1".
250917-09:10:37,633 nipype.workflow INFO:
	 [Node] Setting-up "_fs2gii2" in "/work/fmriprep_25_0_wf/sub_01_wf/anat_fit_wf/gifti_spheres_wf/fs2gii/mapflow/_fs2gii2".
250917-09:10:37,634 nipype.workflow INFO:
	 [Node] Setting-up "_fs2gii3" in "/work/fmriprep_25_0_wf/sub_01_wf/anat_fit_wf/gifti_spheres_wf/fs2gii/mapflow/_fs2gii3".
250917-09:10:37,636 nipype.workflow INFO:
	 [Node] Setting-up "_morphs2gii0" in "/work/fmriprep_25_0_wf/sub_01_wf/anat_fit_wf/gifti_morphometrics_wf/morphs2gii/mapflow/_morphs2gii0".
250917-09:10:37,660 nipype.workflow INFO:
	 [Node] Setting-up "_fs2gii0" in "/work/fmriprep_25_0_wf/sub_01_wf/anat_fit_wf/gifti_surface_wf/fs2gii/mapflow/_fs2gii0".
250917-09:10:37,662 nipype.workflow INFO:
	 [Node] Cached "_fs2gii0" - collecting precomputed outputs
250917-09:10:37,662 nipype.workflow INFO:
	 [Node] "_fs2gii0" found cached.
250917-09:10:37,663 nipype.workflow INFO:
	 [Node] Setting-up "_fs2gii1" in "/work/fmriprep_25_0_wf/sub_01_wf/anat_fit_wf/gifti_surface_wf/fs2gii/mapflow/_fs2gii1".
250917-09:10:37,663 nipype.workflow INFO:
	 [Node] Executing "_fs2gii3" <nipype.interfaces.freesurfer.utils.MRIsConvert>
250917-09:10:37,663 nipype.workflow INFO:
	 [Node] Executing "_fs2gii0" <nipype.interfaces.freesurfer.utils.MRIsConvert>
250917-09:10:37,664 nipype.workflow INFO:
	 [Node] Executing "_morphs2gii0" <smriprep.interfaces.freesurfer.MRIsConvertData>
250917-09:10:37,665 nipype.workflow INFO:
	 [Node] Executing "_fs2gii2" <nipype.interfaces.freesurfer.utils.MRIsConvert>
250917-09:10:37,665 nipype.workflow INFO:
	 [Node] Cached "_fs2gii1" - collecting precomputed outputs
250917-09:10:37,665 nipype.workflow INFO:
	 [Node] "_fs2gii1" found cached.
250917-09:10:37,665 nipype.workflow INFO:
	 [Node] Executing "_fs2gii1" <nipype.interfaces.freesurfer.utils.MRIsConvert>
250917-09:10:37,666 nipype.workflow INFO:
	 [Node] Setting-up "_fs2gii2" in "/work/fmriprep_25_0_wf/sub_01_wf/anat_fit_wf/gifti_surface_wf/fs2gii/mapflow/_fs2gii2".
250917-09:10:37,668 nipype.workflow INFO:
	 [Node] Cached "_fs2gii2" - collecting precomputed outputs
250917-09:10:37,668 nipype.workflow INFO:
	 [Node] "_fs2gii2" found cached.
250917-09:10:37,669 nipype.workflow INFO:
	 [Node] Setting-up "_fs2gii3" in "/work/fmriprep_25_0_wf/sub_01_wf/anat_fit_wf/gifti_surface_wf/fs2gii/mapflow/_fs2gii3".
250917-09:10:37,670 nipype.workflow INFO:
	 [Node] Cached "_fs2gii3" - collecting precomputed outputs
250917-09:10:37,670 nipype.workflow INFO:
	 [Node] "_fs2gii3" found cached.
250917-09:10:37,671 nipype.workflow INFO:
	 [Node] Setting-up "_fs2gii4" in "/work/fmriprep_25_0_wf/sub_01_wf/anat_fit_wf/gifti_surface_wf/fs2gii/mapflow/_fs2gii4".
250917-09:10:37,673 nipype.workflow INFO:
	 [Node] Cached "_fs2gii4" - collecting precomputed outputs
250917-09:10:37,673 nipype.workflow INFO:
	 [Node] "_fs2gii4" found cached.
250917-09:10:37,673 nipype.workflow INFO:
	 [Node] Setting-up "_fs2gii5" in "/work/fmriprep_25_0_wf/sub_01_wf/anat_fit_wf/gifti_surface_wf/fs2gii/mapflow/_fs2gii5".
250917-09:10:37,675 nipype.workflow INFO:
	 [Node] Cached "_fs2gii5" - collecting precomputed outputs
250917-09:10:37,675 nipype.workflow INFO:
	 [Node] "_fs2gii5" found cached.
250917-09:10:38,996 nipype.workflow INFO:
	 [Node] Finished "_morphs2gii0", elapsed time 1.33014s.
250917-09:10:39,593 nipype.workflow INFO:
	 [Node] Finished "_fs2gii1", elapsed time 1.926875s.
250917-09:10:39,595 nipype.workflow INFO:
	 [Node] Finished "_fs2gii0", elapsed time 1.93049s.
250917-09:10:39,635 nipype.workflow INFO:
	 [Node] Finished "_fs2gii2", elapsed time 1.968837s.
250917-09:10:39,655 nipype.workflow INFO:
	 [Node] Setting-up "_morphs2gii1" in "/work/fmriprep_25_0_wf/sub_01_wf/anat_fit_wf/gifti_morphometrics_wf/morphs2gii/mapflow/_morphs2gii1".
250917-09:10:39,656 nipype.workflow INFO:
	 [Node] Setting-up "_morphs2gii2" in "/work/fmriprep_25_0_wf/sub_01_wf/anat_fit_wf/gifti_morphometrics_wf/morphs2gii/mapflow/_morphs2gii2".
250917-09:10:39,680 nipype.workflow INFO:
	 [Node] Executing "_morphs2gii1" <smriprep.interfaces.freesurfer.MRIsConvertData>
250917-09:10:39,682 nipype.workflow INFO:
	 [Node] Executing "_morphs2gii2" <smriprep.interfaces.freesurfer.MRIsConvertData>
250917-09:10:39,695 nipype.workflow INFO:
	 [Node] Finished "_fs2gii3", elapsed time 2.030519s.
250917-09:10:40,264 nipype.workflow INFO:
	 [Node] Finished "resample", elapsed time 8.530287s.
250917-09:10:40,959 nipype.workflow INFO:
	 [Node] Finished "_morphs2gii2", elapsed time 1.27629s.
250917-09:10:40,964 nipype.workflow INFO:
	 [Node] Finished "_morphs2gii1", elapsed time 1.282475s.
250917-09:10:41,632 nipype.workflow INFO:
	 [Node] Setting-up "fmriprep_25_0_wf.sub_01_wf.anat_fit_wf.refinement_wf.refine" in "/work/fmriprep_25_0_wf/sub_01_wf/anat_fit_wf/refinement_wf/refine".
250917-09:10:41,634 nipype.workflow INFO:
	 [Node] Setting-up "_morphs2gii3" in "/work/fmriprep_25_0_wf/sub_01_wf/anat_fit_wf/gifti_morphometrics_wf/morphs2gii/mapflow/_morphs2gii3".
250917-09:10:41,638 nipype.workflow INFO:
	 [Node] Setting-up "_fix_surfs0" in "/work/fmriprep_25_0_wf/sub_01_wf/anat_fit_wf/gifti_surface_wf/fix_surfs/mapflow/_fix_surfs0".
250917-09:10:41,638 nipype.workflow INFO:
	 [Node] Setting-up "_fix_surfs1" in "/work/fmriprep_25_0_wf/sub_01_wf/anat_fit_wf/gifti_surface_wf/fix_surfs/mapflow/_fix_surfs1".
250917-09:10:41,643 nipype.workflow INFO:
	 [Node] Setting-up "_fix_surfs3" in "/work/fmriprep_25_0_wf/sub_01_wf/anat_fit_wf/gifti_surface_wf/fix_surfs/mapflow/_fix_surfs3".
250917-09:10:41,644 nipype.workflow INFO:
	 [Node] Setting-up "_fix_surfs2" in "/work/fmriprep_25_0_wf/sub_01_wf/anat_fit_wf/gifti_surface_wf/fix_surfs/mapflow/_fix_surfs2".
250917-09:10:41,662 nipype.workflow INFO:
	 [Node] Setting-up "_fs2gii0" in "/work/fmriprep_25_0_wf/sub_01_wf/anat_fit_wf/gifti_spheres_wf/fs2gii/mapflow/_fs2gii0".
250917-09:10:41,662 nipype.workflow INFO:
	 [Node] Executing "_morphs2gii3" <smriprep.interfaces.freesurfer.MRIsConvertData>
250917-09:10:41,663 nipype.workflow INFO:
	 [Node] Executing "refine" <niworkflows.interfaces.freesurfer.RefineBrainMask>
250917-09:10:41,664 nipype.workflow INFO:
	 [Node] Cached "_fs2gii0" - collecting precomputed outputs
250917-09:10:41,664 nipype.workflow INFO:
	 [Node] "_fs2gii0" found cached.
250917-09:10:41,665 nipype.workflow INFO:
	 [Node] Setting-up "_fs2gii1" in "/work/fmriprep_25_0_wf/sub_01_wf/anat_fit_wf/gifti_spheres_wf/fs2gii/mapflow/_fs2gii1".
250917-09:10:41,667 nipype.workflow INFO:
	 [Node] Cached "_fs2gii1" - collecting precomputed outputs
250917-09:10:41,667 nipype.workflow INFO:
	 [Node] "_fs2gii1" found cached.
250917-09:10:41,668 nipype.workflow INFO:
	 [Node] Setting-up "_fs2gii2" in "/work/fmriprep_25_0_wf/sub_01_wf/anat_fit_wf/gifti_spheres_wf/fs2gii/mapflow/_fs2gii2".
250917-09:10:41,670 nipype.workflow INFO:
	 [Node] Cached "_fs2gii2" - collecting precomputed outputs
250917-09:10:41,670 nipype.workflow INFO:
	 [Node] "_fs2gii2" found cached.
250917-09:10:41,670 nipype.workflow INFO:
	 [Node] Executing "_fix_surfs1" <smriprep.interfaces.surf.NormalizeSurf>
250917-09:10:41,670 nipype.workflow INFO:
	 [Node] Executing "_fix_surfs0" <smriprep.interfaces.surf.NormalizeSurf>
250917-09:10:41,671 nipype.workflow INFO:
	 [Node] Setting-up "_fs2gii3" in "/work/fmriprep_25_0_wf/sub_01_wf/anat_fit_wf/gifti_spheres_wf/fs2gii/mapflow/_fs2gii3".
250917-09:10:41,672 nipype.workflow INFO:
	 [Node] Executing "_fix_surfs2" <smriprep.interfaces.surf.NormalizeSurf>
250917-09:10:41,672 nipype.workflow INFO:
	 [Node] Cached "_fs2gii3" - collecting precomputed outputs
250917-09:10:41,672 nipype.workflow INFO:
	 [Node] "_fs2gii3" found cached.
250917-09:10:41,673 nipype.workflow INFO:
	 [Node] Executing "_fix_surfs3" <smriprep.interfaces.surf.NormalizeSurf>
250917-09:10:42,267 nipype.workflow INFO:
	 [Node] Finished "_fix_surfs2", elapsed time 0.593741s.
250917-09:10:42,267 nipype.workflow INFO:
	 [Node] Finished "_fix_surfs3", elapsed time 0.592639s.
250917-09:10:42,269 nipype.workflow INFO:
	 [Node] Finished "_fix_surfs1", elapsed time 0.59815s.
250917-09:10:42,270 nipype.workflow INFO:
	 [Node] Finished "_fix_surfs0", elapsed time 0.598566s.
250917-09:10:42,986 nipype.workflow INFO:
	 [Node] Finished "_morphs2gii3", elapsed time 1.32227s.
250917-09:10:43,659 nipype.workflow INFO:
	 [Node] Setting-up "_morphs2gii0" in "/work/fmriprep_25_0_wf/sub_01_wf/anat_fit_wf/gifti_morphometrics_wf/morphs2gii/mapflow/_morphs2gii0".
250917-09:10:43,661 nipype.workflow INFO:
	 [Node] Cached "_morphs2gii0" - collecting precomputed outputs
250917-09:10:43,661 nipype.workflow INFO:
	 [Node] "_morphs2gii0" found cached.
250917-09:10:43,662 nipype.workflow INFO:
	 [Node] Setting-up "_morphs2gii1" in "/work/fmriprep_25_0_wf/sub_01_wf/anat_fit_wf/gifti_morphometrics_wf/morphs2gii/mapflow/_morphs2gii1".
250917-09:10:43,664 nipype.workflow INFO:
	 [Node] Setting-up "_fix_surfs4" in "/work/fmriprep_25_0_wf/sub_01_wf/anat_fit_wf/gifti_surface_wf/fix_surfs/mapflow/_fix_surfs4".
250917-09:10:43,664 nipype.workflow INFO:
	 [Node] Setting-up "_fix_surfs5" in "/work/fmriprep_25_0_wf/sub_01_wf/anat_fit_wf/gifti_surface_wf/fix_surfs/mapflow/_fix_surfs5".
250917-09:10:43,665 nipype.workflow INFO:
	 [Node] Cached "_morphs2gii1" - collecting precomputed outputs
250917-09:10:43,665 nipype.workflow INFO:
	 [Node] "_morphs2gii1" found cached.
250917-09:10:43,666 nipype.workflow INFO:
	 [Node] Setting-up "_morphs2gii2" in "/work/fmriprep_25_0_wf/sub_01_wf/anat_fit_wf/gifti_morphometrics_wf/morphs2gii/mapflow/_morphs2gii2".
250917-09:10:43,668 nipype.workflow INFO:
	 [Node] Cached "_morphs2gii2" - collecting precomputed outputs
250917-09:10:43,669 nipype.workflow INFO:
	 [Node] "_morphs2gii2" found cached.
250917-09:10:43,669 nipype.workflow INFO:
	 [Node] Setting-up "_morphs2gii3" in "/work/fmriprep_25_0_wf/sub_01_wf/anat_fit_wf/gifti_morphometrics_wf/morphs2gii/mapflow/_morphs2gii3".
250917-09:10:43,672 nipype.workflow INFO:
	 [Node] Cached "_morphs2gii3" - collecting precomputed outputs
250917-09:10:43,672 nipype.workflow INFO:
	 [Node] "_morphs2gii3" found cached.
250917-09:10:43,689 nipype.workflow INFO:
	 [Node] Executing "_fix_surfs4" <smriprep.interfaces.surf.NormalizeSurf>
250917-09:10:43,690 nipype.workflow INFO:
	 [Node] Executing "_fix_surfs5" <smriprep.interfaces.surf.NormalizeSurf>
250917-09:10:44,280 nipype.workflow INFO:
	 [Node] Finished "_fix_surfs4", elapsed time 0.589608s.
250917-09:10:44,281 nipype.workflow INFO:
	 [Node] Finished "_fix_surfs5", elapsed time 0.590018s.
250917-09:10:45,654 nipype.workflow INFO:
	 [Node] Setting-up "_fix_surfs0" in "/work/fmriprep_25_0_wf/sub_01_wf/anat_fit_wf/gifti_surface_wf/fix_surfs/mapflow/_fix_surfs0".
250917-09:10:45,656 nipype.workflow INFO:
	 [Node] Cached "_fix_surfs0" - collecting precomputed outputs
250917-09:10:45,656 nipype.workflow INFO:
	 [Node] "_fix_surfs0" found cached.
250917-09:10:45,657 nipype.workflow INFO:
	 [Node] Setting-up "_fix_surfs1" in "/work/fmriprep_25_0_wf/sub_01_wf/anat_fit_wf/gifti_surface_wf/fix_surfs/mapflow/_fix_surfs1".
250917-09:10:45,658 nipype.workflow INFO:
	 [Node] Cached "_fix_surfs1" - collecting precomputed outputs
250917-09:10:45,658 nipype.workflow INFO:
	 [Node] "_fix_surfs1" found cached.
250917-09:10:45,659 nipype.workflow INFO:
	 [Node] Setting-up "_fix_surfs2" in "/work/fmriprep_25_0_wf/sub_01_wf/anat_fit_wf/gifti_surface_wf/fix_surfs/mapflow/_fix_surfs2".
250917-09:10:45,661 nipype.workflow INFO:
	 [Node] Cached "_fix_surfs2" - collecting precomputed outputs
250917-09:10:45,661 nipype.workflow INFO:
	 [Node] "_fix_surfs2" found cached.
250917-09:10:45,661 nipype.workflow INFO:
	 [Node] Setting-up "_fix_surfs3" in "/work/fmriprep_25_0_wf/sub_01_wf/anat_fit_wf/gifti_surface_wf/fix_surfs/mapflow/_fix_surfs3".
250917-09:10:45,663 nipype.workflow INFO:
	 [Node] Cached "_fix_surfs3" - collecting precomputed outputs
250917-09:10:45,663 nipype.workflow INFO:
	 [Node] "_fix_surfs3" found cached.
250917-09:10:45,664 nipype.workflow INFO:
	 [Node] Setting-up "_fix_surfs4" in "/work/fmriprep_25_0_wf/sub_01_wf/anat_fit_wf/gifti_surface_wf/fix_surfs/mapflow/_fix_surfs4".
250917-09:10:45,665 nipype.workflow INFO:
	 [Node] Cached "_fix_surfs4" - collecting precomputed outputs
250917-09:10:45,665 nipype.workflow INFO:
	 [Node] "_fix_surfs4" found cached.
250917-09:10:45,666 nipype.workflow INFO:
	 [Node] Setting-up "_fix_surfs5" in "/work/fmriprep_25_0_wf/sub_01_wf/anat_fit_wf/gifti_surface_wf/fix_surfs/mapflow/_fix_surfs5".
250917-09:10:45,667 nipype.workflow INFO:
	 [Node] Cached "_fix_surfs5" - collecting precomputed outputs
250917-09:10:45,667 nipype.workflow INFO:
	 [Node] "_fix_surfs5" found cached.
250917-09:10:45,878 nipype.workflow INFO:
	 [Node] Setting-up "_fix_surfs3" in "/work/fmriprep_25_0_wf/sub_01_wf/anat_fit_wf/gifti_spheres_wf/fix_surfs/mapflow/_fix_surfs3".
250917-09:10:45,879 nipype.workflow INFO:
	 [Node] Setting-up "_fix_surfs0" in "/work/fmriprep_25_0_wf/sub_01_wf/anat_fit_wf/gifti_spheres_wf/fix_surfs/mapflow/_fix_surfs0".
250917-09:10:45,879 nipype.workflow INFO:
	 [Node] Setting-up "_fix_surfs2" in "/work/fmriprep_25_0_wf/sub_01_wf/anat_fit_wf/gifti_spheres_wf/fix_surfs/mapflow/_fix_surfs2".
250917-09:10:45,880 nipype.workflow INFO:
	 [Node] Setting-up "_fix_surfs1" in "/work/fmriprep_25_0_wf/sub_01_wf/anat_fit_wf/gifti_spheres_wf/fix_surfs/mapflow/_fix_surfs1".
250917-09:10:45,908 nipype.workflow INFO:
	 [Node] Executing "_fix_surfs3" <smriprep.interfaces.surf.NormalizeSurf>
250917-09:10:45,909 nipype.workflow INFO:
	 [Node] Executing "_fix_surfs1" <smriprep.interfaces.surf.NormalizeSurf>
250917-09:10:45,909 nipype.workflow INFO:
	 [Node] Executing "_fix_surfs0" <smriprep.interfaces.surf.NormalizeSurf>
250917-09:10:45,910 nipype.workflow INFO:
	 [Node] Executing "_fix_surfs2" <smriprep.interfaces.surf.NormalizeSurf>
250917-09:10:46,470 nipype.workflow INFO:
	 [Node] Finished "_fix_surfs2", elapsed time 0.559273s.
250917-09:10:46,483 nipype.workflow INFO:
	 [Node] Finished "_fix_surfs1", elapsed time 0.573209s.
250917-09:10:46,537 nipype.workflow INFO:
	 [Node] Finished "_fix_surfs0", elapsed time 0.626491s.
250917-09:10:46,539 nipype.workflow INFO:
	 [Node] Finished "_fix_surfs3", elapsed time 0.629783s.
250917-09:10:47,32 nipype.workflow INFO:
	 [Node] Finished "recon_report", elapsed time 19.391743s.
250917-09:10:47,918 nipype.workflow INFO:
	 [Node] Setting-up "_fix_surfs0" in "/work/fmriprep_25_0_wf/sub_01_wf/anat_fit_wf/gifti_spheres_wf/fix_surfs/mapflow/_fix_surfs0".
250917-09:10:47,920 nipype.workflow INFO:
	 [Node] Cached "_fix_surfs0" - collecting precomputed outputs
250917-09:10:47,921 nipype.workflow INFO:
	 [Node] "_fix_surfs0" found cached.
250917-09:10:47,921 nipype.workflow INFO:
	 [Node] Setting-up "_fix_surfs1" in "/work/fmriprep_25_0_wf/sub_01_wf/anat_fit_wf/gifti_spheres_wf/fix_surfs/mapflow/_fix_surfs1".
250917-09:10:47,923 nipype.workflow INFO:
	 [Node] Cached "_fix_surfs1" - collecting precomputed outputs
250917-09:10:47,923 nipype.workflow INFO:
	 [Node] "_fix_surfs1" found cached.
250917-09:10:47,924 nipype.workflow INFO:
	 [Node] Setting-up "_fix_surfs2" in "/work/fmriprep_25_0_wf/sub_01_wf/anat_fit_wf/gifti_spheres_wf/fix_surfs/mapflow/_fix_surfs2".
250917-09:10:47,926 nipype.workflow INFO:
	 [Node] Cached "_fix_surfs2" - collecting precomputed outputs
250917-09:10:47,926 nipype.workflow INFO:
	 [Node] "_fix_surfs2" found cached.
250917-09:10:47,926 nipype.workflow INFO:
	 [Node] Setting-up "_fix_surfs3" in "/work/fmriprep_25_0_wf/sub_01_wf/anat_fit_wf/gifti_spheres_wf/fix_surfs/mapflow/_fix_surfs3".
250917-09:10:47,928 nipype.workflow INFO:
	 [Node] Cached "_fix_surfs3" - collecting precomputed outputs
250917-09:10:47,928 nipype.workflow INFO:
	 [Node] "_fix_surfs3" found cached.
250917-09:10:51,193 nipype.workflow INFO:
	 [Node] Setting-up "_invert_sulc0" in "/work/fmriprep_25_0_wf/sub_01_wf/anat_fit_wf/msm_sulc_wf/invert_sulc/mapflow/_invert_sulc0".
250917-09:10:51,194 nipype.workflow INFO:
	 [Node] Setting-up "_invert_sulc1" in "/work/fmriprep_25_0_wf/sub_01_wf/anat_fit_wf/msm_sulc_wf/invert_sulc/mapflow/_invert_sulc1".
250917-09:10:51,220 nipype.workflow INFO:
	 [Node] Executing "_invert_sulc0" <smriprep.interfaces.gifti.MetricMath>
250917-09:10:51,221 nipype.workflow INFO:
	 [Node] Executing "_invert_sulc1" <smriprep.interfaces.gifti.MetricMath>
250917-09:10:51,265 nipype.workflow INFO:
	 [Node] Finished "_invert_sulc0", elapsed time 0.04484s.
250917-09:10:51,266 nipype.workflow INFO:
	 [Node] Finished "_invert_sulc1", elapsed time 0.044758s.
250917-09:10:52,572 nipype.workflow INFO:
	 [Node] Setting-up "_invert_sulc0" in "/work/fmriprep_25_0_wf/sub_01_wf/anat_fit_wf/msm_sulc_wf/invert_sulc/mapflow/_invert_sulc0".
250917-09:10:52,574 nipype.workflow INFO:
	 [Node] Cached "_invert_sulc0" - collecting precomputed outputs
250917-09:10:52,575 nipype.workflow INFO:
	 [Node] "_invert_sulc0" found cached.
250917-09:10:52,576 nipype.workflow INFO:
	 [Node] Setting-up "_invert_sulc1" in "/work/fmriprep_25_0_wf/sub_01_wf/anat_fit_wf/msm_sulc_wf/invert_sulc/mapflow/_invert_sulc1".
250917-09:10:52,578 nipype.workflow INFO:
	 [Node] Cached "_invert_sulc1" - collecting precomputed outputs
250917-09:10:52,578 nipype.workflow INFO:
	 [Node] "_invert_sulc1" found cached.
250917-09:10:55,6 nipype.workflow INFO:
	 [Node] Setting-up "_create_pial_distvol0" in "/work/fmriprep_25_0_wf/sub_01_wf/anat_fit_wf/anat_ribbon_wf/create_pial_distvol/mapflow/_create_pial_distvol0".
250917-09:10:55,8 nipype.workflow INFO:
	 [Node] Setting-up "_create_wm_distvol1" in "/work/fmriprep_25_0_wf/sub_01_wf/anat_fit_wf/anat_ribbon_wf/create_wm_distvol/mapflow/_create_wm_distvol1".
250917-09:10:55,9 nipype.workflow INFO:
	 [Node] Setting-up "_create_pial_distvol1" in "/work/fmriprep_25_0_wf/sub_01_wf/anat_fit_wf/anat_ribbon_wf/create_pial_distvol/mapflow/_create_pial_distvol1".
250917-09:10:55,13 nipype.workflow INFO:
	 [Node] Setting-up "_create_wm_distvol0" in "/work/fmriprep_25_0_wf/sub_01_wf/anat_fit_wf/anat_ribbon_wf/create_wm_distvol/mapflow/_create_wm_distvol0".
250917-09:10:55,34 nipype.workflow INFO:
	 [Node] Executing "_create_pial_distvol0" <smriprep.interfaces.workbench.CreateSignedDistanceVolume>
250917-09:10:55,34 nipype.workflow INFO:
	 [Node] Executing "_create_wm_distvol1" <smriprep.interfaces.workbench.CreateSignedDistanceVolume>
250917-09:10:55,36 nipype.workflow INFO:
	 [Node] Executing "_create_pial_distvol1" <smriprep.interfaces.workbench.CreateSignedDistanceVolume>
250917-09:10:55,41 nipype.workflow INFO:
	 [Node] Executing "_create_wm_distvol0" <smriprep.interfaces.workbench.CreateSignedDistanceVolume>
250917-09:10:58,758 nipype.workflow INFO:
	 [Node] Setting-up "_project_unproject0" in "/work/fmriprep_25_0_wf/sub_01_wf/anat_fit_wf/fsLR_reg_wf/project_unproject/mapflow/_project_unproject0".
250917-09:10:58,761 nipype.workflow INFO:
	 [Node] Setting-up "_project_unproject1" in "/work/fmriprep_25_0_wf/sub_01_wf/anat_fit_wf/fsLR_reg_wf/project_unproject/mapflow/_project_unproject1".
250917-09:10:58,783 nipype.workflow INFO:
	 [Node] Executing "_project_unproject0" <smriprep.interfaces.workbench.SurfaceSphereProjectUnproject>
250917-09:10:58,788 nipype.workflow INFO:
	 [Node] Executing "_project_unproject1" <smriprep.interfaces.workbench.SurfaceSphereProjectUnproject>
250917-09:11:02,221 nipype.workflow INFO:
	 [Node] Finished "_project_unproject1", elapsed time 3.198362s.
250917-09:11:02,288 nipype.workflow INFO:
	 [Node] Finished "_project_unproject0", elapsed time 3.251837s.
250917-09:11:03,22 nipype.workflow INFO:
	 [Node] Setting-up "_project_unproject0" in "/work/fmriprep_25_0_wf/sub_01_wf/anat_fit_wf/fsLR_reg_wf/project_unproject/mapflow/_project_unproject0".
250917-09:11:03,24 nipype.workflow INFO:
	 [Node] Cached "_project_unproject0" - collecting precomputed outputs
250917-09:11:03,25 nipype.workflow INFO:
	 [Node] "_project_unproject0" found cached.
250917-09:11:03,26 nipype.workflow INFO:
	 [Node] Setting-up "_project_unproject1" in "/work/fmriprep_25_0_wf/sub_01_wf/anat_fit_wf/fsLR_reg_wf/project_unproject/mapflow/_project_unproject1".
250917-09:11:03,29 nipype.workflow INFO:
	 [Node] Cached "_project_unproject1" - collecting precomputed outputs
250917-09:11:03,29 nipype.workflow INFO:
	 [Node] "_project_unproject1" found cached.
250917-09:11:12,971 nipype.workflow INFO:
	 [Node] Setting-up "_regress_affine0" in "/work/fmriprep_25_0_wf/sub_01_wf/anat_fit_wf/msm_sulc_wf/regress_affine/mapflow/_regress_affine0".
250917-09:11:12,982 nipype.workflow INFO:
	 [Node] Setting-up "_regress_affine1" in "/work/fmriprep_25_0_wf/sub_01_wf/anat_fit_wf/msm_sulc_wf/regress_affine/mapflow/_regress_affine1".
250917-09:11:12,997 nipype.workflow INFO:
	 [Node] Executing "_regress_affine0" <smriprep.interfaces.workbench.SurfaceAffineRegression>
250917-09:11:13,6 nipype.workflow INFO:
	 [Node] Executing "_regress_affine1" <smriprep.interfaces.workbench.SurfaceAffineRegression>
250917-09:11:13,17 nipype.workflow INFO:
	 [Node] Finished "mri_coreg", elapsed time 45.366087s.
250917-09:11:13,614 nipype.workflow INFO:
	 [Node] Finished "_regress_affine0", elapsed time 0.419685s.
250917-09:11:13,855 nipype.workflow INFO:
	 [Node] Finished "_regress_affine1", elapsed time 0.506469s.
250917-09:11:14,985 nipype.workflow INFO:
	 [Node] Setting-up "fmriprep_25_0_wf.sub_01_wf.bold_task_rsvp_run_2_wf.bold_fit_wf.bold_reg_wf.bbreg_wf.mri_coreg" in "/work/fmriprep_25_0_wf/sub_01_wf/bold_task_rsvp_run_2_wf/bold_fit_wf/bold_reg_wf/bbreg_wf/mri_coreg".
250917-09:11:15,15 nipype.workflow INFO:
	 [Node] Setting-up "_regress_affine0" in "/work/fmriprep_25_0_wf/sub_01_wf/anat_fit_wf/msm_sulc_wf/regress_affine/mapflow/_regress_affine0".
250917-09:11:15,17 nipype.workflow INFO:
	 [Node] Cached "_regress_affine0" - collecting precomputed outputs
250917-09:11:15,17 nipype.workflow INFO:
	 [Node] "_regress_affine0" found cached.
250917-09:11:15,18 nipype.workflow INFO:
	 [Node] Setting-up "_regress_affine1" in "/work/fmriprep_25_0_wf/sub_01_wf/anat_fit_wf/msm_sulc_wf/regress_affine/mapflow/_regress_affine1".
250917-09:11:15,20 nipype.workflow INFO:
	 [Node] Cached "_regress_affine1" - collecting precomputed outputs
250917-09:11:15,20 nipype.workflow INFO:
	 [Node] "_regress_affine1" found cached.
250917-09:11:15,24 nipype.workflow INFO:
	 [Node] Executing "mri_coreg" <fmriprep.interfaces.patches.MRICoreg>
250917-09:11:18,980 nipype.workflow INFO:
	 [Node] Setting-up "_apply_surface_affine0" in "/work/fmriprep_25_0_wf/sub_01_wf/anat_fit_wf/msm_sulc_wf/apply_surface_affine/mapflow/_apply_surface_affine0".
250917-09:11:18,985 nipype.workflow INFO:
	 [Node] Setting-up "_apply_surface_affine1" in "/work/fmriprep_25_0_wf/sub_01_wf/anat_fit_wf/msm_sulc_wf/apply_surface_affine/mapflow/_apply_surface_affine1".
250917-09:11:19,6 nipype.workflow INFO:
	 [Node] Executing "_apply_surface_affine0" <smriprep.interfaces.workbench.SurfaceApplyAffine>
250917-09:11:19,8 nipype.workflow INFO:
	 [Node] Executing "_apply_surface_affine1" <smriprep.interfaces.workbench.SurfaceApplyAffine>
250917-09:11:20,99 nipype.workflow INFO:
	 [Node] Finished "_apply_surface_affine0", elapsed time 0.870848s.
250917-09:11:20,134 nipype.workflow INFO:
	 [Node] Finished "_apply_surface_affine1", elapsed time 0.911487s.
250917-09:11:21,11 nipype.workflow INFO:
	 [Node] Setting-up "_apply_surface_affine0" in "/work/fmriprep_25_0_wf/sub_01_wf/anat_fit_wf/msm_sulc_wf/apply_surface_affine/mapflow/_apply_surface_affine0".
250917-09:11:21,14 nipype.workflow INFO:
	 [Node] Cached "_apply_surface_affine0" - collecting precomputed outputs
250917-09:11:21,14 nipype.workflow INFO:
	 [Node] "_apply_surface_affine0" found cached.
250917-09:11:21,15 nipype.workflow INFO:
	 [Node] Setting-up "_apply_surface_affine1" in "/work/fmriprep_25_0_wf/sub_01_wf/anat_fit_wf/msm_sulc_wf/apply_surface_affine/mapflow/_apply_surface_affine1".
250917-09:11:21,18 nipype.workflow INFO:
	 [Node] Cached "_apply_surface_affine1" - collecting precomputed outputs
250917-09:11:21,18 nipype.workflow INFO:
	 [Node] "_apply_surface_affine1" found cached.
250917-09:11:24,986 nipype.workflow INFO:
	 [Node] Setting-up "_modify_sphere0" in "/work/fmriprep_25_0_wf/sub_01_wf/anat_fit_wf/msm_sulc_wf/modify_sphere/mapflow/_modify_sphere0".
250917-09:11:24,987 nipype.workflow INFO:
	 [Node] Setting-up "_modify_sphere1" in "/work/fmriprep_25_0_wf/sub_01_wf/anat_fit_wf/msm_sulc_wf/modify_sphere/mapflow/_modify_sphere1".
250917-09:11:25,17 nipype.workflow INFO:
	 [Node] Executing "_modify_sphere0" <smriprep.interfaces.workbench.SurfaceModifySphere>
250917-09:11:25,17 nipype.workflow INFO:
	 [Node] Executing "_modify_sphere1" <smriprep.interfaces.workbench.SurfaceModifySphere>
250917-09:11:26,202 nipype.workflow INFO:
	 [Node] Finished "_modify_sphere0", elapsed time 0.957882s.
250917-09:11:26,276 nipype.workflow INFO:
	 [Node] Finished "_modify_sphere1", elapsed time 0.955758s.
250917-09:11:27,0 nipype.workflow INFO:
	 [Node] Setting-up "_modify_sphere0" in "/work/fmriprep_25_0_wf/sub_01_wf/anat_fit_wf/msm_sulc_wf/modify_sphere/mapflow/_modify_sphere0".
250917-09:11:27,3 nipype.workflow INFO:
	 [Node] Cached "_modify_sphere0" - collecting precomputed outputs
250917-09:11:27,3 nipype.workflow INFO:
	 [Node] "_modify_sphere0" found cached.
250917-09:11:27,5 nipype.workflow INFO:
	 [Node] Setting-up "_modify_sphere1" in "/work/fmriprep_25_0_wf/sub_01_wf/anat_fit_wf/msm_sulc_wf/modify_sphere/mapflow/_modify_sphere1".
250917-09:11:27,8 nipype.workflow INFO:
	 [Node] Cached "_modify_sphere1" - collecting precomputed outputs
250917-09:11:27,9 nipype.workflow INFO:
	 [Node] "_modify_sphere1" found cached.
250917-09:11:30,974 nipype.workflow INFO:
	 [Node] Setting-up "_msmsulc1" in "/work/fmriprep_25_0_wf/sub_01_wf/anat_fit_wf/msm_sulc_wf/msmsulc/mapflow/_msmsulc1".
250917-09:11:30,976 nipype.workflow INFO:
	 [Node] Setting-up "_msmsulc0" in "/work/fmriprep_25_0_wf/sub_01_wf/anat_fit_wf/msm_sulc_wf/msmsulc/mapflow/_msmsulc0".
250917-09:11:30,997 nipype.workflow INFO:
	 [Node] Executing "_msmsulc1" <smriprep.interfaces.msm.MSM>
250917-09:11:31,0 nipype.workflow INFO:
	 [Node] Executing "_msmsulc0" <smriprep.interfaces.msm.MSM>
250917-09:11:58,529 nipype.workflow INFO:
	 [Node] Finished "mri_coreg", elapsed time 43.503855s.
250917-09:11:58,964 nipype.workflow INFO:
	 [Node] Setting-up "fmriprep_25_0_wf.sub_01_wf.bold_task_rsvp_run_3_wf.bold_fit_wf.bold_reg_wf.bbreg_wf.mri_coreg" in "/work/fmriprep_25_0_wf/sub_01_wf/bold_task_rsvp_run_3_wf/bold_fit_wf/bold_reg_wf/bbreg_wf/mri_coreg".
250917-09:11:58,997 nipype.workflow INFO:
	 [Node] Executing "mri_coreg" <fmriprep.interfaces.patches.MRICoreg>
250917-09:12:41,1 nipype.workflow INFO:
	 [Node] Finished "mri_coreg", elapsed time 42.002444s.
250917-09:12:42,985 nipype.workflow INFO:
	 [Node] Setting-up "fmriprep_25_0_wf.sub_01_wf.bold_task_rsvp_run_4_wf.bold_fit_wf.bold_reg_wf.bbreg_wf.mri_coreg" in "/work/fmriprep_25_0_wf/sub_01_wf/bold_task_rsvp_run_4_wf/bold_fit_wf/bold_reg_wf/bbreg_wf/mri_coreg".
250917-09:12:43,18 nipype.workflow INFO:
	 [Node] Executing "mri_coreg" <fmriprep.interfaces.patches.MRICoreg>
250917-09:12:46,215 nipype.workflow INFO:
	 [Node] Finished "refine", elapsed time 124.551232s.
250917-09:12:46,980 nipype.workflow INFO:
	 [Node] Setting-up "fmriprep_25_0_wf.sub_01_wf.anat_fit_wf.applyrefined" in "/work/fmriprep_25_0_wf/sub_01_wf/anat_fit_wf/applyrefined".
250917-09:12:47,6 nipype.workflow INFO:
	 [Node] Executing "applyrefined" <nipype.interfaces.fsl.maths.ApplyMask>
250917-09:12:49,87 nipype.workflow INFO:
	 [Node] Setting-up "fmriprep_25_0_wf.sub_01_wf.ds_std_volumes_wf.mask_anat" in "/work/fmriprep_25_0_wf/sub_01_wf/ds_std_volumes_wf/mask_anat".
250917-09:12:49,122 nipype.workflow INFO:
	 [Node] Executing "mask_anat" <niworkflows.interfaces.nibabel.ApplyMask>
250917-09:12:53,706 nipype.workflow INFO:
	 [Node] Finished "mask_anat", elapsed time 4.583259s.
250917-09:12:55,100 nipype.workflow INFO:
	 [Node] Setting-up "fmriprep_25_0_wf.sub_01_wf.bold_task_rsvp_run_1_wf.bold_anat_wf.gen_ref" in "/work/fmriprep_25_0_wf/sub_01_wf/bold_task_rsvp_run_1_wf/bold_anat_wf/gen_ref".
250917-09:12:55,127 nipype.workflow INFO:
	 [Node] Executing "gen_ref" <niworkflows.interfaces.nibabel.GenerateSamplingReference>
250917-09:12:55,223 nipype.workflow INFO:
	 [Node] Finished "applyrefined", elapsed time 8.216007s.
250917-09:12:57,91 nipype.workflow INFO:
	 [Node] Setting-up "fmriprep_25_0_wf.sub_01_wf.anat_fit_wf.fast" in "/work/fmriprep_25_0_wf/sub_01_wf/anat_fit_wf/fast".
250917-09:12:57,121 nipype.workflow INFO:
	 [Node] Executing "fast" <nipype.interfaces.fsl.preprocess.FAST>
250917-09:12:58,554 nipype.workflow INFO:
	 [Node] Finished "gen_ref", elapsed time 3.4258129999999998s.
250917-09:12:59,100 nipype.workflow INFO:
	 [Node] Setting-up "fmriprep_25_0_wf.sub_01_wf.bold_task_rsvp_run_2_wf.bold_anat_wf.gen_ref" in "/work/fmriprep_25_0_wf/sub_01_wf/bold_task_rsvp_run_2_wf/bold_anat_wf/gen_ref".
250917-09:12:59,130 nipype.workflow INFO:
	 [Node] Executing "gen_ref" <niworkflows.interfaces.nibabel.GenerateSamplingReference>
250917-09:13:02,195 nipype.workflow INFO:
	 [Node] Finished "gen_ref", elapsed time 3.064079s.
250917-09:13:03,113 nipype.workflow INFO:
	 [Node] Setting-up "fmriprep_25_0_wf.sub_01_wf.bold_task_rsvp_run_3_wf.bold_anat_wf.gen_ref" in "/work/fmriprep_25_0_wf/sub_01_wf/bold_task_rsvp_run_3_wf/bold_anat_wf/gen_ref".
250917-09:13:03,136 nipype.workflow INFO:
	 [Node] Executing "gen_ref" <niworkflows.interfaces.nibabel.GenerateSamplingReference>
250917-09:13:06,337 nipype.workflow INFO:
	 [Node] Finished "gen_ref", elapsed time 3.200038s.
250917-09:13:07,104 nipype.workflow INFO:
	 [Node] Setting-up "fmriprep_25_0_wf.sub_01_wf.bold_task_rsvp_run_4_wf.bold_anat_wf.gen_ref" in "/work/fmriprep_25_0_wf/sub_01_wf/bold_task_rsvp_run_4_wf/bold_anat_wf/gen_ref".
250917-09:13:07,132 nipype.workflow INFO:
	 [Node] Executing "gen_ref" <niworkflows.interfaces.nibabel.GenerateSamplingReference>
250917-09:13:10,398 nipype.workflow INFO:
	 [Node] Finished "gen_ref", elapsed time 3.264991s.
250917-09:13:11,100 nipype.workflow INFO:
	 [Node] Setting-up "fmriprep_25_0_wf.sub_01_wf.bold_task_rsvp_run_5_wf.bold_anat_wf.gen_ref" in "/work/fmriprep_25_0_wf/sub_01_wf/bold_task_rsvp_run_5_wf/bold_anat_wf/gen_ref".
250917-09:13:11,133 nipype.workflow INFO:
	 [Node] Executing "gen_ref" <niworkflows.interfaces.nibabel.GenerateSamplingReference>
250917-09:13:14,380 nipype.workflow INFO:
	 [Node] Finished "gen_ref", elapsed time 3.244951s.
250917-09:13:15,146 nipype.workflow INFO:
	 [Node] Setting-up "fmriprep_25_0_wf.sub_01_wf.bold_task_rsvp_run_6_wf.bold_anat_wf.gen_ref" in "/work/fmriprep_25_0_wf/sub_01_wf/bold_task_rsvp_run_6_wf/bold_anat_wf/gen_ref".
250917-09:13:15,176 nipype.workflow INFO:
	 [Node] Executing "gen_ref" <niworkflows.interfaces.nibabel.GenerateSamplingReference>
250917-09:13:18,637 nipype.workflow INFO:
	 [Node] Finished "gen_ref", elapsed time 3.459612s.
250917-09:13:25,664 nipype.workflow INFO:
	 [Node] Finished "mri_coreg", elapsed time 42.645293s.
250917-09:13:27,118 nipype.workflow INFO:
	 [Node] Setting-up "fmriprep_25_0_wf.sub_01_wf.bold_task_rsvp_run_5_wf.bold_fit_wf.bold_reg_wf.bbreg_wf.mri_coreg" in "/work/fmriprep_25_0_wf/sub_01_wf/bold_task_rsvp_run_5_wf/bold_fit_wf/bold_reg_wf/bbreg_wf/mri_coreg".
250917-09:13:27,151 nipype.workflow INFO:
	 [Node] Executing "mri_coreg" <fmriprep.interfaces.patches.MRICoreg>
250917-09:13:35,206 nipype.workflow INFO:
	 [Node] Finished "_create_wm_distvol1", elapsed time 159.942867s.
250917-09:13:37,577 nipype.workflow INFO:
	 [Node] Finished "_create_wm_distvol0", elapsed time 162.306221s.
250917-09:13:39,140 nipype.workflow INFO:
	 [Node] Setting-up "_create_wm_distvol0" in "/work/fmriprep_25_0_wf/sub_01_wf/anat_fit_wf/anat_ribbon_wf/create_wm_distvol/mapflow/_create_wm_distvol0".
250917-09:13:39,142 nipype.workflow INFO:
	 [Node] Cached "_create_wm_distvol0" - collecting precomputed outputs
250917-09:13:39,142 nipype.workflow INFO:
	 [Node] "_create_wm_distvol0" found cached.
250917-09:13:39,143 nipype.workflow INFO:
	 [Node] Setting-up "_create_wm_distvol1" in "/work/fmriprep_25_0_wf/sub_01_wf/anat_fit_wf/anat_ribbon_wf/create_wm_distvol/mapflow/_create_wm_distvol1".
250917-09:13:39,145 nipype.workflow INFO:
	 [Node] Cached "_create_wm_distvol1" - collecting precomputed outputs
250917-09:13:39,145 nipype.workflow INFO:
	 [Node] "_create_wm_distvol1" found cached.
250917-09:14:02,592 nipype.workflow INFO:
	 [Node] Finished "_create_pial_distvol0", elapsed time 187.305312s.
250917-09:14:03,129 nipype.workflow INFO:
	 [Node] Finished "_create_pial_distvol1", elapsed time 187.800769s.
250917-09:14:05,155 nipype.workflow INFO:
	 [Node] Setting-up "_create_pial_distvol0" in "/work/fmriprep_25_0_wf/sub_01_wf/anat_fit_wf/anat_ribbon_wf/create_pial_distvol/mapflow/_create_pial_distvol0".
250917-09:14:05,158 nipype.workflow INFO:
	 [Node] Cached "_create_pial_distvol0" - collecting precomputed outputs
250917-09:14:05,158 nipype.workflow INFO:
	 [Node] "_create_pial_distvol0" found cached.
250917-09:14:05,160 nipype.workflow INFO:
	 [Node] Setting-up "_create_pial_distvol1" in "/work/fmriprep_25_0_wf/sub_01_wf/anat_fit_wf/anat_ribbon_wf/create_pial_distvol/mapflow/_create_pial_distvol1".
250917-09:14:05,162 nipype.workflow INFO:
	 [Node] Cached "_create_pial_distvol1" - collecting precomputed outputs
250917-09:14:05,162 nipype.workflow INFO:
	 [Node] "_create_pial_distvol1" found cached.
250917-09:14:07,102 nipype.workflow INFO:
	 [Node] Setting-up "fmriprep_25_0_wf.sub_01_wf.anat_fit_wf.anat_ribbon_wf.make_ribbon" in "/work/fmriprep_25_0_wf/sub_01_wf/anat_fit_wf/anat_ribbon_wf/make_ribbon".
250917-09:14:07,139 nipype.workflow INFO:
	 [Node] Executing "make_ribbon" <smriprep.interfaces.surf.MakeRibbon>
250917-09:14:08,710 nipype.workflow INFO:
	 [Node] Finished "mri_coreg", elapsed time 41.558539s.
250917-09:14:09,136 nipype.workflow INFO:
	 [Node] Setting-up "fmriprep_25_0_wf.sub_01_wf.bold_task_rsvp_run_6_wf.bold_fit_wf.bold_reg_wf.bbreg_wf.mri_coreg" in "/work/fmriprep_25_0_wf/sub_01_wf/bold_task_rsvp_run_6_wf/bold_fit_wf/bold_reg_wf/bbreg_wf/mri_coreg".
250917-09:14:09,181 nipype.workflow INFO:
	 [Node] Executing "mri_coreg" <fmriprep.interfaces.patches.MRICoreg>
250917-09:14:10,26 nipype.workflow INFO:
	 [Node] Finished "make_ribbon", elapsed time 2.885884s.
250917-09:14:54,703 nipype.workflow INFO:
	 [Node] Finished "mri_coreg", elapsed time 45.521337s.
250917-09:14:56,15 nipype.workflow INFO:
	 [Node] Setting-up "fmriprep_25_0_wf.sub_01_wf.anat_fit_wf.register_template_wf.registration" in "/work/fmriprep_25_0_wf/sub_01_wf/anat_fit_wf/register_template_wf/_template_MNI152NLin2009cAsym/registration".
250917-09:14:56,66 nipype.workflow INFO:
	 [Node] Executing "registration" <niworkflows.interfaces.norm.SpatialNormalization>
250917-09:20:08,94 nipype.workflow INFO:
	 [Node] Finished "fast", elapsed time 430.9719s.
250917-09:20:10,37 nipype.workflow INFO:
	 [Node] Setting-up "fmriprep_25_0_wf.sub_01_wf.anat_fit_wf.lut_t1w_dseg" in "/work/fmriprep_25_0_wf/sub_01_wf/anat_fit_wf/lut_t1w_dseg".
250917-09:20:10,70 nipype.workflow INFO:
	 [Node] Executing "lut_t1w_dseg" <nipype.interfaces.utility.wrappers.Function>
250917-09:20:11,254 nipype.workflow INFO:
	 [Node] Finished "lut_t1w_dseg", elapsed time 1.183022s.
250917-09:20:35,291 nipype.workflow INFO:
	 [Node] Setting-up "fmriprep_25_0_wf.sub_01_wf.anat_fit_wf.anat_reports_wf.seg_rpt" in "/work/fmriprep_25_0_wf/sub_01_wf/anat_fit_wf/anat_reports_wf/seg_rpt".
250917-09:20:35,292 nipype.workflow INFO:
	 [Node] Setting-up "fmriprep_25_0_wf.sub_01_wf.bold_task_rsvp_run_1_wf.bold_fit_wf.func_fit_reports_wf.t1w_wm" in "/work/fmriprep_25_0_wf/sub_01_wf/bold_task_rsvp_run_1_wf/bold_fit_wf/func_fit_reports_wf/t1w_wm".
250917-09:20:35,294 nipype.workflow INFO:
	 [Node] Setting-up "fmriprep_25_0_wf.sub_01_wf.bold_task_rsvp_run_2_wf.bold_fit_wf.func_fit_reports_wf.t1w_wm" in "/work/fmriprep_25_0_wf/sub_01_wf/bold_task_rsvp_run_2_wf/bold_fit_wf/func_fit_reports_wf/t1w_wm".
250917-09:20:35,295 nipype.workflow INFO:
	 [Node] Setting-up "fmriprep_25_0_wf.sub_01_wf.bold_task_rsvp_run_3_wf.bold_fit_wf.func_fit_reports_wf.t1w_wm" in "/work/fmriprep_25_0_wf/sub_01_wf/bold_task_rsvp_run_3_wf/bold_fit_wf/func_fit_reports_wf/t1w_wm".
250917-09:20:35,296 nipype.workflow INFO:
	 [Node] Setting-up "fmriprep_25_0_wf.sub_01_wf.bold_task_rsvp_run_4_wf.bold_fit_wf.func_fit_reports_wf.t1w_wm" in "/work/fmriprep_25_0_wf/sub_01_wf/bold_task_rsvp_run_4_wf/bold_fit_wf/func_fit_reports_wf/t1w_wm".
250917-09:20:35,297 nipype.workflow INFO:
	 [Node] Setting-up "fmriprep_25_0_wf.sub_01_wf.bold_task_rsvp_run_5_wf.bold_fit_wf.func_fit_reports_wf.t1w_wm" in "/work/fmriprep_25_0_wf/sub_01_wf/bold_task_rsvp_run_5_wf/bold_fit_wf/func_fit_reports_wf/t1w_wm".
250917-09:20:35,322 nipype.workflow INFO:
	 [Node] Executing "t1w_wm" <nipype.interfaces.utility.wrappers.Function>
250917-09:20:35,326 nipype.workflow INFO:
	 [Node] Executing "t1w_wm" <nipype.interfaces.utility.wrappers.Function>
250917-09:20:35,326 nipype.workflow INFO:
	 [Node] Executing "t1w_wm" <nipype.interfaces.utility.wrappers.Function>
250917-09:20:35,328 nipype.workflow INFO:
	 [Node] Executing "t1w_wm" <nipype.interfaces.utility.wrappers.Function>
250917-09:20:35,328 nipype.workflow INFO:
	 [Node] Executing "seg_rpt" <niworkflows.interfaces.reportlets.masks.ROIsPlot>
250917-09:20:35,329 nipype.workflow INFO:
	 [Node] Executing "t1w_wm" <nipype.interfaces.utility.wrappers.Function>
250917-09:20:35,815 nipype.workflow INFO:
	 [Node] Finished "t1w_wm", elapsed time 0.486261s.
250917-09:20:35,824 nipype.workflow INFO:
	 [Node] Finished "t1w_wm", elapsed time 0.500065s.
250917-09:20:35,840 nipype.workflow INFO:
	 [Node] Finished "t1w_wm", elapsed time 0.513265s.
250917-09:20:35,871 nipype.workflow INFO:
	 [Node] Finished "t1w_wm", elapsed time 0.541256s.
250917-09:20:36,905 nipype.workflow INFO:
	 [Node] Finished "t1w_wm", elapsed time 1.5777809999999999s.
250917-09:20:37,332 nipype.workflow INFO:
	 [Node] Setting-up "fmriprep_25_0_wf.sub_01_wf.bold_task_rsvp_run_6_wf.bold_fit_wf.func_fit_reports_wf.t1w_wm" in "/work/fmriprep_25_0_wf/sub_01_wf/bold_task_rsvp_run_6_wf/bold_fit_wf/func_fit_reports_wf/t1w_wm".
250917-09:20:37,332 nipype.workflow INFO:
	 [Node] Setting-up "fmriprep_25_0_wf.sub_01_wf.bold_task_rsvp_run_1_wf.bold_confounds_wf.acc_masks" in "/work/fmriprep_25_0_wf/sub_01_wf/bold_task_rsvp_run_1_wf/bold_confounds_wf/acc_masks".
250917-09:20:37,333 nipype.workflow INFO:
	 [Node] Setting-up "fmriprep_25_0_wf.sub_01_wf.bold_task_rsvp_run_2_wf.bold_confounds_wf.acc_masks" in "/work/fmriprep_25_0_wf/sub_01_wf/bold_task_rsvp_run_2_wf/bold_confounds_wf/acc_masks".
250917-09:20:37,334 nipype.workflow INFO:
	 [Node] Setting-up "fmriprep_25_0_wf.sub_01_wf.bold_task_rsvp_run_3_wf.bold_confounds_wf.acc_masks" in "/work/fmriprep_25_0_wf/sub_01_wf/bold_task_rsvp_run_3_wf/bold_confounds_wf/acc_masks".
250917-09:20:37,336 nipype.workflow INFO:
	 [Node] Setting-up "fmriprep_25_0_wf.sub_01_wf.bold_task_rsvp_run_4_wf.bold_confounds_wf.acc_masks" in "/work/fmriprep_25_0_wf/sub_01_wf/bold_task_rsvp_run_4_wf/bold_confounds_wf/acc_masks".
250917-09:20:37,358 nipype.workflow INFO:
	 [Node] Executing "t1w_wm" <nipype.interfaces.utility.wrappers.Function>
250917-09:20:37,422 nipype.workflow INFO:
	 [Node] Executing "acc_masks" <fmriprep.interfaces.confounds.aCompCorMasks>
250917-09:20:37,422 nipype.workflow INFO:
	 [Node] Executing "acc_masks" <fmriprep.interfaces.confounds.aCompCorMasks>
250917-09:20:37,428 nipype.workflow INFO:
	 [Node] Executing "acc_masks" <fmriprep.interfaces.confounds.aCompCorMasks>
250917-09:20:37,434 nipype.workflow INFO:
	 [Node] Executing "acc_masks" <fmriprep.interfaces.confounds.aCompCorMasks>
250917-09:20:37,840 nipype.workflow INFO:
	 [Node] Finished "t1w_wm", elapsed time 0.480566s.
250917-09:20:39,303 nipype.workflow INFO:
	 [Node] Setting-up "fmriprep_25_0_wf.sub_01_wf.bold_task_rsvp_run_5_wf.bold_confounds_wf.acc_masks" in "/work/fmriprep_25_0_wf/sub_01_wf/bold_task_rsvp_run_5_wf/bold_confounds_wf/acc_masks".
250917-09:20:39,406 nipype.workflow INFO:
	 [Node] Executing "acc_masks" <fmriprep.interfaces.confounds.aCompCorMasks>
250917-09:21:23,596 nipype.workflow INFO:
	 [Node] Finished "acc_masks", elapsed time 46.160903s.
250917-09:21:24,480 nipype.workflow INFO:
	 [Node] Finished "acc_masks", elapsed time 47.049973s.
250917-09:21:25,307 nipype.workflow INFO:
	 [Node] Setting-up "fmriprep_25_0_wf.sub_01_wf.bold_task_rsvp_run_6_wf.bold_confounds_wf.acc_masks" in "/work/fmriprep_25_0_wf/sub_01_wf/bold_task_rsvp_run_6_wf/bold_confounds_wf/acc_masks".
250917-09:21:25,402 nipype.workflow INFO:
	 [Node] Executing "acc_masks" <fmriprep.interfaces.confounds.aCompCorMasks>
250917-09:21:26,23 nipype.workflow INFO:
	 [Node] Finished "acc_masks", elapsed time 48.599276s.
250917-09:21:26,22 nipype.workflow INFO:
	 [Node] Finished "acc_masks", elapsed time 48.598794s.
250917-09:21:26,176 nipype.workflow INFO:
	 [Node] Finished "acc_masks", elapsed time 46.768209s.
250917-09:21:41,987 nipype.workflow INFO:
	 [Node] Finished "seg_rpt", elapsed time 66.657862s.
250917-09:21:55,622 nipype.workflow INFO:
	 [Node] Finished "acc_masks", elapsed time 30.21942s.
250917-09:36:13,524 nipype.workflow INFO:
	 [Node] Finished "registration", elapsed time 1277.45648s.
250917-09:36:15,409 nipype.workflow INFO:
	 [Node] Setting-up "fmriprep_25_0_wf.sub_01_wf.bold_task_rsvp_run_1_wf.bold_fit_wf.bold_reg_wf.bbreg_wf.bbregister" in "/work/fmriprep_25_0_wf/sub_01_wf/bold_task_rsvp_run_1_wf/bold_fit_wf/bold_reg_wf/bbreg_wf/bbregister".
250917-09:36:15,448 nipype.workflow INFO:
	 [Node] Executing "bbregister" <nipype.interfaces.freesurfer.preprocess.BBRegister>
250917-09:36:37,389 nipype.workflow INFO:
	 [Node] Finished "bbregister", elapsed time 21.940645s.
250917-09:36:39,412 nipype.workflow INFO:
	 [Node] Setting-up "fmriprep_25_0_wf.sub_01_wf.bold_task_rsvp_run_2_wf.bold_fit_wf.bold_reg_wf.bbreg_wf.bbregister" in "/work/fmriprep_25_0_wf/sub_01_wf/bold_task_rsvp_run_2_wf/bold_fit_wf/bold_reg_wf/bbreg_wf/bbregister".
250917-09:36:39,443 nipype.workflow INFO:
	 [Node] Executing "bbregister" <nipype.interfaces.freesurfer.preprocess.BBRegister>
250917-09:38:02,542 nipype.workflow INFO:
	 [Node] Finished "bbregister", elapsed time 83.097567s.
250917-09:38:03,400 nipype.workflow INFO:
	 [Node] Setting-up "fmriprep_25_0_wf.sub_01_wf.bold_task_rsvp_run_3_wf.bold_fit_wf.bold_reg_wf.bbreg_wf.bbregister" in "/work/fmriprep_25_0_wf/sub_01_wf/bold_task_rsvp_run_3_wf/bold_fit_wf/bold_reg_wf/bbreg_wf/bbregister".
250917-09:38:03,442 nipype.workflow INFO:
	 [Node] Executing "bbregister" <nipype.interfaces.freesurfer.preprocess.BBRegister>
250917-09:39:57,963 nipype.workflow INFO:
	 [Node] Finished "bbregister", elapsed time 114.520095s.
250917-09:39:59,465 nipype.workflow INFO:
	 [Node] Setting-up "fmriprep_25_0_wf.sub_01_wf.bold_task_rsvp_run_4_wf.bold_fit_wf.bold_reg_wf.bbreg_wf.bbregister" in "/work/fmriprep_25_0_wf/sub_01_wf/bold_task_rsvp_run_4_wf/bold_fit_wf/bold_reg_wf/bbreg_wf/bbregister".
250917-09:39:59,504 nipype.workflow INFO:
	 [Node] Executing "bbregister" <nipype.interfaces.freesurfer.preprocess.BBRegister>
250917-09:40:41,793 nipype.workflow INFO:
	 [Node] Finished "bbregister", elapsed time 42.28783s.
250917-09:40:43,421 nipype.workflow INFO:
	 [Node] Setting-up "fmriprep_25_0_wf.sub_01_wf.bold_task_rsvp_run_5_wf.bold_fit_wf.bold_reg_wf.bbreg_wf.bbregister" in "/work/fmriprep_25_0_wf/sub_01_wf/bold_task_rsvp_run_5_wf/bold_fit_wf/bold_reg_wf/bbreg_wf/bbregister".
250917-09:40:43,467 nipype.workflow INFO:
	 [Node] Executing "bbregister" <nipype.interfaces.freesurfer.preprocess.BBRegister>
250917-09:41:21,295 nipype.workflow INFO:
	 [Node] Finished "bbregister", elapsed time 37.827213s.
250917-09:41:23,468 nipype.workflow INFO:
	 [Node] Setting-up "fmriprep_25_0_wf.sub_01_wf.bold_task_rsvp_run_6_wf.bold_fit_wf.bold_reg_wf.bbreg_wf.bbregister" in "/work/fmriprep_25_0_wf/sub_01_wf/bold_task_rsvp_run_6_wf/bold_fit_wf/bold_reg_wf/bbreg_wf/bbregister".
250917-09:41:23,507 nipype.workflow INFO:
	 [Node] Executing "bbregister" <nipype.interfaces.freesurfer.preprocess.BBRegister>
250917-09:42:10,405 nipype.workflow INFO:
	 [Node] Finished "bbregister", elapsed time 46.896491s.
250917-09:42:13,87 nipype.workflow INFO:
	 [Node] Setting-up "fmriprep_25_0_wf.sub_01_wf.anat_fit_wf.register_template_wf.outputnode" in "/work/fmriprep_25_0_wf/sub_01_wf/anat_fit_wf/register_template_wf/outputnode".
250917-09:42:13,120 nipype.workflow INFO:
	 [Node] Executing "outputnode" <nipype.interfaces.utility.base.IdentityInterface>
250917-09:42:13,122 nipype.workflow INFO:
	 [Node] Finished "outputnode", elapsed time 0.000874s.
250917-09:42:13,430 nipype.workflow INFO:
	 [Node] Setting-up "fmriprep_25_0_wf.sub_01_wf.bold_task_rsvp_run_1_wf.bold_fit_wf.bold_reg_wf.bbreg_wf.compare_transforms" in "/work/fmriprep_25_0_wf/sub_01_wf/bold_task_rsvp_run_1_wf/bold_fit_wf/bold_reg_wf/bbreg_wf/compare_transforms".
250917-09:42:13,432 nipype.workflow INFO:
	 [Node] Setting-up "fmriprep_25_0_wf.sub_01_wf.bold_task_rsvp_run_3_wf.bold_fit_wf.bold_reg_wf.bbreg_wf.compare_transforms" in "/work/fmriprep_25_0_wf/sub_01_wf/bold_task_rsvp_run_3_wf/bold_fit_wf/bold_reg_wf/bbreg_wf/compare_transforms".
250917-09:42:13,432 nipype.workflow INFO:
	 [Node] Setting-up "fmriprep_25_0_wf.sub_01_wf.bold_task_rsvp_run_2_wf.bold_fit_wf.bold_reg_wf.bbreg_wf.compare_transforms" in "/work/fmriprep_25_0_wf/sub_01_wf/bold_task_rsvp_run_2_wf/bold_fit_wf/bold_reg_wf/bbreg_wf/compare_transforms".
250917-09:42:13,433 nipype.workflow INFO:
	 [Node] Setting-up "fmriprep_25_0_wf.sub_01_wf.bold_task_rsvp_run_5_wf.bold_fit_wf.bold_reg_wf.bbreg_wf.compare_transforms" in "/work/fmriprep_25_0_wf/sub_01_wf/bold_task_rsvp_run_5_wf/bold_fit_wf/bold_reg_wf/bbreg_wf/compare_transforms".
250917-09:42:13,433 nipype.workflow INFO:
	 [Node] Setting-up "fmriprep_25_0_wf.sub_01_wf.bold_task_rsvp_run_6_wf.bold_fit_wf.bold_reg_wf.bbreg_wf.compare_transforms" in "/work/fmriprep_25_0_wf/sub_01_wf/bold_task_rsvp_run_6_wf/bold_fit_wf/bold_reg_wf/bbreg_wf/compare_transforms".
250917-09:42:13,434 nipype.workflow INFO:
	 [Node] Setting-up "fmriprep_25_0_wf.sub_01_wf.bold_task_rsvp_run_4_wf.bold_fit_wf.bold_reg_wf.bbreg_wf.compare_transforms" in "/work/fmriprep_25_0_wf/sub_01_wf/bold_task_rsvp_run_4_wf/bold_fit_wf/bold_reg_wf/bbreg_wf/compare_transforms".
250917-09:42:13,436 nipype.workflow INFO:
	 [Node] Setting-up "fmriprep_25_0_wf.sub_01_wf.anat_fit_wf.template_buffer" in "/work/fmriprep_25_0_wf/sub_01_wf/anat_fit_wf/template_buffer".
250917-09:42:13,459 nipype.workflow INFO:
	 [Node] Executing "compare_transforms" <nipype.interfaces.utility.wrappers.Function>
250917-09:42:13,463 nipype.workflow INFO:
	 [Node] Executing "template_buffer" <nipype.interfaces.utility.base.Merge>
250917-09:42:13,463 nipype.workflow INFO:
	 [Node] Executing "compare_transforms" <nipype.interfaces.utility.wrappers.Function>
250917-09:42:13,463 nipype.workflow INFO:
	 [Node] Executing "compare_transforms" <nipype.interfaces.utility.wrappers.Function>
250917-09:42:13,463 nipype.workflow INFO:
	 [Node] Executing "compare_transforms" <nipype.interfaces.utility.wrappers.Function>
250917-09:42:13,464 nipype.workflow INFO:
	 [Node] Executing "compare_transforms" <nipype.interfaces.utility.wrappers.Function>
250917-09:42:13,464 nipype.workflow INFO:
	 [Node] Executing "compare_transforms" <nipype.interfaces.utility.wrappers.Function>
250917-09:42:13,464 nipype.workflow INFO:
	 [Node] Finished "template_buffer", elapsed time 0.000326s.
250917-09:42:13,475 nipype.workflow INFO:
	 [Node] Finished "compare_transforms", elapsed time 0.011228s.
250917-09:42:13,475 nipype.workflow INFO:
	 [Node] Finished "compare_transforms", elapsed time 0.010716s.
250917-09:42:13,479 nipype.workflow INFO:
	 [Node] Finished "compare_transforms", elapsed time 0.014517s.
250917-09:42:13,480 nipype.workflow INFO:
	 [Node] Finished "compare_transforms", elapsed time 0.015626s.
250917-09:42:13,481 nipype.workflow INFO:
	 [Node] Finished "compare_transforms", elapsed time 0.015664s.
250917-09:42:13,482 nipype.workflow INFO:
	 [Node] Finished "compare_transforms", elapsed time 0.021124s.
250917-09:42:20,771 nipype.workflow INFO:
	 [Node] Setting-up "fmriprep_25_0_wf.sub_01_wf.anat_fit_wf.anat2std_buffer" in "/work/fmriprep_25_0_wf/sub_01_wf/anat_fit_wf/anat2std_buffer".
250917-09:42:20,772 nipype.workflow INFO:
	 [Node] Setting-up "fmriprep_25_0_wf.sub_01_wf.anat_fit_wf.std2anat_buffer" in "/work/fmriprep_25_0_wf/sub_01_wf/anat_fit_wf/std2anat_buffer".
250917-09:42:20,802 nipype.workflow INFO:
	 [Node] Executing "anat2std_buffer" <nipype.interfaces.utility.base.Merge>
250917-09:42:20,803 nipype.workflow INFO:
	 [Node] Executing "std2anat_buffer" <nipype.interfaces.utility.base.Merge>
250917-09:42:20,804 nipype.workflow INFO:
	 [Node] Finished "anat2std_buffer", elapsed time 0.000563s.
250917-09:42:20,804 nipype.workflow INFO:
	 [Node] Finished "std2anat_buffer", elapsed time 0.000416s.
250917-09:42:24,827 nipype.workflow INFO:
	 [Node] Setting-up "fmriprep_25_0_wf.sub_01_wf.bold_task_rsvp_run_2_wf.bold_fit_wf.bold_reg_wf.bbreg_wf.concat_xfm" in "/work/fmriprep_25_0_wf/sub_01_wf/bold_task_rsvp_run_2_wf/bold_fit_wf/bold_reg_wf/bbreg_wf/concat_xfm".
250917-09:42:24,828 nipype.workflow INFO:
	 [Node] Setting-up "fmriprep_25_0_wf.sub_01_wf.bold_task_rsvp_run_1_wf.bold_fit_wf.bold_reg_wf.bbreg_wf.concat_xfm" in "/work/fmriprep_25_0_wf/sub_01_wf/bold_task_rsvp_run_1_wf/bold_fit_wf/bold_reg_wf/bbreg_wf/concat_xfm".
250917-09:42:24,829 nipype.workflow INFO:
	 [Node] Setting-up "fmriprep_25_0_wf.sub_01_wf.bold_task_rsvp_run_4_wf.bold_fit_wf.bold_reg_wf.bbreg_wf.concat_xfm" in "/work/fmriprep_25_0_wf/sub_01_wf/bold_task_rsvp_run_4_wf/bold_fit_wf/bold_reg_wf/bbreg_wf/concat_xfm".
250917-09:42:24,829 nipype.workflow INFO:
	 [Node] Setting-up "fmriprep_25_0_wf.sub_01_wf.bold_task_rsvp_run_3_wf.bold_fit_wf.bold_reg_wf.bbreg_wf.concat_xfm" in "/work/fmriprep_25_0_wf/sub_01_wf/bold_task_rsvp_run_3_wf/bold_fit_wf/bold_reg_wf/bbreg_wf/concat_xfm".
250917-09:42:24,830 nipype.workflow INFO:
	 [Node] Setting-up "fmriprep_25_0_wf.sub_01_wf.bold_task_rsvp_run_5_wf.bold_fit_wf.bold_reg_wf.bbreg_wf.concat_xfm" in "/work/fmriprep_25_0_wf/sub_01_wf/bold_task_rsvp_run_5_wf/bold_fit_wf/bold_reg_wf/bbreg_wf/concat_xfm".
250917-09:42:24,831 nipype.workflow INFO:
	 [Node] Setting-up "fmriprep_25_0_wf.sub_01_wf.bold_task_rsvp_run_6_wf.bold_fit_wf.bold_reg_wf.bbreg_wf.concat_xfm" in "/work/fmriprep_25_0_wf/sub_01_wf/bold_task_rsvp_run_6_wf/bold_fit_wf/bold_reg_wf/bbreg_wf/concat_xfm".
250917-09:42:24,856 nipype.workflow INFO:
	 [Node] Executing "concat_xfm" <niworkflows.interfaces.nitransforms.ConcatenateXFMs>
250917-09:42:24,859 nipype.workflow INFO:
	 [Node] Executing "concat_xfm" <niworkflows.interfaces.nitransforms.ConcatenateXFMs>
250917-09:42:24,859 nipype.workflow INFO:
	 [Node] Executing "concat_xfm" <niworkflows.interfaces.nitransforms.ConcatenateXFMs>
250917-09:42:24,860 nipype.workflow INFO:
	 [Node] Executing "concat_xfm" <niworkflows.interfaces.nitransforms.ConcatenateXFMs>
250917-09:42:24,860 nipype.workflow INFO:
	 [Node] Executing "concat_xfm" <niworkflows.interfaces.nitransforms.ConcatenateXFMs>
250917-09:42:24,860 nipype.workflow INFO:
	 [Node] Executing "concat_xfm" <niworkflows.interfaces.nitransforms.ConcatenateXFMs>
250917-09:42:24,870 nipype.workflow INFO:
	 [Node] Finished "concat_xfm", elapsed time 0.013412s.
250917-09:42:24,873 nipype.workflow INFO:
	 [Node] Finished "concat_xfm", elapsed time 0.012409s.
250917-09:42:24,873 nipype.workflow INFO:
	 [Node] Finished "concat_xfm", elapsed time 0.01313s.
250917-09:42:24,874 nipype.workflow INFO:
	 [Node] Finished "concat_xfm", elapsed time 0.012648s.
250917-09:42:24,874 nipype.workflow INFO:
	 [Node] Finished "concat_xfm", elapsed time 0.01383s.
250917-09:42:24,882 nipype.workflow INFO:
	 [Node] Finished "concat_xfm", elapsed time 0.020529s.
250917-09:42:28,720 nipype.workflow INFO:
	 [Node] Setting-up "fmriprep_25_0_wf.sub_01_wf.ds_std_volumes_wf.anat2std_mask" in "/work/fmriprep_25_0_wf/sub_01_wf/ds_std_volumes_wf/_in_tuple_MNI152NLin2009cAsym.res2/anat2std_mask".
250917-09:42:28,721 nipype.workflow INFO:
	 [Node] Setting-up "fmriprep_25_0_wf.sub_01_wf.ds_std_volumes_wf.anat2std_dseg" in "/work/fmriprep_25_0_wf/sub_01_wf/ds_std_volumes_wf/_in_tuple_MNI152NLin2009cAsym.res2/anat2std_dseg".
250917-09:42:28,749 nipype.workflow INFO:
	 [Node] Setting-up "fmriprep_25_0_wf.sub_01_wf.anat_fit_wf.anat_reports_wf.t1w_std" in "/work/fmriprep_25_0_wf/sub_01_wf/anat_fit_wf/anat_reports_wf/_in_tuple_MNI152NLin2009cAsym.res2/t1w_std".
250917-09:42:28,749 nipype.workflow INFO:
	 [Node] Setting-up "fmriprep_25_0_wf.sub_01_wf.ds_std_volumes_wf.anat2std_t1w" in "/work/fmriprep_25_0_wf/sub_01_wf/ds_std_volumes_wf/_in_tuple_MNI152NLin2009cAsym.res2/anat2std_t1w".
250917-09:42:28,750 nipype.workflow INFO:
	 [Node] Setting-up "fmriprep_25_0_wf.sub_01_wf.anat_fit_wf.anat_reports_wf.mask_std" in "/work/fmriprep_25_0_wf/sub_01_wf/anat_fit_wf/anat_reports_wf/_in_tuple_MNI152NLin2009cAsym.res2/mask_std".
250917-09:42:28,754 nipype.workflow INFO:
	 [Node] Executing "anat2std_mask" <niworkflows.interfaces.fixes.FixHeaderApplyTransforms>
250917-09:42:28,758 nipype.workflow INFO:
	 [Node] Executing "anat2std_dseg" <niworkflows.interfaces.fixes.FixHeaderApplyTransforms>
250917-09:42:28,788 nipype.workflow INFO:
	 [Node] Executing "anat2std_t1w" <niworkflows.interfaces.fixes.FixHeaderApplyTransforms>
250917-09:42:28,790 nipype.workflow INFO:
	 [Node] Executing "mask_std" <niworkflows.interfaces.fixes.FixHeaderApplyTransforms>
250917-09:42:28,791 nipype.workflow INFO:
	 [Node] Executing "t1w_std" <niworkflows.interfaces.fixes.FixHeaderApplyTransforms>
250917-09:42:28,988 nipype.workflow INFO:
	 [Node] Setting-up "fmriprep_25_0_wf.sub_01_wf.bold_task_rsvp_run_1_wf.bold_fit_wf.func_fit_reports_wf.t1w_boldref" in "/work/fmriprep_25_0_wf/sub_01_wf/bold_task_rsvp_run_1_wf/bold_fit_wf/func_fit_reports_wf/t1w_boldref".
250917-09:42:29,19 nipype.workflow INFO:
	 [Node] Executing "t1w_boldref" <niworkflows.interfaces.fixes.FixHeaderApplyTransforms>
250917-09:42:29,305 nipype.workflow INFO:
	 [Node] Setting-up "fmriprep_25_0_wf.sub_01_wf.bold_task_rsvp_run_1_wf.bold_confounds_wf.t1w_mask_tfm" in "/work/fmriprep_25_0_wf/sub_01_wf/bold_task_rsvp_run_1_wf/bold_confounds_wf/t1w_mask_tfm".
250917-09:42:29,306 nipype.workflow INFO:
	 [Node] Setting-up "fmriprep_25_0_wf.sub_01_wf.bold_task_rsvp_run_2_wf.bold_fit_wf.func_fit_reports_wf.t1w_boldref" in "/work/fmriprep_25_0_wf/sub_01_wf/bold_task_rsvp_run_2_wf/bold_fit_wf/func_fit_reports_wf/t1w_boldref".
250917-09:42:29,343 nipype.workflow INFO:
	 [Node] Executing "t1w_mask_tfm" <niworkflows.interfaces.fixes.FixHeaderApplyTransforms>
250917-09:42:29,344 nipype.workflow INFO:
	 [Node] Executing "t1w_boldref" <niworkflows.interfaces.fixes.FixHeaderApplyTransforms>
250917-09:42:29,601 nipype.workflow INFO:
	 [Node] Setting-up "fmriprep_25_0_wf.sub_01_wf.bold_task_rsvp_run_2_wf.bold_confounds_wf.t1w_mask_tfm" in "/work/fmriprep_25_0_wf/sub_01_wf/bold_task_rsvp_run_2_wf/bold_confounds_wf/t1w_mask_tfm".
250917-09:42:29,602 nipype.workflow INFO:
	 [Node] Setting-up "fmriprep_25_0_wf.sub_01_wf.bold_task_rsvp_run_3_wf.bold_fit_wf.func_fit_reports_wf.t1w_boldref" in "/work/fmriprep_25_0_wf/sub_01_wf/bold_task_rsvp_run_3_wf/bold_fit_wf/func_fit_reports_wf/t1w_boldref".
250917-09:42:29,638 nipype.workflow INFO:
	 [Node] Executing "t1w_boldref" <niworkflows.interfaces.fixes.FixHeaderApplyTransforms>
250917-09:42:29,639 nipype.workflow INFO:
	 [Node] Executing "t1w_mask_tfm" <niworkflows.interfaces.fixes.FixHeaderApplyTransforms>
250917-09:42:29,948 nipype.workflow INFO:
	 [Node] Setting-up "fmriprep_25_0_wf.sub_01_wf.bold_task_rsvp_run_3_wf.bold_confounds_wf.t1w_mask_tfm" in "/work/fmriprep_25_0_wf/sub_01_wf/bold_task_rsvp_run_3_wf/bold_confounds_wf/t1w_mask_tfm".
250917-09:42:29,949 nipype.workflow INFO:
	 [Node] Setting-up "fmriprep_25_0_wf.sub_01_wf.bold_task_rsvp_run_4_wf.bold_fit_wf.func_fit_reports_wf.t1w_boldref" in "/work/fmriprep_25_0_wf/sub_01_wf/bold_task_rsvp_run_4_wf/bold_fit_wf/func_fit_reports_wf/t1w_boldref".
250917-09:42:29,979 nipype.workflow INFO:
	 [Node] Executing "t1w_boldref" <niworkflows.interfaces.fixes.FixHeaderApplyTransforms>
250917-09:42:29,985 nipype.workflow INFO:
	 [Node] Executing "t1w_mask_tfm" <niworkflows.interfaces.fixes.FixHeaderApplyTransforms>
250917-09:42:30,246 nipype.workflow INFO:
	 [Node] Setting-up "fmriprep_25_0_wf.sub_01_wf.bold_task_rsvp_run_4_wf.bold_confounds_wf.t1w_mask_tfm" in "/work/fmriprep_25_0_wf/sub_01_wf/bold_task_rsvp_run_4_wf/bold_confounds_wf/t1w_mask_tfm".
250917-09:42:30,246 nipype.workflow INFO:
	 [Node] Setting-up "fmriprep_25_0_wf.sub_01_wf.bold_task_rsvp_run_5_wf.bold_fit_wf.func_fit_reports_wf.t1w_boldref" in "/work/fmriprep_25_0_wf/sub_01_wf/bold_task_rsvp_run_5_wf/bold_fit_wf/func_fit_reports_wf/t1w_boldref".
250917-09:42:30,274 nipype.workflow INFO:
	 [Node] Executing "t1w_mask_tfm" <niworkflows.interfaces.fixes.FixHeaderApplyTransforms>
250917-09:42:30,276 nipype.workflow INFO:
	 [Node] Executing "t1w_boldref" <niworkflows.interfaces.fixes.FixHeaderApplyTransforms>
250917-09:42:32,215 nipype.workflow INFO:
	 [Node] Finished "t1w_mask_tfm", elapsed time 2.575118s.
250917-09:42:32,256 nipype.workflow INFO:
	 [Node] Finished "t1w_mask_tfm", elapsed time 2.911874s.
250917-09:42:32,503 nipype.workflow INFO:
	 [Node] Finished "t1w_mask_tfm", elapsed time 2.5170500000000002s.
250917-09:42:32,543 nipype.workflow INFO:
	 [Node] Finished "t1w_boldref", elapsed time 3.523247s.
250917-09:42:32,710 nipype.workflow INFO:
	 [Node] Finished "t1w_boldref", elapsed time 3.365135s.
250917-09:42:33,302 nipype.workflow INFO:
	 [Node] Finished "t1w_boldref", elapsed time 3.321992s.
250917-09:42:33,376 nipype.workflow INFO:
	 [Node] Setting-up "fmriprep_25_0_wf.sub_01_wf.bold_task_rsvp_run_5_wf.bold_confounds_wf.t1w_mask_tfm" in "/work/fmriprep_25_0_wf/sub_01_wf/bold_task_rsvp_run_5_wf/bold_confounds_wf/t1w_mask_tfm".
250917-09:42:33,376 nipype.workflow INFO:
	 [Node] Setting-up "fmriprep_25_0_wf.sub_01_wf.bold_task_rsvp_run_6_wf.bold_fit_wf.func_fit_reports_wf.t1w_boldref" in "/work/fmriprep_25_0_wf/sub_01_wf/bold_task_rsvp_run_6_wf/bold_fit_wf/func_fit_reports_wf/t1w_boldref".
250917-09:42:33,417 nipype.workflow INFO:
	 [Node] Executing "t1w_mask_tfm" <niworkflows.interfaces.fixes.FixHeaderApplyTransforms>
250917-09:42:33,418 nipype.workflow INFO:
	 [Node] Executing "t1w_boldref" <niworkflows.interfaces.fixes.FixHeaderApplyTransforms>
250917-09:42:33,435 nipype.workflow INFO:
	 [Node] Finished "t1w_boldref", elapsed time 3.795917s.
250917-09:42:33,475 nipype.workflow INFO:
	 [Node] Finished "t1w_mask_tfm", elapsed time 3.199488s.
250917-09:42:33,684 nipype.workflow INFO:
	 [Node] Setting-up "fmriprep_25_0_wf.sub_01_wf.bold_task_rsvp_run_6_wf.bold_confounds_wf.t1w_mask_tfm" in "/work/fmriprep_25_0_wf/sub_01_wf/bold_task_rsvp_run_6_wf/bold_confounds_wf/t1w_mask_tfm".
250917-09:42:33,686 nipype.workflow INFO:
	 [Node] Setting-up "fmriprep_25_0_wf.sub_01_wf.bold_task_rsvp_run_1_wf.bold_fit_wf.func_fit_reports_wf.boldref_wm" in "/work/fmriprep_25_0_wf/sub_01_wf/bold_task_rsvp_run_1_wf/bold_fit_wf/func_fit_reports_wf/boldref_wm".
250917-09:42:33,686 nipype.workflow INFO:
	 [Node] Setting-up "fmriprep_25_0_wf.sub_01_wf.bold_task_rsvp_run_2_wf.bold_fit_wf.func_fit_reports_wf.boldref_wm" in "/work/fmriprep_25_0_wf/sub_01_wf/bold_task_rsvp_run_2_wf/bold_fit_wf/func_fit_reports_wf/boldref_wm".
250917-09:42:33,716 nipype.workflow INFO:
	 [Node] Executing "t1w_mask_tfm" <niworkflows.interfaces.fixes.FixHeaderApplyTransforms>
250917-09:42:33,718 nipype.workflow INFO:
	 [Node] Executing "boldref_wm" <niworkflows.interfaces.fixes.FixHeaderApplyTransforms>
250917-09:42:33,718 nipype.workflow INFO:
	 [Node] Executing "boldref_wm" <niworkflows.interfaces.fixes.FixHeaderApplyTransforms>
250917-09:42:34,277 nipype.workflow INFO:
	 [Node] Finished "t1w_boldref", elapsed time 3.999948s.
250917-09:42:34,445 nipype.workflow INFO:
	 [Node] Finished "boldref_wm", elapsed time 0.725935s.
250917-09:42:34,458 nipype.workflow INFO:
	 [Node] Finished "boldref_wm", elapsed time 0.739354s.
250917-09:42:35,5 nipype.workflow INFO:
	 [Node] Setting-up "fmriprep_25_0_wf.sub_01_wf.bold_task_rsvp_run_3_wf.bold_fit_wf.func_fit_reports_wf.boldref_wm" in "/work/fmriprep_25_0_wf/sub_01_wf/bold_task_rsvp_run_3_wf/bold_fit_wf/func_fit_reports_wf/boldref_wm".
250917-09:42:35,6 nipype.workflow INFO:
	 [Node] Setting-up "fmriprep_25_0_wf.sub_01_wf.bold_task_rsvp_run_4_wf.bold_fit_wf.func_fit_reports_wf.boldref_wm" in "/work/fmriprep_25_0_wf/sub_01_wf/bold_task_rsvp_run_4_wf/bold_fit_wf/func_fit_reports_wf/boldref_wm".
250917-09:42:35,7 nipype.workflow INFO:
	 [Node] Setting-up "fmriprep_25_0_wf.sub_01_wf.bold_task_rsvp_run_6_wf.bold_fit_wf.func_fit_reports_wf.boldref_wm" in "/work/fmriprep_25_0_wf/sub_01_wf/bold_task_rsvp_run_6_wf/bold_fit_wf/func_fit_reports_wf/boldref_wm".
250917-09:42:35,7 nipype.workflow INFO:
	 [Node] Setting-up "fmriprep_25_0_wf.sub_01_wf.bold_task_rsvp_run_5_wf.bold_fit_wf.func_fit_reports_wf.boldref_wm" in "/work/fmriprep_25_0_wf/sub_01_wf/bold_task_rsvp_run_5_wf/bold_fit_wf/func_fit_reports_wf/boldref_wm".
250917-09:42:35,34 nipype.workflow INFO:
	 [Node] Executing "boldref_wm" <niworkflows.interfaces.fixes.FixHeaderApplyTransforms>
250917-09:42:35,37 nipype.workflow INFO:
	 [Node] Executing "boldref_wm" <niworkflows.interfaces.fixes.FixHeaderApplyTransforms>
250917-09:42:35,40 nipype.workflow INFO:
	 [Node] Executing "boldref_wm" <niworkflows.interfaces.fixes.FixHeaderApplyTransforms>
250917-09:42:35,41 nipype.workflow INFO:
	 [Node] Executing "boldref_wm" <niworkflows.interfaces.fixes.FixHeaderApplyTransforms>
250917-09:42:35,869 nipype.workflow INFO:
	 [Node] Finished "boldref_wm", elapsed time 0.826755s.
250917-09:42:35,871 nipype.workflow INFO:
	 [Node] Finished "boldref_wm", elapsed time 0.829402s.
250917-09:42:35,874 nipype.workflow INFO:
	 [Node] Finished "anat2std_t1w", elapsed time 7.085024s.
250917-09:42:35,874 nipype.workflow INFO:
	 [Node] Finished "boldref_wm", elapsed time 0.83935s.
250917-09:42:35,882 nipype.workflow INFO:
	 [Node] Finished "t1w_mask_tfm", elapsed time 2.463538s.
250917-09:42:35,883 nipype.workflow INFO:
	 [Node] Finished "boldref_wm", elapsed time 0.845161s.
250917-09:42:36,334 nipype.workflow INFO:
	 [Node] Finished "t1w_mask_tfm", elapsed time 2.615718s.
250917-09:42:36,520 nipype.workflow INFO:
	 [Node] Finished "t1w_boldref", elapsed time 3.101182s.
250917-09:42:36,767 nipype.workflow INFO:
	 [Node] Setting-up "fmriprep_25_0_wf.sub_01_wf.bold_task_rsvp_run_1_wf.ds_bold_std_wf.sources" in "/work/fmriprep_25_0_wf/sub_01_wf/bold_task_rsvp_run_1_wf/ds_bold_std_wf/_in_tuple_MNI152NLin2009cAsym.res2/sources".
250917-09:42:36,768 nipype.workflow INFO:
	 [Node] Setting-up "fmriprep_25_0_wf.sub_01_wf.bold_task_rsvp_run_1_wf.ds_bold_std_wf.boldref2target" in "/work/fmriprep_25_0_wf/sub_01_wf/bold_task_rsvp_run_1_wf/ds_bold_std_wf/_in_tuple_MNI152NLin2009cAsym.res2/boldref2target".
250917-09:42:36,799 nipype.workflow INFO:
	 [Node] Finished "t1w_std", elapsed time 8.007228s.
250917-09:42:36,815 nipype.workflow INFO:
	 [Node] Executing "boldref2target" <nipype.interfaces.utility.base.Merge>
250917-09:42:36,817 nipype.workflow INFO:
	 [Node] Finished "boldref2target", elapsed time 0.000445s.
250917-09:42:36,829 nipype.workflow INFO:
	 [Node] Executing "sources" <fmriprep.interfaces.bids.BIDSURI>
250917-09:42:36,832 nipype.workflow INFO:
	 [Node] Finished "sources", elapsed time 0.001348s.
250917-09:42:37,48 nipype.workflow INFO:
	 [Node] Setting-up "fmriprep_25_0_wf.sub_01_wf.bold_task_rsvp_run_2_wf.ds_bold_std_wf.sources" in "/work/fmriprep_25_0_wf/sub_01_wf/bold_task_rsvp_run_2_wf/ds_bold_std_wf/_in_tuple_MNI152NLin2009cAsym.res2/sources".
250917-09:42:37,49 nipype.workflow INFO:
	 [Node] Setting-up "fmriprep_25_0_wf.sub_01_wf.bold_task_rsvp_run_2_wf.ds_bold_std_wf.boldref2target" in "/work/fmriprep_25_0_wf/sub_01_wf/bold_task_rsvp_run_2_wf/ds_bold_std_wf/_in_tuple_MNI152NLin2009cAsym.res2/boldref2target".
250917-09:42:37,50 nipype.workflow INFO:
	 [Node] Setting-up "fmriprep_25_0_wf.sub_01_wf.bold_task_rsvp_run_3_wf.ds_bold_std_wf.boldref2target" in "/work/fmriprep_25_0_wf/sub_01_wf/bold_task_rsvp_run_3_wf/ds_bold_std_wf/_in_tuple_MNI152NLin2009cAsym.res2/boldref2target".
250917-09:42:37,50 nipype.workflow INFO:
	 [Node] Setting-up "fmriprep_25_0_wf.sub_01_wf.bold_task_rsvp_run_3_wf.ds_bold_std_wf.sources" in "/work/fmriprep_25_0_wf/sub_01_wf/bold_task_rsvp_run_3_wf/ds_bold_std_wf/_in_tuple_MNI152NLin2009cAsym.res2/sources".
250917-09:42:37,54 nipype.workflow INFO:
	 [Node] Setting-up "fmriprep_25_0_wf.sub_01_wf.bold_task_rsvp_run_4_wf.ds_bold_std_wf.sources" in "/work/fmriprep_25_0_wf/sub_01_wf/bold_task_rsvp_run_4_wf/ds_bold_std_wf/_in_tuple_MNI152NLin2009cAsym.res2/sources".
250917-09:42:37,54 nipype.workflow INFO:
	 [Node] Setting-up "fmriprep_25_0_wf.sub_01_wf.bold_task_rsvp_run_4_wf.ds_bold_std_wf.boldref2target" in "/work/fmriprep_25_0_wf/sub_01_wf/bold_task_rsvp_run_4_wf/ds_bold_std_wf/_in_tuple_MNI152NLin2009cAsym.res2/boldref2target".
250917-09:42:37,55 nipype.workflow INFO:
	 [Node] Setting-up "fmriprep_25_0_wf.sub_01_wf.bold_task_rsvp_run_5_wf.ds_bold_std_wf.boldref2target" in "/work/fmriprep_25_0_wf/sub_01_wf/bold_task_rsvp_run_5_wf/ds_bold_std_wf/_in_tuple_MNI152NLin2009cAsym.res2/boldref2target".
250917-09:42:37,56 nipype.workflow INFO:
	 [Node] Setting-up "fmriprep_25_0_wf.sub_01_wf.bold_task_rsvp_run_5_wf.ds_bold_std_wf.sources" in "/work/fmriprep_25_0_wf/sub_01_wf/bold_task_rsvp_run_5_wf/ds_bold_std_wf/_in_tuple_MNI152NLin2009cAsym.res2/sources".
250917-09:42:37,85 nipype.workflow INFO:
	 [Node] Executing "boldref2target" <nipype.interfaces.utility.base.Merge>
250917-09:42:37,86 nipype.workflow INFO:
	 [Node] Finished "boldref2target", elapsed time 0.000524s.
250917-09:42:37,87 nipype.workflow INFO:
	 [Node] Executing "boldref2target" <nipype.interfaces.utility.base.Merge>
250917-09:42:37,89 nipype.workflow INFO:
	 [Node] Finished "boldref2target", elapsed time 0.000419s.
250917-09:42:37,96 nipype.workflow INFO:
	 [Node] Executing "sources" <fmriprep.interfaces.bids.BIDSURI>
250917-09:42:37,96 nipype.workflow INFO:
	 [Node] Executing "boldref2target" <nipype.interfaces.utility.base.Merge>
250917-09:42:37,97 nipype.workflow INFO:
	 [Node] Executing "boldref2target" <nipype.interfaces.utility.base.Merge>
250917-09:42:37,97 nipype.workflow INFO:
	 [Node] Executing "sources" <fmriprep.interfaces.bids.BIDSURI>
250917-09:42:37,98 nipype.workflow INFO:
	 [Node] Finished "boldref2target", elapsed time 0.000328s.
250917-09:42:37,98 nipype.workflow INFO:
	 [Node] Finished "sources", elapsed time 0.00168s.
250917-09:42:37,98 nipype.workflow INFO:
	 [Node] Finished "boldref2target", elapsed time 0.000428s.
250917-09:42:37,99 nipype.workflow INFO:
	 [Node] Executing "sources" <fmriprep.interfaces.bids.BIDSURI>
250917-09:42:37,100 nipype.workflow INFO:
	 [Node] Finished "sources", elapsed time 0.001667s.
250917-09:42:37,101 nipype.workflow INFO:
	 [Node] Finished "sources", elapsed time 0.001233s.
250917-09:42:37,101 nipype.workflow INFO:
	 [Node] Executing "sources" <fmriprep.interfaces.bids.BIDSURI>
250917-09:42:37,104 nipype.workflow INFO:
	 [Node] Finished "sources", elapsed time 0.001919s.
250917-09:42:38,169 nipype.workflow INFO:
	 [Node] Finished "mask_std", elapsed time 9.378066s.
250917-09:42:38,778 nipype.workflow INFO:
	 [Node] Finished "anat2std_mask", elapsed time 10.023131s.
250917-09:42:39,80 nipype.workflow INFO:
	 [Node] Setting-up "fmriprep_25_0_wf.sub_01_wf.bold_task_rsvp_run_6_wf.ds_bold_std_wf.sources" in "/work/fmriprep_25_0_wf/sub_01_wf/bold_task_rsvp_run_6_wf/ds_bold_std_wf/_in_tuple_MNI152NLin2009cAsym.res2/sources".
250917-09:42:39,80 nipype.workflow INFO:
	 [Node] Setting-up "fmriprep_25_0_wf.sub_01_wf.bold_task_rsvp_run_6_wf.ds_bold_std_wf.boldref2target" in "/work/fmriprep_25_0_wf/sub_01_wf/bold_task_rsvp_run_6_wf/ds_bold_std_wf/_in_tuple_MNI152NLin2009cAsym.res2/boldref2target".
250917-09:42:39,80 nipype.workflow INFO:
	 [Node] Setting-up "fmriprep_25_0_wf.sub_01_wf.bold_task_rsvp_run_1_wf.carpetplot_wf.mrg_xfms" in "/work/fmriprep_25_0_wf/sub_01_wf/bold_task_rsvp_run_1_wf/carpetplot_wf/mrg_xfms".
250917-09:42:39,81 nipype.workflow INFO:
	 [Node] Setting-up "fmriprep_25_0_wf.sub_01_wf.bold_task_rsvp_run_2_wf.carpetplot_wf.mrg_xfms" in "/work/fmriprep_25_0_wf/sub_01_wf/bold_task_rsvp_run_2_wf/carpetplot_wf/mrg_xfms".
250917-09:42:39,82 nipype.workflow INFO:
	 [Node] Setting-up "fmriprep_25_0_wf.sub_01_wf.bold_task_rsvp_run_3_wf.carpetplot_wf.mrg_xfms" in "/work/fmriprep_25_0_wf/sub_01_wf/bold_task_rsvp_run_3_wf/carpetplot_wf/mrg_xfms".
250917-09:42:39,83 nipype.workflow INFO:
	 [Node] Setting-up "fmriprep_25_0_wf.sub_01_wf.bold_task_rsvp_run_4_wf.carpetplot_wf.mrg_xfms" in "/work/fmriprep_25_0_wf/sub_01_wf/bold_task_rsvp_run_4_wf/carpetplot_wf/mrg_xfms".
250917-09:42:39,84 nipype.workflow INFO:
	 [Node] Setting-up "fmriprep_25_0_wf.sub_01_wf.bold_task_rsvp_run_5_wf.carpetplot_wf.mrg_xfms" in "/work/fmriprep_25_0_wf/sub_01_wf/bold_task_rsvp_run_5_wf/carpetplot_wf/mrg_xfms".
250917-09:42:39,86 nipype.workflow INFO:
	 [Node] Setting-up "fmriprep_25_0_wf.sub_01_wf.bold_task_rsvp_run_6_wf.carpetplot_wf.mrg_xfms" in "/work/fmriprep_25_0_wf/sub_01_wf/bold_task_rsvp_run_6_wf/carpetplot_wf/mrg_xfms".
250917-09:42:39,128 nipype.workflow INFO:
	 [Node] Executing "mrg_xfms" <nipype.interfaces.utility.base.Merge>
250917-09:42:39,128 nipype.workflow INFO:
	 [Node] Executing "mrg_xfms" <nipype.interfaces.utility.base.Merge>
250917-09:42:39,129 nipype.workflow INFO:
	 [Node] Executing "boldref2target" <nipype.interfaces.utility.base.Merge>
250917-09:42:39,130 nipype.workflow INFO:
	 [Node] Finished "mrg_xfms", elapsed time 0.000419s.
250917-09:42:39,130 nipype.workflow INFO:
	 [Node] Finished "mrg_xfms", elapsed time 0.000685s.
250917-09:42:39,131 nipype.workflow INFO:
	 [Node] Finished "boldref2target", elapsed time 0.000455s.
250917-09:42:39,132 nipype.workflow INFO:
	 [Node] Executing "mrg_xfms" <nipype.interfaces.utility.base.Merge>
250917-09:42:39,133 nipype.workflow INFO:
	 [Node] Executing "mrg_xfms" <nipype.interfaces.utility.base.Merge>
250917-09:42:39,135 nipype.workflow INFO:
	 [Node] Finished "mrg_xfms", elapsed time 0.000769s.
250917-09:42:39,135 nipype.workflow INFO:
	 [Node] Finished "mrg_xfms", elapsed time 0.000663s.
250917-09:42:39,135 nipype.workflow INFO:
	 [Node] Executing "mrg_xfms" <nipype.interfaces.utility.base.Merge>
250917-09:42:39,135 nipype.workflow INFO:
	 [Node] Executing "mrg_xfms" <nipype.interfaces.utility.base.Merge>
250917-09:42:39,138 nipype.workflow INFO:
	 [Node] Finished "mrg_xfms", elapsed time 0.000694s.
250917-09:42:39,138 nipype.workflow INFO:
	 [Node] Finished "mrg_xfms", elapsed time 0.000672s.
250917-09:42:39,139 nipype.workflow INFO:
	 [Node] Executing "sources" <fmriprep.interfaces.bids.BIDSURI>
250917-09:42:39,142 nipype.workflow INFO:
	 [Node] Finished "sources", elapsed time 0.001692s.
250917-09:42:39,588 nipype.workflow INFO:
	 [Node] Finished "anat2std_dseg", elapsed time 10.82903s.
250917-09:42:40,21 nipype.workflow INFO:
	 [Node] Setting-up "fmriprep_25_0_wf.sub_01_wf.bold_task_rsvp_run_1_wf.bold_confounds_wf.union_mask" in "/work/fmriprep_25_0_wf/sub_01_wf/bold_task_rsvp_run_1_wf/bold_confounds_wf/union_mask".
250917-09:42:40,47 nipype.workflow INFO:
	 [Node] Executing "union_mask" <nipype.interfaces.utility.wrappers.Function>
250917-09:42:40,72 nipype.workflow INFO:
	 [Node] Finished "union_mask", elapsed time 0.023682s.
250917-09:42:40,937 nipype.workflow INFO:
	 [Node] Setting-up "fmriprep_25_0_wf.sub_01_wf.bold_task_rsvp_run_2_wf.bold_confounds_wf.union_mask" in "/work/fmriprep_25_0_wf/sub_01_wf/bold_task_rsvp_run_2_wf/bold_confounds_wf/union_mask".
250917-09:42:40,967 nipype.workflow INFO:
	 [Node] Executing "union_mask" <nipype.interfaces.utility.wrappers.Function>
250917-09:42:40,991 nipype.workflow INFO:
	 [Node] Finished "union_mask", elapsed time 0.022927s.
250917-09:42:41,807 nipype.workflow INFO:
	 [Node] Setting-up "fmriprep_25_0_wf.sub_01_wf.bold_task_rsvp_run_3_wf.bold_confounds_wf.union_mask" in "/work/fmriprep_25_0_wf/sub_01_wf/bold_task_rsvp_run_3_wf/bold_confounds_wf/union_mask".
250917-09:42:41,832 nipype.workflow INFO:
	 [Node] Executing "union_mask" <nipype.interfaces.utility.wrappers.Function>
250917-09:42:41,865 nipype.workflow INFO:
	 [Node] Finished "union_mask", elapsed time 0.031261s.
250917-09:42:42,652 nipype.workflow INFO:
	 [Node] Setting-up "fmriprep_25_0_wf.sub_01_wf.bold_task_rsvp_run_4_wf.bold_confounds_wf.union_mask" in "/work/fmriprep_25_0_wf/sub_01_wf/bold_task_rsvp_run_4_wf/bold_confounds_wf/union_mask".
250917-09:42:42,684 nipype.workflow INFO:
	 [Node] Executing "union_mask" <nipype.interfaces.utility.wrappers.Function>
250917-09:42:42,710 nipype.workflow INFO:
	 [Node] Finished "union_mask", elapsed time 0.02505s.
250917-09:42:43,748 nipype.workflow INFO:
	 [Node] Setting-up "fmriprep_25_0_wf.sub_01_wf.bold_task_rsvp_run_5_wf.bold_confounds_wf.union_mask" in "/work/fmriprep_25_0_wf/sub_01_wf/bold_task_rsvp_run_5_wf/bold_confounds_wf/union_mask".
250917-09:42:43,779 nipype.workflow INFO:
	 [Node] Executing "union_mask" <nipype.interfaces.utility.wrappers.Function>
250917-09:42:43,805 nipype.workflow INFO:
	 [Node] Finished "union_mask", elapsed time 0.025406s.
250917-09:42:44,537 nipype.workflow INFO:
	 [Node] Setting-up "fmriprep_25_0_wf.sub_01_wf.bold_task_rsvp_run_6_wf.bold_confounds_wf.union_mask" in "/work/fmriprep_25_0_wf/sub_01_wf/bold_task_rsvp_run_6_wf/bold_confounds_wf/union_mask".
250917-09:42:44,538 nipype.workflow INFO:
	 [Node] Setting-up "fmriprep_25_0_wf.sub_01_wf.bold_task_rsvp_run_1_wf.bold_fit_wf.func_fit_reports_wf.sdc_report" in "/work/fmriprep_25_0_wf/sub_01_wf/bold_task_rsvp_run_1_wf/bold_fit_wf/func_fit_reports_wf/sdc_report".
250917-09:42:44,540 nipype.workflow INFO:
	 [Node] Setting-up "fmriprep_25_0_wf.sub_01_wf.bold_task_rsvp_run_2_wf.bold_fit_wf.func_fit_reports_wf.sdc_report" in "/work/fmriprep_25_0_wf/sub_01_wf/bold_task_rsvp_run_2_wf/bold_fit_wf/func_fit_reports_wf/sdc_report".
250917-09:42:44,541 nipype.workflow INFO:
	 [Node] Setting-up "fmriprep_25_0_wf.sub_01_wf.bold_task_rsvp_run_2_wf.bold_fit_wf.func_fit_reports_wf.epi_t1_report" in "/work/fmriprep_25_0_wf/sub_01_wf/bold_task_rsvp_run_2_wf/bold_fit_wf/func_fit_reports_wf/epi_t1_report".
250917-09:42:44,542 nipype.workflow INFO:
	 [Node] Setting-up "fmriprep_25_0_wf.sub_01_wf.bold_task_rsvp_run_3_wf.bold_fit_wf.func_fit_reports_wf.sdc_report" in "/work/fmriprep_25_0_wf/sub_01_wf/bold_task_rsvp_run_3_wf/bold_fit_wf/func_fit_reports_wf/sdc_report".
250917-09:42:44,544 nipype.workflow INFO:
	 [Node] Setting-up "fmriprep_25_0_wf.sub_01_wf.bold_task_rsvp_run_3_wf.bold_fit_wf.func_fit_reports_wf.epi_t1_report" in "/work/fmriprep_25_0_wf/sub_01_wf/bold_task_rsvp_run_3_wf/bold_fit_wf/func_fit_reports_wf/epi_t1_report".
250917-09:42:44,544 nipype.workflow INFO:
	 [Node] Setting-up "fmriprep_25_0_wf.sub_01_wf.bold_task_rsvp_run_4_wf.bold_fit_wf.func_fit_reports_wf.sdc_report" in "/work/fmriprep_25_0_wf/sub_01_wf/bold_task_rsvp_run_4_wf/bold_fit_wf/func_fit_reports_wf/sdc_report".
250917-09:42:44,546 nipype.workflow INFO:
	 [Node] Setting-up "fmriprep_25_0_wf.sub_01_wf.bold_task_rsvp_run_5_wf.bold_fit_wf.func_fit_reports_wf.sdc_report" in "/work/fmriprep_25_0_wf/sub_01_wf/bold_task_rsvp_run_5_wf/bold_fit_wf/func_fit_reports_wf/sdc_report".
250917-09:42:44,557 nipype.workflow INFO:
	 [Node] Setting-up "fmriprep_25_0_wf.sub_01_wf.bold_task_rsvp_run_1_wf.bold_fit_wf.func_fit_reports_wf.epi_t1_report" in "/work/fmriprep_25_0_wf/sub_01_wf/bold_task_rsvp_run_1_wf/bold_fit_wf/func_fit_reports_wf/epi_t1_report".
250917-09:42:44,560 nipype.workflow INFO:
	 [Node] Setting-up "fmriprep_25_0_wf.sub_01_wf.bold_task_rsvp_run_4_wf.bold_fit_wf.func_fit_reports_wf.epi_t1_report" in "/work/fmriprep_25_0_wf/sub_01_wf/bold_task_rsvp_run_4_wf/bold_fit_wf/func_fit_reports_wf/epi_t1_report".
250917-09:42:44,565 nipype.workflow INFO:
	 [Node] Setting-up "fmriprep_25_0_wf.sub_01_wf.bold_task_rsvp_run_5_wf.bold_fit_wf.func_fit_reports_wf.epi_t1_report" in "/work/fmriprep_25_0_wf/sub_01_wf/bold_task_rsvp_run_5_wf/bold_fit_wf/func_fit_reports_wf/epi_t1_report".
250917-09:42:44,566 nipype.workflow INFO:
	 [Node] Setting-up "fmriprep_25_0_wf.sub_01_wf.bold_task_rsvp_run_6_wf.bold_fit_wf.func_fit_reports_wf.sdc_report" in "/work/fmriprep_25_0_wf/sub_01_wf/bold_task_rsvp_run_6_wf/bold_fit_wf/func_fit_reports_wf/sdc_report".
250917-09:42:44,575 nipype.workflow INFO:
	 [Node] Executing "union_mask" <nipype.interfaces.utility.wrappers.Function>
250917-09:42:44,579 nipype.workflow INFO:
	 [Node] Executing "sdc_report" <nireports.interfaces.reporting.base.SimpleBeforeAfterRPT>
250917-09:42:44,580 nipype.interface INFO:
	 Report - setting before (/out/sub-01/func/sub-01_task-rsvp_run-1_desc-coreg_boldref.nii.gz) and after (/work/fmriprep_25_0_wf/sub_01_wf/bold_task_rsvp_run_1_wf/bold_fit_wf/hmc_boldref_wf/gen_avg/sub-01_task-rsvp_run-1_bold_average.nii.gz) images
250917-09:42:44,580 nipype.interface INFO:
	 Generating visual report
250917-09:42:44,581 nipype.workflow INFO:
	 [Node] Executing "epi_t1_report" <nireports.interfaces.reporting.base.SimpleBeforeAfterRPT>
250917-09:42:44,581 nipype.workflow INFO:
	 [Node] Executing "sdc_report" <nireports.interfaces.reporting.base.SimpleBeforeAfterRPT>
250917-09:42:44,582 nipype.workflow INFO:
	 [Node] Executing "sdc_report" <nireports.interfaces.reporting.base.SimpleBeforeAfterRPT>
250917-09:42:44,582 nipype.workflow INFO:
	 [Node] Executing "epi_t1_report" <nireports.interfaces.reporting.base.SimpleBeforeAfterRPT>
250917-09:42:44,582 nipype.interface INFO:
	 Report - setting before (/out/sub-01/func/sub-01_task-rsvp_run-2_desc-coreg_boldref.nii.gz) and after (/work/fmriprep_25_0_wf/sub_01_wf/bold_task_rsvp_run_2_wf/bold_fit_wf/hmc_boldref_wf/gen_avg/sub-01_task-rsvp_run-2_bold_average.nii.gz) images
250917-09:42:44,582 nipype.interface INFO:
	 Report - setting before (/out/sub-01/func/sub-01_task-rsvp_run-3_desc-coreg_boldref.nii.gz) and after (/work/fmriprep_25_0_wf/sub_01_wf/bold_task_rsvp_run_3_wf/bold_fit_wf/func_fit_reports_wf/t1w_boldref/sub-01_acq-mprage_desc-preproc_T1w_trans.nii.gz) images
250917-09:42:44,582 nipype.interface INFO:
	 Generating visual report
250917-09:42:44,582 nipype.workflow INFO:
	 [Node] Executing "sdc_report" <nireports.interfaces.reporting.base.SimpleBeforeAfterRPT>
250917-09:42:44,582 nipype.interface INFO:
	 Generating visual report
250917-09:42:44,583 nipype.interface INFO:
	 Report - setting before (/out/sub-01/func/sub-01_task-rsvp_run-3_desc-coreg_boldref.nii.gz) and after (/work/fmriprep_25_0_wf/sub_01_wf/bold_task_rsvp_run_3_wf/bold_fit_wf/hmc_boldref_wf/gen_avg/sub-01_task-rsvp_run-3_bold_average.nii.gz) images
250917-09:42:44,583 nipype.interface INFO:
	 Generating visual report
250917-09:42:44,583 nipype.interface INFO:
	 Report - setting before (/out/sub-01/func/sub-01_task-rsvp_run-2_desc-coreg_boldref.nii.gz) and after (/work/fmriprep_25_0_wf/sub_01_wf/bold_task_rsvp_run_2_wf/bold_fit_wf/func_fit_reports_wf/t1w_boldref/sub-01_acq-mprage_desc-preproc_T1w_trans.nii.gz) images
250917-09:42:44,583 nipype.interface INFO:
	 Generating visual report
250917-09:42:44,583 nipype.interface INFO:
	 Report - setting before (/out/sub-01/func/sub-01_task-rsvp_run-4_desc-coreg_boldref.nii.gz) and after (/work/fmriprep_25_0_wf/sub_01_wf/bold_task_rsvp_run_4_wf/bold_fit_wf/hmc_boldref_wf/gen_avg/sub-01_task-rsvp_run-4_bold_average.nii.gz) images
250917-09:42:44,583 nipype.interface INFO:
	 Generating visual report
250917-09:42:44,585 nipype.workflow INFO:
	 [Node] Executing "sdc_report" <nireports.interfaces.reporting.base.SimpleBeforeAfterRPT>
250917-09:42:44,586 nipype.interface INFO:
	 Report - setting before (/out/sub-01/func/sub-01_task-rsvp_run-5_desc-coreg_boldref.nii.gz) and after (/work/fmriprep_25_0_wf/sub_01_wf/bold_task_rsvp_run_5_wf/bold_fit_wf/hmc_boldref_wf/gen_avg/sub-01_task-rsvp_run-5_bold_average.nii.gz) images
250917-09:42:44,586 nipype.interface INFO:
	 Generating visual report
250917-09:42:44,590 nipype.workflow INFO:
	 [Node] Executing "epi_t1_report" <nireports.interfaces.reporting.base.SimpleBeforeAfterRPT>
250917-09:42:44,590 nipype.interface INFO:
	 Report - setting before (/out/sub-01/func/sub-01_task-rsvp_run-1_desc-coreg_boldref.nii.gz) and after (/work/fmriprep_25_0_wf/sub_01_wf/bold_task_rsvp_run_1_wf/bold_fit_wf/func_fit_reports_wf/t1w_boldref/sub-01_acq-mprage_desc-preproc_T1w_trans.nii.gz) images
250917-09:42:44,590 nipype.interface INFO:
	 Generating visual report
250917-09:42:44,594 nipype.workflow INFO:
	 [Node] Executing "epi_t1_report" <nireports.interfaces.reporting.base.SimpleBeforeAfterRPT>
250917-09:42:44,596 nipype.interface INFO:
	 Report - setting before (/out/sub-01/func/sub-01_task-rsvp_run-4_desc-coreg_boldref.nii.gz) and after (/work/fmriprep_25_0_wf/sub_01_wf/bold_task_rsvp_run_4_wf/bold_fit_wf/func_fit_reports_wf/t1w_boldref/sub-01_acq-mprage_desc-preproc_T1w_trans.nii.gz) images
250917-09:42:44,596 nipype.interface INFO:
	 Generating visual report
250917-09:42:44,596 nipype.workflow INFO:
	 [Node] Executing "epi_t1_report" <nireports.interfaces.reporting.base.SimpleBeforeAfterRPT>
250917-09:42:44,598 nipype.interface INFO:
	 Report - setting before (/out/sub-01/func/sub-01_task-rsvp_run-5_desc-coreg_boldref.nii.gz) and after (/work/fmriprep_25_0_wf/sub_01_wf/bold_task_rsvp_run_5_wf/bold_fit_wf/func_fit_reports_wf/t1w_boldref/sub-01_acq-mprage_desc-preproc_T1w_trans.nii.gz) images
250917-09:42:44,598 nipype.interface INFO:
	 Generating visual report
250917-09:42:44,602 nipype.workflow INFO:
	 [Node] Executing "sdc_report" <nireports.interfaces.reporting.base.SimpleBeforeAfterRPT>
250917-09:42:44,603 nipype.interface INFO:
	 Report - setting before (/out/sub-01/func/sub-01_task-rsvp_run-6_desc-coreg_boldref.nii.gz) and after (/work/fmriprep_25_0_wf/sub_01_wf/bold_task_rsvp_run_6_wf/bold_fit_wf/hmc_boldref_wf/gen_avg/sub-01_task-rsvp_run-6_bold_average.nii.gz) images
250917-09:42:44,603 nipype.interface INFO:
	 Generating visual report
250917-09:42:44,608 nipype.workflow INFO:
	 [Node] Finished "union_mask", elapsed time 0.032409s.
250917-09:42:44,927 nipype.workflow INFO:
	 [Node] Setting-up "fmriprep_25_0_wf.sub_01_wf.bold_task_rsvp_run_6_wf.bold_fit_wf.func_fit_reports_wf.epi_t1_report" in "/work/fmriprep_25_0_wf/sub_01_wf/bold_task_rsvp_run_6_wf/bold_fit_wf/func_fit_reports_wf/epi_t1_report".
250917-09:42:44,961 nipype.workflow INFO:
	 [Node] Executing "epi_t1_report" <nireports.interfaces.reporting.base.SimpleBeforeAfterRPT>
250917-09:42:44,962 nipype.interface INFO:
	 Report - setting before (/out/sub-01/func/sub-01_task-rsvp_run-6_desc-coreg_boldref.nii.gz) and after (/work/fmriprep_25_0_wf/sub_01_wf/bold_task_rsvp_run_6_wf/bold_fit_wf/func_fit_reports_wf/t1w_boldref/sub-01_acq-mprage_desc-preproc_T1w_trans.nii.gz) images
250917-09:42:44,962 nipype.interface INFO:
	 Generating visual report
250917-09:42:44,994 nipype.interface WARNING:
	 Changing /out/sub-01/anat/sub-01_acq-mprage_space-MNI152NLin2009cAsym_res-2_desc-brain_mask.nii.gz dtype from float64 to uint8
250917-09:42:45,457 nipype.interface WARNING:
	 Changing /out/sub-01/anat/sub-01_acq-mprage_space-MNI152NLin2009cAsym_res-2_dseg.nii.gz dtype from float64 to int16
250917-09:42:52,448 nipype.workflow INFO:
	 [Node] Setting-up "fmriprep_25_0_wf.sub_01_wf.bold_task_rsvp_run_1_wf.ds_bold_std_wf.resample_ref" in "/work/fmriprep_25_0_wf/sub_01_wf/bold_task_rsvp_run_1_wf/ds_bold_std_wf/_in_tuple_MNI152NLin2009cAsym.res2/resample_ref".
250917-09:42:52,450 nipype.workflow INFO:
	 [Node] Setting-up "fmriprep_25_0_wf.sub_01_wf.bold_task_rsvp_run_1_wf.ds_bold_std_wf.resample_mask" in "/work/fmriprep_25_0_wf/sub_01_wf/bold_task_rsvp_run_1_wf/ds_bold_std_wf/_in_tuple_MNI152NLin2009cAsym.res2/resample_mask".
250917-09:42:52,480 nipype.workflow INFO:
	 [Node] Executing "resample_ref" <niworkflows.interfaces.fixes.FixHeaderApplyTransforms>
250917-09:42:52,481 nipype.workflow INFO:
	 [Node] Executing "resample_mask" <niworkflows.interfaces.fixes.FixHeaderApplyTransforms>
250917-09:42:55,327 nipype.workflow INFO:
	 [Node] Finished "resample_ref", elapsed time 2.845983s.
250917-09:42:55,822 nipype.workflow INFO:
	 [Node] Finished "resample_mask", elapsed time 3.339439s.
250917-09:42:56,795 nipype.workflow INFO:
	 [Node] Setting-up "fmriprep_25_0_wf.sub_01_wf.bold_task_rsvp_run_2_wf.ds_bold_std_wf.resample_ref" in "/work/fmriprep_25_0_wf/sub_01_wf/bold_task_rsvp_run_2_wf/ds_bold_std_wf/_in_tuple_MNI152NLin2009cAsym.res2/resample_ref".
250917-09:42:56,796 nipype.workflow INFO:
	 [Node] Setting-up "fmriprep_25_0_wf.sub_01_wf.bold_task_rsvp_run_2_wf.ds_bold_std_wf.resample_mask" in "/work/fmriprep_25_0_wf/sub_01_wf/bold_task_rsvp_run_2_wf/ds_bold_std_wf/_in_tuple_MNI152NLin2009cAsym.res2/resample_mask".
250917-09:42:56,825 nipype.workflow INFO:
	 [Node] Executing "resample_ref" <niworkflows.interfaces.fixes.FixHeaderApplyTransforms>
250917-09:42:56,825 nipype.workflow INFO:
	 [Node] Executing "resample_mask" <niworkflows.interfaces.fixes.FixHeaderApplyTransforms>
250917-09:43:00,51 nipype.workflow INFO:
	 [Node] Finished "resample_ref", elapsed time 3.225716s.
250917-09:43:00,400 nipype.workflow INFO:
	 [Node] Finished "resample_mask", elapsed time 3.573588s.
250917-09:43:00,712 nipype.workflow INFO:
	 [Node] Setting-up "fmriprep_25_0_wf.sub_01_wf.bold_task_rsvp_run_3_wf.ds_bold_std_wf.resample_ref" in "/work/fmriprep_25_0_wf/sub_01_wf/bold_task_rsvp_run_3_wf/ds_bold_std_wf/_in_tuple_MNI152NLin2009cAsym.res2/resample_ref".
250917-09:43:00,714 nipype.workflow INFO:
	 [Node] Setting-up "fmriprep_25_0_wf.sub_01_wf.bold_task_rsvp_run_3_wf.ds_bold_std_wf.resample_mask" in "/work/fmriprep_25_0_wf/sub_01_wf/bold_task_rsvp_run_3_wf/ds_bold_std_wf/_in_tuple_MNI152NLin2009cAsym.res2/resample_mask".
250917-09:43:00,742 nipype.workflow INFO:
	 [Node] Executing "resample_mask" <niworkflows.interfaces.fixes.FixHeaderApplyTransforms>
250917-09:43:00,743 nipype.workflow INFO:
	 [Node] Executing "resample_ref" <niworkflows.interfaces.fixes.FixHeaderApplyTransforms>
250917-09:43:03,358 nipype.workflow INFO:
	 [Node] Finished "epi_t1_report", elapsed time 18.761951s.
250917-09:43:03,757 nipype.workflow INFO:
	 [Node] Finished "resample_ref", elapsed time 3.013033s.
250917-09:43:04,93 nipype.workflow INFO:
	 [Node] Finished "epi_t1_report", elapsed time 19.495528s.
250917-09:43:04,99 nipype.workflow INFO:
	 [Node] Finished "sdc_report", elapsed time 19.515981s.
250917-09:43:04,158 nipype.workflow INFO:
	 [Node] Finished "sdc_report", elapsed time 19.574848s.
250917-09:43:04,184 nipype.workflow INFO:
	 [Node] Finished "sdc_report", elapsed time 19.597835s.
250917-09:43:04,216 nipype.workflow INFO:
	 [Node] Finished "resample_mask", elapsed time 3.473303s.
250917-09:43:04,422 nipype.workflow INFO:
	 [Node] Finished "epi_t1_report", elapsed time 19.831457s.
250917-09:43:04,566 nipype.workflow INFO:
	 [Node] Finished "sdc_report", elapsed time 19.983771s.
250917-09:43:04,596 nipype.workflow INFO:
	 [Node] Finished "sdc_report", elapsed time 19.993225s.
250917-09:43:04,597 nipype.workflow INFO:
	 [Node] Finished "epi_t1_report", elapsed time 20.014161s.
250917-09:43:04,711 nipype.workflow INFO:
	 [Node] Setting-up "fmriprep_25_0_wf.sub_01_wf.bold_task_rsvp_run_4_wf.ds_bold_std_wf.resample_ref" in "/work/fmriprep_25_0_wf/sub_01_wf/bold_task_rsvp_run_4_wf/ds_bold_std_wf/_in_tuple_MNI152NLin2009cAsym.res2/resample_ref".
250917-09:43:04,712 nipype.workflow INFO:
	 [Node] Setting-up "fmriprep_25_0_wf.sub_01_wf.bold_task_rsvp_run_4_wf.ds_bold_std_wf.resample_mask" in "/work/fmriprep_25_0_wf/sub_01_wf/bold_task_rsvp_run_4_wf/ds_bold_std_wf/_in_tuple_MNI152NLin2009cAsym.res2/resample_mask".
250917-09:43:04,713 nipype.workflow INFO:
	 [Node] Setting-up "fmriprep_25_0_wf.sub_01_wf.bold_task_rsvp_run_5_wf.ds_bold_std_wf.resample_ref" in "/work/fmriprep_25_0_wf/sub_01_wf/bold_task_rsvp_run_5_wf/ds_bold_std_wf/_in_tuple_MNI152NLin2009cAsym.res2/resample_ref".
250917-09:43:04,714 nipype.workflow INFO:
	 [Node] Setting-up "fmriprep_25_0_wf.sub_01_wf.bold_task_rsvp_run_5_wf.ds_bold_std_wf.resample_mask" in "/work/fmriprep_25_0_wf/sub_01_wf/bold_task_rsvp_run_5_wf/ds_bold_std_wf/_in_tuple_MNI152NLin2009cAsym.res2/resample_mask".
250917-09:43:04,715 nipype.workflow INFO:
	 [Node] Setting-up "fmriprep_25_0_wf.sub_01_wf.bold_task_rsvp_run_6_wf.ds_bold_std_wf.resample_ref" in "/work/fmriprep_25_0_wf/sub_01_wf/bold_task_rsvp_run_6_wf/ds_bold_std_wf/_in_tuple_MNI152NLin2009cAsym.res2/resample_ref".
250917-09:43:04,716 nipype.workflow INFO:
	 [Node] Setting-up "fmriprep_25_0_wf.sub_01_wf.bold_task_rsvp_run_6_wf.ds_bold_std_wf.resample_mask" in "/work/fmriprep_25_0_wf/sub_01_wf/bold_task_rsvp_run_6_wf/ds_bold_std_wf/_in_tuple_MNI152NLin2009cAsym.res2/resample_mask".
250917-09:43:04,717 nipype.workflow INFO:
	 [Node] Setting-up "fmriprep_25_0_wf.sub_01_wf.anat_fit_wf.anat_reports_wf.norm_msk" in "/work/fmriprep_25_0_wf/sub_01_wf/anat_fit_wf/anat_reports_wf/_in_tuple_MNI152NLin2009cAsym.res2/norm_msk".
250917-09:43:04,718 nipype.workflow INFO:
	 [Node] Setting-up "fmriprep_25_0_wf.sub_01_wf.bold_task_rsvp_run_1_wf.carpetplot_wf.resample_parc" in "/work/fmriprep_25_0_wf/sub_01_wf/bold_task_rsvp_run_1_wf/carpetplot_wf/resample_parc".
250917-09:43:04,741 nipype.workflow INFO:
	 [Node] Executing "resample_mask" <niworkflows.interfaces.fixes.FixHeaderApplyTransforms>
250917-09:43:04,744 nipype.workflow INFO:
	 [Node] Executing "resample_ref" <niworkflows.interfaces.fixes.FixHeaderApplyTransforms>
250917-09:43:04,745 nipype.workflow INFO:
	 [Node] Executing "resample_mask" <niworkflows.interfaces.fixes.FixHeaderApplyTransforms>
250917-09:43:04,746 nipype.workflow INFO:
	 [Node] Executing "resample_mask" <niworkflows.interfaces.fixes.FixHeaderApplyTransforms>
250917-09:43:04,746 nipype.workflow INFO:
	 [Node] Executing "resample_parc" <niworkflows.interfaces.fixes.FixHeaderApplyTransforms>
250917-09:43:04,746 nipype.workflow INFO:
	 [Node] Executing "resample_ref" <niworkflows.interfaces.fixes.FixHeaderApplyTransforms>
250917-09:43:04,747 nipype.workflow INFO:
	 [Node] Executing "norm_msk" <nipype.interfaces.utility.wrappers.Function>
250917-09:43:04,747 nipype.workflow INFO:
	 [Node] Executing "resample_ref" <niworkflows.interfaces.fixes.FixHeaderApplyTransforms>
250917-09:43:04,838 nipype.workflow INFO:
	 [Node] Finished "epi_t1_report", elapsed time 19.87597s.
250917-09:43:04,966 nipype.workflow INFO:
	 [Node] Finished "sdc_report", elapsed time 20.386497s.
250917-09:43:05,11 nipype.workflow INFO:
	 [Node] Finished "epi_t1_report", elapsed time 20.428745s.
250917-09:43:05,208 nipype.workflow INFO:
	 [Node] Finished "norm_msk", elapsed time 0.460711s.
250917-09:43:06,709 nipype.workflow INFO:
	 [Node] Setting-up "fmriprep_25_0_wf.sub_01_wf.bold_task_rsvp_run_2_wf.carpetplot_wf.resample_parc" in "/work/fmriprep_25_0_wf/sub_01_wf/bold_task_rsvp_run_2_wf/carpetplot_wf/resample_parc".
250917-09:43:06,709 nipype.workflow INFO:
	 [Node] Setting-up "fmriprep_25_0_wf.sub_01_wf.bold_task_rsvp_run_3_wf.carpetplot_wf.resample_parc" in "/work/fmriprep_25_0_wf/sub_01_wf/bold_task_rsvp_run_3_wf/carpetplot_wf/resample_parc".
250917-09:43:06,710 nipype.workflow INFO:
	 [Node] Setting-up "fmriprep_25_0_wf.sub_01_wf.bold_task_rsvp_run_4_wf.carpetplot_wf.resample_parc" in "/work/fmriprep_25_0_wf/sub_01_wf/bold_task_rsvp_run_4_wf/carpetplot_wf/resample_parc".
250917-09:43:06,710 nipype.workflow INFO:
	 [Node] Setting-up "fmriprep_25_0_wf.sub_01_wf.bold_task_rsvp_run_5_wf.carpetplot_wf.resample_parc" in "/work/fmriprep_25_0_wf/sub_01_wf/bold_task_rsvp_run_5_wf/carpetplot_wf/resample_parc".
250917-09:43:06,712 nipype.workflow INFO:
	 [Node] Setting-up "fmriprep_25_0_wf.sub_01_wf.bold_task_rsvp_run_6_wf.carpetplot_wf.resample_parc" in "/work/fmriprep_25_0_wf/sub_01_wf/bold_task_rsvp_run_6_wf/carpetplot_wf/resample_parc".
250917-09:43:06,712 nipype.workflow INFO:
	 [Node] Setting-up "fmriprep_25_0_wf.sub_01_wf.bold_task_rsvp_run_1_wf.bold_anat_wf.fmap_recon" in "/work/fmriprep_25_0_wf/sub_01_wf/bold_task_rsvp_run_1_wf/bold_anat_wf/fmap_recon".
250917-09:43:06,714 nipype.workflow INFO:
	 [Node] Setting-up "fmriprep_25_0_wf.sub_01_wf.bold_task_rsvp_run_1_wf.bold_confounds_wf.dilated_mask" in "/work/fmriprep_25_0_wf/sub_01_wf/bold_task_rsvp_run_1_wf/bold_confounds_wf/dilated_mask".
250917-09:43:06,739 nipype.workflow INFO:
	 [Node] Executing "dilated_mask" <niworkflows.interfaces.morphology.BinaryDilation>
250917-09:43:06,740 nipype.workflow INFO:
	 [Node] Executing "resample_parc" <niworkflows.interfaces.fixes.FixHeaderApplyTransforms>
250917-09:43:06,738 nipype.workflow INFO:
	 [Node] Executing "resample_parc" <niworkflows.interfaces.fixes.FixHeaderApplyTransforms>
250917-09:43:06,740 nipype.workflow INFO:
	 [Node] Executing "resample_parc" <niworkflows.interfaces.fixes.FixHeaderApplyTransforms>
250917-09:43:06,741 nipype.workflow INFO:
	 [Node] Executing "resample_parc" <niworkflows.interfaces.fixes.FixHeaderApplyTransforms>
250917-09:43:06,742 nipype.workflow INFO:
	 [Node] Executing "fmap_recon" <fmriprep.interfaces.resampling.ReconstructFieldmap>
250917-09:43:06,743 nipype.workflow INFO:
	 [Node] Executing "resample_parc" <niworkflows.interfaces.fixes.FixHeaderApplyTransforms>
250917-09:43:06,769 nipype.workflow INFO:
	 [Node] Finished "dilated_mask", elapsed time 0.028676s.
250917-09:43:07,391 nipype.workflow INFO:
	 [Node] Finished "fmap_recon", elapsed time 0.648095s.
250917-09:43:07,412 nipype.workflow INFO:
	 [Node] Finished "resample_parc", elapsed time 2.665034s.
250917-09:43:07,501 nipype.workflow INFO:
	 [Node] Finished "resample_ref", elapsed time 2.753663s.
250917-09:43:07,590 nipype.workflow INFO:
	 [Node] Finished "resample_ref", elapsed time 2.844955s.
250917-09:43:07,842 nipype.workflow INFO:
	 [Node] Finished "resample_ref", elapsed time 3.095141s.
250917-09:43:08,139 nipype.workflow INFO:
	 [Node] Finished "resample_mask", elapsed time 3.396532s.
250917-09:43:08,159 nipype.workflow INFO:
	 [Node] Finished "resample_mask", elapsed time 3.412398s.
250917-09:43:08,168 nipype.workflow INFO:
	 [Node] Finished "resample_mask", elapsed time 3.421587s.
250917-09:43:08,742 nipype.workflow INFO:
	 [Node] Setting-up "fmriprep_25_0_wf.sub_01_wf.bold_task_rsvp_run_2_wf.bold_anat_wf.fmap_recon" in "/work/fmriprep_25_0_wf/sub_01_wf/bold_task_rsvp_run_2_wf/bold_anat_wf/fmap_recon".
250917-09:43:08,743 nipype.workflow INFO:
	 [Node] Setting-up "fmriprep_25_0_wf.sub_01_wf.bold_task_rsvp_run_3_wf.bold_anat_wf.fmap_recon" in "/work/fmriprep_25_0_wf/sub_01_wf/bold_task_rsvp_run_3_wf/bold_anat_wf/fmap_recon".
250917-09:43:08,744 nipype.workflow INFO:
	 [Node] Setting-up "fmriprep_25_0_wf.sub_01_wf.bold_task_rsvp_run_4_wf.bold_anat_wf.fmap_recon" in "/work/fmriprep_25_0_wf/sub_01_wf/bold_task_rsvp_run_4_wf/bold_anat_wf/fmap_recon".
250917-09:43:08,745 nipype.workflow INFO:
	 [Node] Setting-up "fmriprep_25_0_wf.sub_01_wf.bold_task_rsvp_run_2_wf.bold_confounds_wf.dilated_mask" in "/work/fmriprep_25_0_wf/sub_01_wf/bold_task_rsvp_run_2_wf/bold_confounds_wf/dilated_mask".
250917-09:43:08,746 nipype.workflow INFO:
	 [Node] Setting-up "fmriprep_25_0_wf.sub_01_wf.bold_task_rsvp_run_5_wf.bold_anat_wf.fmap_recon" in "/work/fmriprep_25_0_wf/sub_01_wf/bold_task_rsvp_run_5_wf/bold_anat_wf/fmap_recon".
250917-09:43:08,746 nipype.workflow INFO:
	 [Node] Setting-up "fmriprep_25_0_wf.sub_01_wf.bold_task_rsvp_run_4_wf.bold_confounds_wf.dilated_mask" in "/work/fmriprep_25_0_wf/sub_01_wf/bold_task_rsvp_run_4_wf/bold_confounds_wf/dilated_mask".
250917-09:43:08,747 nipype.workflow INFO:
	 [Node] Setting-up "fmriprep_25_0_wf.sub_01_wf.bold_task_rsvp_run_6_wf.bold_anat_wf.fmap_recon" in "/work/fmriprep_25_0_wf/sub_01_wf/bold_task_rsvp_run_6_wf/bold_anat_wf/fmap_recon".
250917-09:43:08,747 nipype.workflow INFO:
	 [Node] Setting-up "fmriprep_25_0_wf.sub_01_wf.bold_task_rsvp_run_3_wf.bold_confounds_wf.dilated_mask" in "/work/fmriprep_25_0_wf/sub_01_wf/bold_task_rsvp_run_3_wf/bold_confounds_wf/dilated_mask".
250917-09:43:08,749 nipype.workflow INFO:
	 [Node] Setting-up "fmriprep_25_0_wf.sub_01_wf.bold_task_rsvp_run_5_wf.bold_confounds_wf.dilated_mask" in "/work/fmriprep_25_0_wf/sub_01_wf/bold_task_rsvp_run_5_wf/bold_confounds_wf/dilated_mask".
250917-09:43:08,781 nipype.workflow INFO:
	 [Node] Executing "fmap_recon" <fmriprep.interfaces.resampling.ReconstructFieldmap>
250917-09:43:08,781 nipype.workflow INFO:
	 [Node] Executing "dilated_mask" <niworkflows.interfaces.morphology.BinaryDilation>
250917-09:43:08,784 nipype.workflow INFO:
	 [Node] Executing "dilated_mask" <niworkflows.interfaces.morphology.BinaryDilation>
250917-09:43:08,784 nipype.workflow INFO:
	 [Node] Executing "fmap_recon" <fmriprep.interfaces.resampling.ReconstructFieldmap>
250917-09:43:08,784 nipype.workflow INFO:
	 [Node] Executing "fmap_recon" <fmriprep.interfaces.resampling.ReconstructFieldmap>
250917-09:43:08,784 nipype.workflow INFO:
	 [Node] Executing "fmap_recon" <fmriprep.interfaces.resampling.ReconstructFieldmap>
250917-09:43:08,785 nipype.workflow INFO:
	 [Node] Executing "dilated_mask" <niworkflows.interfaces.morphology.BinaryDilation>
250917-09:43:08,785 nipype.workflow INFO:
	 [Node] Executing "dilated_mask" <niworkflows.interfaces.morphology.BinaryDilation>
250917-09:43:08,785 nipype.workflow INFO:
	 [Node] Executing "fmap_recon" <fmriprep.interfaces.resampling.ReconstructFieldmap>
250917-09:43:08,808 nipype.workflow INFO:
	 [Node] Finished "dilated_mask", elapsed time 0.022475s.
250917-09:43:08,809 nipype.workflow INFO:
	 [Node] Finished "dilated_mask", elapsed time 0.023259s.
250917-09:43:08,809 nipype.workflow INFO:
	 [Node] Finished "dilated_mask", elapsed time 0.027186s.
250917-09:43:08,818 nipype.workflow INFO:
	 [Node] Finished "dilated_mask", elapsed time 0.033648s.
250917-09:43:09,387 nipype.workflow INFO:
	 [Node] Finished "resample_parc", elapsed time 2.646759s.
250917-09:43:09,387 nipype.workflow INFO:
	 [Node] Finished "resample_parc", elapsed time 2.643077s.
250917-09:43:09,422 nipype.workflow INFO:
	 [Node] Finished "fmap_recon", elapsed time 0.636532s.
250917-09:43:09,422 nipype.workflow INFO:
	 [Node] Finished "fmap_recon", elapsed time 0.636655s.
250917-09:43:09,448 nipype.workflow INFO:
	 [Node] Finished "fmap_recon", elapsed time 0.661486s.
250917-09:43:09,460 nipype.workflow INFO:
	 [Node] Finished "resample_parc", elapsed time 2.719159s.
250917-09:43:09,460 nipype.workflow INFO:
	 [Node] Finished "fmap_recon", elapsed time 0.678681s.
250917-09:43:09,461 nipype.workflow INFO:
	 [Node] Finished "resample_parc", elapsed time 2.7195080000000003s.
250917-09:43:09,492 nipype.workflow INFO:
	 [Node] Finished "fmap_recon", elapsed time 0.706505s.
250917-09:43:09,533 nipype.workflow INFO:
	 [Node] Finished "resample_parc", elapsed time 2.792507s.
250917-09:43:10,703 nipype.workflow INFO:
	 [Node] Setting-up "fmriprep_25_0_wf.sub_01_wf.bold_task_rsvp_run_6_wf.bold_confounds_wf.dilated_mask" in "/work/fmriprep_25_0_wf/sub_01_wf/bold_task_rsvp_run_6_wf/bold_confounds_wf/dilated_mask".
250917-09:43:10,706 nipype.workflow INFO:
	 [Node] Setting-up "fmriprep_25_0_wf.sub_01_wf.bold_task_rsvp_run_1_wf.bold_fit_wf.func_fit_reports_wf.ds_sdc_report" in "/work/fmriprep_25_0_wf/sub_01_wf/bold_task_rsvp_run_1_wf/bold_fit_wf/func_fit_reports_wf/ds_sdc_report".
250917-09:43:10,707 nipype.workflow INFO:
	 [Node] Setting-up "fmriprep_25_0_wf.sub_01_wf.bold_task_rsvp_run_1_wf.bold_fit_wf.func_fit_reports_wf.ds_epi_t1_report" in "/work/fmriprep_25_0_wf/sub_01_wf/bold_task_rsvp_run_1_wf/bold_fit_wf/func_fit_reports_wf/ds_epi_t1_report".
250917-09:43:10,712 nipype.workflow INFO:
	 [Node] Setting-up "fmriprep_25_0_wf.sub_01_wf.bold_task_rsvp_run_2_wf.bold_fit_wf.func_fit_reports_wf.ds_sdc_report" in "/work/fmriprep_25_0_wf/sub_01_wf/bold_task_rsvp_run_2_wf/bold_fit_wf/func_fit_reports_wf/ds_sdc_report".
250917-09:43:10,715 nipype.workflow INFO:
	 [Node] Setting-up "fmriprep_25_0_wf.sub_01_wf.bold_task_rsvp_run_3_wf.bold_fit_wf.func_fit_reports_wf.ds_sdc_report" in "/work/fmriprep_25_0_wf/sub_01_wf/bold_task_rsvp_run_3_wf/bold_fit_wf/func_fit_reports_wf/ds_sdc_report".
250917-09:43:10,717 nipype.workflow INFO:
	 [Node] Setting-up "fmriprep_25_0_wf.sub_01_wf.bold_task_rsvp_run_2_wf.bold_fit_wf.func_fit_reports_wf.ds_epi_t1_report" in "/work/fmriprep_25_0_wf/sub_01_wf/bold_task_rsvp_run_2_wf/bold_fit_wf/func_fit_reports_wf/ds_epi_t1_report".
250917-09:43:10,718 nipype.workflow INFO:
	 [Node] Setting-up "fmriprep_25_0_wf.sub_01_wf.bold_task_rsvp_run_4_wf.bold_fit_wf.func_fit_reports_wf.ds_sdc_report" in "/work/fmriprep_25_0_wf/sub_01_wf/bold_task_rsvp_run_4_wf/bold_fit_wf/func_fit_reports_wf/ds_sdc_report".
250917-09:43:10,719 nipype.workflow INFO:
	 [Node] Setting-up "fmriprep_25_0_wf.sub_01_wf.bold_task_rsvp_run_3_wf.bold_fit_wf.func_fit_reports_wf.ds_epi_t1_report" in "/work/fmriprep_25_0_wf/sub_01_wf/bold_task_rsvp_run_3_wf/bold_fit_wf/func_fit_reports_wf/ds_epi_t1_report".
250917-09:43:10,721 nipype.workflow INFO:
	 [Node] Setting-up "fmriprep_25_0_wf.sub_01_wf.bold_task_rsvp_run_4_wf.bold_fit_wf.func_fit_reports_wf.ds_epi_t1_report" in "/work/fmriprep_25_0_wf/sub_01_wf/bold_task_rsvp_run_4_wf/bold_fit_wf/func_fit_reports_wf/ds_epi_t1_report".
250917-09:43:10,724 nipype.workflow INFO:
	 [Node] Setting-up "fmriprep_25_0_wf.sub_01_wf.bold_task_rsvp_run_5_wf.bold_fit_wf.func_fit_reports_wf.ds_sdc_report" in "/work/fmriprep_25_0_wf/sub_01_wf/bold_task_rsvp_run_5_wf/bold_fit_wf/func_fit_reports_wf/ds_sdc_report".
250917-09:43:10,724 nipype.workflow INFO:
	 [Node] Setting-up "fmriprep_25_0_wf.sub_01_wf.bold_task_rsvp_run_5_wf.bold_fit_wf.func_fit_reports_wf.ds_epi_t1_report" in "/work/fmriprep_25_0_wf/sub_01_wf/bold_task_rsvp_run_5_wf/bold_fit_wf/func_fit_reports_wf/ds_epi_t1_report".
250917-09:43:10,726 nipype.workflow INFO:
	 [Node] Setting-up "fmriprep_25_0_wf.sub_01_wf.bold_task_rsvp_run_6_wf.bold_fit_wf.func_fit_reports_wf.ds_sdc_report" in "/work/fmriprep_25_0_wf/sub_01_wf/bold_task_rsvp_run_6_wf/bold_fit_wf/func_fit_reports_wf/ds_sdc_report".
250917-09:43:10,727 nipype.workflow INFO:
	 [Node] Setting-up "fmriprep_25_0_wf.sub_01_wf.bold_task_rsvp_run_6_wf.bold_fit_wf.func_fit_reports_wf.ds_epi_t1_report" in "/work/fmriprep_25_0_wf/sub_01_wf/bold_task_rsvp_run_6_wf/bold_fit_wf/func_fit_reports_wf/ds_epi_t1_report".
250917-09:43:10,727 nipype.workflow INFO:
	 [Node] Setting-up "fmriprep_25_0_wf.sub_01_wf.bold_task_rsvp_run_1_wf.bold_std_wf.fmap_recon" in "/work/fmriprep_25_0_wf/sub_01_wf/bold_task_rsvp_run_1_wf/bold_std_wf/_in_tuple_MNI152NLin2009cAsym.res2/fmap_recon".
250917-09:43:10,729 nipype.workflow INFO:
	 [Node] Executing "dilated_mask" <niworkflows.interfaces.morphology.BinaryDilation>
250917-09:43:10,735 nipype.workflow INFO:
	 [Node] Executing "ds_epi_t1_report" <fmriprep.interfaces.DerivativesDataSink>
250917-09:43:10,736 nipype.workflow INFO:
	 [Node] Executing "ds_sdc_report" <fmriprep.interfaces.DerivativesDataSink>
250917-09:43:10,746 nipype.workflow INFO:
	 [Node] Executing "ds_sdc_report" <fmriprep.interfaces.DerivativesDataSink>
250917-09:43:10,747 nipype.workflow INFO:
	 [Node] Executing "ds_sdc_report" <fmriprep.interfaces.DerivativesDataSink>
250917-09:43:10,749 nipype.workflow INFO:
	 [Node] Executing "ds_epi_t1_report" <fmriprep.interfaces.DerivativesDataSink>
250917-09:43:10,754 nipype.workflow INFO:
	 [Node] Executing "ds_epi_t1_report" <fmriprep.interfaces.DerivativesDataSink>
250917-09:43:10,754 nipype.workflow INFO:
	 [Node] Executing "ds_epi_t1_report" <fmriprep.interfaces.DerivativesDataSink>
250917-09:43:10,758 nipype.workflow INFO:
	 [Node] Executing "ds_sdc_report" <fmriprep.interfaces.DerivativesDataSink>
250917-09:43:10,758 nipype.workflow INFO:
	 [Node] Finished "dilated_mask", elapsed time 0.02823s.
250917-09:43:10,760 nipype.workflow INFO:
	 [Node] Executing "ds_sdc_report" <fmriprep.interfaces.DerivativesDataSink>
250917-09:43:10,764 nipype.workflow INFO:
	 [Node] Executing "ds_sdc_report" <fmriprep.interfaces.DerivativesDataSink>
250917-09:43:10,764 nipype.workflow INFO:
	 [Node] Executing "ds_epi_t1_report" <fmriprep.interfaces.DerivativesDataSink>
250917-09:43:10,768 nipype.workflow INFO:
	 [Node] Executing "fmap_recon" <fmriprep.interfaces.resampling.ReconstructFieldmap>
250917-09:43:10,772 nipype.workflow INFO:
	 [Node] Executing "ds_epi_t1_report" <fmriprep.interfaces.DerivativesDataSink>
250917-09:43:10,785 nipype.workflow INFO:
	 [Node] Finished "ds_sdc_report", elapsed time 0.046587s.
250917-09:43:10,792 nipype.workflow INFO:
	 [Node] Finished "ds_sdc_report", elapsed time 0.044487s.
250917-09:43:10,794 nipype.workflow INFO:
	 [Node] Finished "ds_epi_t1_report", elapsed time 0.056252s.
250917-09:43:10,833 nipype.workflow INFO:
	 [Node] Finished "ds_epi_t1_report", elapsed time 0.077513s.
250917-09:43:10,835 nipype.workflow INFO:
	 [Node] Finished "ds_sdc_report", elapsed time 0.087097s.
250917-09:43:10,844 nipype.workflow INFO:
	 [Node] Finished "ds_epi_t1_report", elapsed time 0.087767s.
250917-09:43:10,849 nipype.workflow INFO:
	 [Node] Finished "ds_epi_t1_report", elapsed time 0.099695s.
250917-09:43:10,858 nipype.workflow INFO:
	 [Node] Finished "ds_sdc_report", elapsed time 0.098648s.
250917-09:43:10,858 nipype.workflow INFO:
	 [Node] Finished "ds_epi_t1_report", elapsed time 0.092601s.
250917-09:43:10,863 nipype.workflow INFO:
	 [Node] Finished "ds_sdc_report", elapsed time 0.100495s.
250917-09:43:10,866 nipype.workflow INFO:
	 [Node] Finished "ds_sdc_report", elapsed time 0.100603s.
250917-09:43:10,870 nipype.workflow INFO:
	 [Node] Finished "ds_epi_t1_report", elapsed time 0.096012s.
250917-09:43:12,730 nipype.workflow INFO:
	 [Node] Setting-up "fmriprep_25_0_wf.sub_01_wf.bold_task_rsvp_run_2_wf.bold_std_wf.fmap_recon" in "/work/fmriprep_25_0_wf/sub_01_wf/bold_task_rsvp_run_2_wf/bold_std_wf/_in_tuple_MNI152NLin2009cAsym.res2/fmap_recon".
250917-09:43:12,731 nipype.workflow INFO:
	 [Node] Setting-up "fmriprep_25_0_wf.sub_01_wf.bold_task_rsvp_run_3_wf.bold_std_wf.fmap_recon" in "/work/fmriprep_25_0_wf/sub_01_wf/bold_task_rsvp_run_3_wf/bold_std_wf/_in_tuple_MNI152NLin2009cAsym.res2/fmap_recon".
250917-09:43:12,732 nipype.workflow INFO:
	 [Node] Setting-up "fmriprep_25_0_wf.sub_01_wf.bold_task_rsvp_run_4_wf.bold_std_wf.fmap_recon" in "/work/fmriprep_25_0_wf/sub_01_wf/bold_task_rsvp_run_4_wf/bold_std_wf/_in_tuple_MNI152NLin2009cAsym.res2/fmap_recon".
250917-09:43:12,733 nipype.workflow INFO:
	 [Node] Setting-up "fmriprep_25_0_wf.sub_01_wf.bold_task_rsvp_run_6_wf.bold_std_wf.fmap_recon" in "/work/fmriprep_25_0_wf/sub_01_wf/bold_task_rsvp_run_6_wf/bold_std_wf/_in_tuple_MNI152NLin2009cAsym.res2/fmap_recon".
250917-09:43:12,733 nipype.workflow INFO:
	 [Node] Setting-up "fmriprep_25_0_wf.sub_01_wf.bold_task_rsvp_run_5_wf.bold_std_wf.fmap_recon" in "/work/fmriprep_25_0_wf/sub_01_wf/bold_task_rsvp_run_5_wf/bold_std_wf/_in_tuple_MNI152NLin2009cAsym.res2/fmap_recon".
250917-09:43:12,763 nipype.workflow INFO:
	 [Node] Executing "fmap_recon" <fmriprep.interfaces.resampling.ReconstructFieldmap>
250917-09:43:12,763 nipype.workflow INFO:
	 [Node] Executing "fmap_recon" <fmriprep.interfaces.resampling.ReconstructFieldmap>
250917-09:43:12,764 nipype.workflow INFO:
	 [Node] Executing "fmap_recon" <fmriprep.interfaces.resampling.ReconstructFieldmap>
250917-09:43:12,764 nipype.workflow INFO:
	 [Node] Executing "fmap_recon" <fmriprep.interfaces.resampling.ReconstructFieldmap>
250917-09:43:12,765 nipype.workflow INFO:
	 [Node] Executing "fmap_recon" <fmriprep.interfaces.resampling.ReconstructFieldmap>
250917-09:43:13,364 nipype.interface WARNING:
	 Changing /out/sub-01/func/sub-01_task-rsvp_run-1_space-MNI152NLin2009cAsym_res-2_desc-brain_mask.nii.gz dtype from float64 to uint8
250917-09:43:14,405 nipype.interface WARNING:
	 Changing /out/sub-01/func/sub-01_task-rsvp_run-2_space-MNI152NLin2009cAsym_res-2_desc-brain_mask.nii.gz dtype from float64 to uint8
250917-09:43:15,282 nipype.interface WARNING:
	 Changing /out/sub-01/func/sub-01_task-rsvp_run-3_space-MNI152NLin2009cAsym_res-2_desc-brain_mask.nii.gz dtype from float64 to uint8
250917-09:43:16,146 nipype.interface WARNING:
	 Changing /out/sub-01/func/sub-01_task-rsvp_run-4_space-MNI152NLin2009cAsym_res-2_desc-brain_mask.nii.gz dtype from float64 to uint8
250917-09:43:16,559 nipype.workflow INFO:
	 [Node] Finished "fmap_recon", elapsed time 5.790064s.
250917-09:43:17,89 nipype.interface WARNING:
	 Changing /out/sub-01/func/sub-01_task-rsvp_run-5_space-MNI152NLin2009cAsym_res-2_desc-brain_mask.nii.gz dtype from float64 to uint8
250917-09:43:17,814 nipype.workflow INFO:
	 [Node] Finished "fmap_recon", elapsed time 5.048727s.
250917-09:43:17,834 nipype.workflow INFO:
	 [Node] Finished "fmap_recon", elapsed time 5.070569s.
250917-09:43:17,863 nipype.workflow INFO:
	 [Node] Finished "fmap_recon", elapsed time 5.098663s.
250917-09:43:17,874 nipype.workflow INFO:
	 [Node] Finished "fmap_recon", elapsed time 5.108684s.
250917-09:43:18,19 nipype.interface WARNING:
	 Changing /out/sub-01/func/sub-01_task-rsvp_run-6_space-MNI152NLin2009cAsym_res-2_desc-brain_mask.nii.gz dtype from float64 to uint8
250917-09:43:18,345 nipype.workflow INFO:
	 [Node] Setting-up "fmriprep_25_0_wf.sub_01_wf.anat_fit_wf.anat_reports_wf.norm_rpt" in "/work/fmriprep_25_0_wf/sub_01_wf/anat_fit_wf/anat_reports_wf/_in_tuple_MNI152NLin2009cAsym.res2/norm_rpt".
250917-09:43:18,348 nipype.workflow INFO:
	 [Node] Setting-up "fmriprep_25_0_wf.sub_01_wf.bold_task_rsvp_run_1_wf.bold_confounds_wf.subtract_mask" in "/work/fmriprep_25_0_wf/sub_01_wf/bold_task_rsvp_run_1_wf/bold_confounds_wf/subtract_mask".
250917-09:43:18,350 nipype.workflow INFO:
	 [Node] Setting-up "fmriprep_25_0_wf.sub_01_wf.bold_task_rsvp_run_2_wf.bold_confounds_wf.subtract_mask" in "/work/fmriprep_25_0_wf/sub_01_wf/bold_task_rsvp_run_2_wf/bold_confounds_wf/subtract_mask".
250917-09:43:18,351 nipype.workflow INFO:
	 [Node] Setting-up "fmriprep_25_0_wf.sub_01_wf.bold_task_rsvp_run_3_wf.bold_confounds_wf.subtract_mask" in "/work/fmriprep_25_0_wf/sub_01_wf/bold_task_rsvp_run_3_wf/bold_confounds_wf/subtract_mask".
250917-09:43:18,352 nipype.workflow INFO:
	 [Node] Setting-up "fmriprep_25_0_wf.sub_01_wf.bold_task_rsvp_run_6_wf.bold_confounds_wf.subtract_mask" in "/work/fmriprep_25_0_wf/sub_01_wf/bold_task_rsvp_run_6_wf/bold_confounds_wf/subtract_mask".
250917-09:43:18,352 nipype.workflow INFO:
	 [Node] Setting-up "fmriprep_25_0_wf.sub_01_wf.bold_task_rsvp_run_4_wf.bold_confounds_wf.subtract_mask" in "/work/fmriprep_25_0_wf/sub_01_wf/bold_task_rsvp_run_4_wf/bold_confounds_wf/subtract_mask".
250917-09:43:18,354 nipype.workflow INFO:
	 [Node] Setting-up "fmriprep_25_0_wf.sub_01_wf.bold_task_rsvp_run_5_wf.bold_confounds_wf.subtract_mask" in "/work/fmriprep_25_0_wf/sub_01_wf/bold_task_rsvp_run_5_wf/bold_confounds_wf/subtract_mask".
250917-09:43:18,355 nipype.workflow INFO:
	 [Node] Setting-up "_anat2std_tpms0" in "/work/fmriprep_25_0_wf/sub_01_wf/ds_std_volumes_wf/_in_tuple_MNI152NLin2009cAsym.res2/anat2std_tpms/mapflow/_anat2std_tpms0".
250917-09:43:18,378 nipype.workflow INFO:
	 [Node] Executing "subtract_mask" <niworkflows.interfaces.morphology.BinarySubtraction>
250917-09:43:18,381 nipype.workflow INFO:
	 [Node] Executing "norm_rpt" <niworkflows.interfaces.reportlets.registration.SimpleBeforeAfterRPT>
250917-09:43:18,384 nipype.workflow INFO:
	 [Node] Executing "subtract_mask" <niworkflows.interfaces.morphology.BinarySubtraction>
250917-09:43:18,384 nipype.workflow INFO:
	 [Node] Executing "subtract_mask" <niworkflows.interfaces.morphology.BinarySubtraction>
250917-09:43:18,385 nipype.workflow INFO:
	 [Node] Executing "subtract_mask" <niworkflows.interfaces.morphology.BinarySubtraction>
250917-09:43:18,387 nipype.workflow INFO:
	 [Node] Executing "subtract_mask" <niworkflows.interfaces.morphology.BinarySubtraction>
250917-09:43:18,387 nipype.workflow INFO:
	 [Node] Executing "subtract_mask" <niworkflows.interfaces.morphology.BinarySubtraction>
250917-09:43:18,389 nipype.workflow INFO:
	 [Node] Executing "_anat2std_tpms0" <niworkflows.interfaces.fixes.FixHeaderApplyTransforms>
250917-09:43:18,398 nipype.workflow INFO:
	 [Node] Finished "subtract_mask", elapsed time 0.018905s.
250917-09:43:18,402 nipype.workflow INFO:
	 [Node] Finished "subtract_mask", elapsed time 0.017093s.
250917-09:43:18,406 nipype.workflow INFO:
	 [Node] Finished "subtract_mask", elapsed time 0.020204s.
250917-09:43:18,412 nipype.workflow INFO:
	 [Node] Finished "subtract_mask", elapsed time 0.024677s.
250917-09:43:18,416 nipype.workflow INFO:
	 [Node] Finished "subtract_mask", elapsed time 0.031432s.
250917-09:43:18,421 nipype.workflow INFO:
	 [Node] Finished "subtract_mask", elapsed time 0.03305s.
250917-09:43:18,606 nipype.workflow INFO:
	 [Node] Setting-up "_anat2std_tpms1" in "/work/fmriprep_25_0_wf/sub_01_wf/ds_std_volumes_wf/_in_tuple_MNI152NLin2009cAsym.res2/anat2std_tpms/mapflow/_anat2std_tpms1".
250917-09:43:18,607 nipype.workflow INFO:
	 [Node] Setting-up "_anat2std_tpms2" in "/work/fmriprep_25_0_wf/sub_01_wf/ds_std_volumes_wf/_in_tuple_MNI152NLin2009cAsym.res2/anat2std_tpms/mapflow/_anat2std_tpms2".
250917-09:43:18,611 nipype.workflow INFO:
	 [Node] Setting-up "_acc_msk_tfm0" in "/work/fmriprep_25_0_wf/sub_01_wf/bold_task_rsvp_run_1_wf/bold_confounds_wf/acc_msk_tfm/mapflow/_acc_msk_tfm0".
250917-09:43:18,612 nipype.workflow INFO:
	 [Node] Setting-up "_acc_msk_tfm1" in "/work/fmriprep_25_0_wf/sub_01_wf/bold_task_rsvp_run_1_wf/bold_confounds_wf/acc_msk_tfm/mapflow/_acc_msk_tfm1".
250917-09:43:18,613 nipype.workflow INFO:
	 [Node] Setting-up "_acc_msk_tfm2" in "/work/fmriprep_25_0_wf/sub_01_wf/bold_task_rsvp_run_1_wf/bold_confounds_wf/acc_msk_tfm/mapflow/_acc_msk_tfm2".
250917-09:43:18,633 nipype.workflow INFO:
	 [Node] Executing "_anat2std_tpms1" <niworkflows.interfaces.fixes.FixHeaderApplyTransforms>
250917-09:43:18,633 nipype.workflow INFO:
	 [Node] Executing "_anat2std_tpms2" <niworkflows.interfaces.fixes.FixHeaderApplyTransforms>
250917-09:43:18,638 nipype.workflow INFO:
	 [Node] Executing "_acc_msk_tfm1" <niworkflows.interfaces.fixes.FixHeaderApplyTransforms>
250917-09:43:18,642 nipype.workflow INFO:
	 [Node] Executing "_acc_msk_tfm0" <niworkflows.interfaces.fixes.FixHeaderApplyTransforms>
250917-09:43:18,644 nipype.workflow INFO:
	 [Node] Executing "_acc_msk_tfm2" <niworkflows.interfaces.fixes.FixHeaderApplyTransforms>
250917-09:43:20,261 nipype.workflow INFO:
	 [Node] Finished "_acc_msk_tfm2", elapsed time 1.615979s.
250917-09:43:20,304 nipype.workflow INFO:
	 [Node] Finished "_acc_msk_tfm1", elapsed time 1.664466s.
250917-09:43:20,393 nipype.workflow INFO:
	 [Node] Finished "_acc_msk_tfm0", elapsed time 1.749759s.
250917-09:43:20,620 nipype.workflow INFO:
	 [Node] Setting-up "fmriprep_25_0_wf.sub_01_wf.bold_task_rsvp_run_1_wf.bold_anat_wf.resample" in "/work/fmriprep_25_0_wf/sub_01_wf/bold_task_rsvp_run_1_wf/bold_anat_wf/resample".
250917-09:43:20,659 nipype.workflow INFO:
	 [Node] Executing "resample" <fmriprep.interfaces.resampling.ResampleSeries>
250917-09:43:22,63 nipype.workflow INFO:
	 [Node] Finished "_anat2std_tpms0", elapsed time 3.672814s.
250917-09:43:22,268 nipype.workflow INFO:
	 [Node] Finished "_anat2std_tpms1", elapsed time 3.634498s.
250917-09:43:22,333 nipype.workflow INFO:
	 [Node] Finished "_anat2std_tpms2", elapsed time 3.698316s.
250917-09:43:22,669 nipype.workflow INFO:
	 [Node] Setting-up "fmriprep_25_0_wf.sub_01_wf.bold_task_rsvp_run_2_wf.bold_confounds_wf.crowncompcor" in "/work/fmriprep_25_0_wf/sub_01_wf/bold_task_rsvp_run_2_wf/bold_confounds_wf/crowncompcor".
250917-09:43:22,670 nipype.workflow INFO:
	 [Node] Setting-up "fmriprep_25_0_wf.sub_01_wf.bold_task_rsvp_run_1_wf.bold_confounds_wf.crowncompcor" in "/work/fmriprep_25_0_wf/sub_01_wf/bold_task_rsvp_run_1_wf/bold_confounds_wf/crowncompcor".
250917-09:43:22,692 nipype.workflow INFO:
	 [Node] Setting-up "_anat2std_tpms0" in "/work/fmriprep_25_0_wf/sub_01_wf/ds_std_volumes_wf/_in_tuple_MNI152NLin2009cAsym.res2/anat2std_tpms/mapflow/_anat2std_tpms0".
250917-09:43:22,692 nipype.workflow INFO:
	 [Node] Setting-up "_acc_msk_tfm0" in "/work/fmriprep_25_0_wf/sub_01_wf/bold_task_rsvp_run_1_wf/bold_confounds_wf/acc_msk_tfm/mapflow/_acc_msk_tfm0".
250917-09:43:22,695 nipype.workflow INFO:
	 [Node] Cached "_anat2std_tpms0" - collecting precomputed outputs
250917-09:43:22,695 nipype.workflow INFO:
	 [Node] "_anat2std_tpms0" found cached.
250917-09:43:22,695 nipype.workflow INFO:
	 [Node] Cached "_acc_msk_tfm0" - collecting precomputed outputs
250917-09:43:22,695 nipype.workflow INFO:
	 [Node] "_acc_msk_tfm0" found cached.
250917-09:43:22,696 nipype.workflow INFO:
	 [Node] Setting-up "_anat2std_tpms1" in "/work/fmriprep_25_0_wf/sub_01_wf/ds_std_volumes_wf/_in_tuple_MNI152NLin2009cAsym.res2/anat2std_tpms/mapflow/_anat2std_tpms1".
250917-09:43:22,697 nipype.workflow INFO:
	 [Node] Setting-up "_acc_msk_tfm1" in "/work/fmriprep_25_0_wf/sub_01_wf/bold_task_rsvp_run_1_wf/bold_confounds_wf/acc_msk_tfm/mapflow/_acc_msk_tfm1".
250917-09:43:22,699 nipype.workflow INFO:
	 [Node] Executing "crowncompcor" <niworkflows.interfaces.patches.RobustACompCor>
250917-09:43:22,699 nipype.workflow INFO:
	 [Node] Executing "crowncompcor" <niworkflows.interfaces.patches.RobustACompCor>
250917-09:43:22,699 nipype.workflow INFO:
	 [Node] Cached "_anat2std_tpms1" - collecting precomputed outputs
250917-09:43:22,699 nipype.workflow INFO:
	 [Node] "_anat2std_tpms1" found cached.
250917-09:43:22,700 nipype.workflow INFO:
	 [Node] Cached "_acc_msk_tfm1" - collecting precomputed outputs
250917-09:43:22,700 nipype.workflow INFO:
	 [Node] "_acc_msk_tfm1" found cached.
250917-09:43:22,701 nipype.workflow INFO:
	 [Node] Setting-up "_anat2std_tpms2" in "/work/fmriprep_25_0_wf/sub_01_wf/ds_std_volumes_wf/_in_tuple_MNI152NLin2009cAsym.res2/anat2std_tpms/mapflow/_anat2std_tpms2".
250917-09:43:22,701 nipype.workflow INFO:
	 [Node] Setting-up "_acc_msk_tfm2" in "/work/fmriprep_25_0_wf/sub_01_wf/bold_task_rsvp_run_1_wf/bold_confounds_wf/acc_msk_tfm/mapflow/_acc_msk_tfm2".
250917-09:43:22,704 nipype.workflow INFO:
	 [Node] Cached "_anat2std_tpms2" - collecting precomputed outputs
250917-09:43:22,704 nipype.workflow INFO:
	 [Node] "_anat2std_tpms2" found cached.
250917-09:43:22,705 nipype.workflow INFO:
	 [Node] Cached "_acc_msk_tfm2" - collecting precomputed outputs
250917-09:43:22,705 nipype.workflow INFO:
	 [Node] "_acc_msk_tfm2" found cached.
250917-09:43:24,607 nipype.workflow INFO:
	 [Node] Finished "fmap_recon", elapsed time 11.841023s.
250917-09:43:25,50 nipype.workflow INFO:
	 [Node] Finished "crowncompcor", elapsed time 2.350053s.
250917-09:43:25,297 nipype.workflow INFO:
	 [Node] Finished "crowncompcor", elapsed time 2.5970649999999997s.
250917-09:43:25,846 nipype.workflow INFO:
	 [Node] Setting-up "_acc_msk_tfm0" in "/work/fmriprep_25_0_wf/sub_01_wf/bold_task_rsvp_run_2_wf/bold_confounds_wf/acc_msk_tfm/mapflow/_acc_msk_tfm0".
250917-09:43:25,847 nipype.workflow INFO:
	 [Node] Setting-up "_acc_msk_tfm1" in "/work/fmriprep_25_0_wf/sub_01_wf/bold_task_rsvp_run_2_wf/bold_confounds_wf/acc_msk_tfm/mapflow/_acc_msk_tfm1".
250917-09:43:25,878 nipype.workflow INFO:
	 [Node] Executing "_acc_msk_tfm0" <niworkflows.interfaces.fixes.FixHeaderApplyTransforms>
250917-09:43:25,878 nipype.workflow INFO:
	 [Node] Executing "_acc_msk_tfm1" <niworkflows.interfaces.fixes.FixHeaderApplyTransforms>
250917-09:43:26,614 nipype.workflow INFO:
	 [Node] Setting-up "fmriprep_25_0_wf.sub_01_wf.bold_task_rsvp_run_3_wf.bold_confounds_wf.crowncompcor" in "/work/fmriprep_25_0_wf/sub_01_wf/bold_task_rsvp_run_3_wf/bold_confounds_wf/crowncompcor".
250917-09:43:26,616 nipype.workflow INFO:
	 [Node] Setting-up "fmriprep_25_0_wf.sub_01_wf.bold_task_rsvp_run_4_wf.bold_confounds_wf.crowncompcor" in "/work/fmriprep_25_0_wf/sub_01_wf/bold_task_rsvp_run_4_wf/bold_confounds_wf/crowncompcor".
250917-09:43:26,616 nipype.workflow INFO:
	 [Node] Setting-up "fmriprep_25_0_wf.sub_01_wf.bold_task_rsvp_run_5_wf.bold_confounds_wf.crowncompcor" in "/work/fmriprep_25_0_wf/sub_01_wf/bold_task_rsvp_run_5_wf/bold_confounds_wf/crowncompcor".
250917-09:43:26,644 nipype.workflow INFO:
	 [Node] Executing "crowncompcor" <niworkflows.interfaces.patches.RobustACompCor>
250917-09:43:26,646 nipype.workflow INFO:
	 [Node] Executing "crowncompcor" <niworkflows.interfaces.patches.RobustACompCor>
250917-09:43:26,649 nipype.workflow INFO:
	 [Node] Executing "crowncompcor" <niworkflows.interfaces.patches.RobustACompCor>
250917-09:43:27,354 nipype.workflow INFO:
	 [Node] Finished "_acc_msk_tfm1", elapsed time 1.4748890000000001s.
250917-09:43:27,551 nipype.workflow INFO:
	 [Node] Finished "_acc_msk_tfm0", elapsed time 1.67235s.
250917-09:43:28,613 nipype.workflow INFO:
	 [Node] Setting-up "fmriprep_25_0_wf.sub_01_wf.bold_task_rsvp_run_1_wf.bold_confounds_wf.crowncc_metadata_fmt" in "/work/fmriprep_25_0_wf/sub_01_wf/bold_task_rsvp_run_1_wf/bold_confounds_wf/crowncc_metadata_fmt".
250917-09:43:28,614 nipype.workflow INFO:
	 [Node] Setting-up "fmriprep_25_0_wf.sub_01_wf.bold_task_rsvp_run_2_wf.bold_confounds_wf.crowncc_metadata_fmt" in "/work/fmriprep_25_0_wf/sub_01_wf/bold_task_rsvp_run_2_wf/bold_confounds_wf/crowncc_metadata_fmt".
250917-09:43:28,643 nipype.workflow INFO:
	 [Node] Executing "crowncc_metadata_fmt" <niworkflows.interfaces.utility.TSV2JSON>
250917-09:43:28,646 nipype.workflow INFO:
	 [Node] Executing "crowncc_metadata_fmt" <niworkflows.interfaces.utility.TSV2JSON>
250917-09:43:28,651 nipype.workflow INFO:
	 [Node] Finished "crowncc_metadata_fmt", elapsed time 0.00659s.
250917-09:43:28,655 nipype.workflow INFO:
	 [Node] Finished "crowncc_metadata_fmt", elapsed time 0.008016s.
250917-09:43:28,830 nipype.workflow INFO:
	 [Node] Finished "crowncompcor", elapsed time 2.1797s.
250917-09:43:28,912 nipype.workflow INFO:
	 [Node] Finished "crowncompcor", elapsed time 2.264731s.
250917-09:43:28,990 nipype.workflow INFO:
	 [Node] Finished "crowncompcor", elapsed time 2.345044s.
250917-09:43:30,617 nipype.workflow INFO:
	 [Node] Setting-up "fmriprep_25_0_wf.sub_01_wf.bold_task_rsvp_run_3_wf.bold_confounds_wf.crowncc_metadata_fmt" in "/work/fmriprep_25_0_wf/sub_01_wf/bold_task_rsvp_run_3_wf/bold_confounds_wf/crowncc_metadata_fmt".
250917-09:43:30,617 nipype.workflow INFO:
	 [Node] Setting-up "fmriprep_25_0_wf.sub_01_wf.bold_task_rsvp_run_6_wf.bold_confounds_wf.crowncompcor" in "/work/fmriprep_25_0_wf/sub_01_wf/bold_task_rsvp_run_6_wf/bold_confounds_wf/crowncompcor".
250917-09:43:30,618 nipype.workflow INFO:
	 [Node] Setting-up "fmriprep_25_0_wf.sub_01_wf.bold_task_rsvp_run_4_wf.bold_confounds_wf.crowncc_metadata_fmt" in "/work/fmriprep_25_0_wf/sub_01_wf/bold_task_rsvp_run_4_wf/bold_confounds_wf/crowncc_metadata_fmt".
250917-09:43:30,618 nipype.workflow INFO:
	 [Node] Setting-up "fmriprep_25_0_wf.sub_01_wf.bold_task_rsvp_run_5_wf.bold_confounds_wf.crowncc_metadata_fmt" in "/work/fmriprep_25_0_wf/sub_01_wf/bold_task_rsvp_run_5_wf/bold_confounds_wf/crowncc_metadata_fmt".
250917-09:43:30,622 nipype.workflow INFO:
	 [Node] Setting-up "_acc_msk_tfm2" in "/work/fmriprep_25_0_wf/sub_01_wf/bold_task_rsvp_run_2_wf/bold_confounds_wf/acc_msk_tfm/mapflow/_acc_msk_tfm2".
250917-09:43:30,666 nipype.workflow INFO:
	 [Node] Executing "crowncc_metadata_fmt" <niworkflows.interfaces.utility.TSV2JSON>
250917-09:43:30,666 nipype.workflow INFO:
	 [Node] Executing "crowncc_metadata_fmt" <niworkflows.interfaces.utility.TSV2JSON>
250917-09:43:30,667 nipype.workflow INFO:
	 [Node] Executing "crowncc_metadata_fmt" <niworkflows.interfaces.utility.TSV2JSON>
250917-09:43:30,667 nipype.workflow INFO:
	 [Node] Executing "_acc_msk_tfm2" <niworkflows.interfaces.fixes.FixHeaderApplyTransforms>
250917-09:43:30,671 nipype.workflow INFO:
	 [Node] Executing "crowncompcor" <niworkflows.interfaces.patches.RobustACompCor>
250917-09:43:30,674 nipype.workflow INFO:
	 [Node] Finished "crowncc_metadata_fmt", elapsed time 0.00736s.
250917-09:43:30,675 nipype.workflow INFO:
	 [Node] Finished "crowncc_metadata_fmt", elapsed time 0.00783s.
250917-09:43:30,676 nipype.workflow INFO:
	 [Node] Finished "crowncc_metadata_fmt", elapsed time 0.008217s.
250917-09:43:32,163 nipype.workflow INFO:
	 [Node] Finished "_acc_msk_tfm2", elapsed time 1.494909s.
250917-09:43:32,646 nipype.workflow INFO:
	 [Node] Setting-up "_acc_msk_tfm0" in "/work/fmriprep_25_0_wf/sub_01_wf/bold_task_rsvp_run_3_wf/bold_confounds_wf/acc_msk_tfm/mapflow/_acc_msk_tfm0".
250917-09:43:32,647 nipype.workflow INFO:
	 [Node] Setting-up "_acc_msk_tfm1" in "/work/fmriprep_25_0_wf/sub_01_wf/bold_task_rsvp_run_3_wf/bold_confounds_wf/acc_msk_tfm/mapflow/_acc_msk_tfm1".
250917-09:43:32,648 nipype.workflow INFO:
	 [Node] Setting-up "_acc_msk_tfm2" in "/work/fmriprep_25_0_wf/sub_01_wf/bold_task_rsvp_run_3_wf/bold_confounds_wf/acc_msk_tfm/mapflow/_acc_msk_tfm2".
250917-09:43:32,671 nipype.workflow INFO:
	 [Node] Setting-up "_acc_msk_tfm0" in "/work/fmriprep_25_0_wf/sub_01_wf/bold_task_rsvp_run_2_wf/bold_confounds_wf/acc_msk_tfm/mapflow/_acc_msk_tfm0".
250917-09:43:32,674 nipype.workflow INFO:
	 [Node] Cached "_acc_msk_tfm0" - collecting precomputed outputs
250917-09:43:32,674 nipype.workflow INFO:
	 [Node] "_acc_msk_tfm0" found cached.
250917-09:43:32,675 nipype.workflow INFO:
	 [Node] Setting-up "_acc_msk_tfm1" in "/work/fmriprep_25_0_wf/sub_01_wf/bold_task_rsvp_run_2_wf/bold_confounds_wf/acc_msk_tfm/mapflow/_acc_msk_tfm1".
250917-09:43:32,678 nipype.workflow INFO:
	 [Node] Cached "_acc_msk_tfm1" - collecting precomputed outputs
250917-09:43:32,678 nipype.workflow INFO:
	 [Node] "_acc_msk_tfm1" found cached.
250917-09:43:32,679 nipype.workflow INFO:
	 [Node] Setting-up "_acc_msk_tfm2" in "/work/fmriprep_25_0_wf/sub_01_wf/bold_task_rsvp_run_2_wf/bold_confounds_wf/acc_msk_tfm/mapflow/_acc_msk_tfm2".
250917-09:43:32,681 nipype.workflow INFO:
	 [Node] Executing "_acc_msk_tfm1" <niworkflows.interfaces.fixes.FixHeaderApplyTransforms>
250917-09:43:32,681 nipype.workflow INFO:
	 [Node] Executing "_acc_msk_tfm0" <niworkflows.interfaces.fixes.FixHeaderApplyTransforms>
250917-09:43:32,681 nipype.workflow INFO:
	 [Node] Executing "_acc_msk_tfm2" <niworkflows.interfaces.fixes.FixHeaderApplyTransforms>
250917-09:43:32,682 nipype.workflow INFO:
	 [Node] Cached "_acc_msk_tfm2" - collecting precomputed outputs
250917-09:43:32,682 nipype.workflow INFO:
	 [Node] "_acc_msk_tfm2" found cached.
250917-09:43:32,793 nipype.workflow INFO:
	 [Node] Finished "crowncompcor", elapsed time 2.121657s.
250917-09:43:33,937 nipype.workflow INFO:
	 [Node] Finished "resample", elapsed time 13.276928999999999s.
250917-09:43:34,203 nipype.workflow INFO:
	 [Node] Finished "_acc_msk_tfm1", elapsed time 1.521429s.
250917-09:43:34,249 nipype.workflow INFO:
	 [Node] Finished "_acc_msk_tfm2", elapsed time 1.5666609999999999s.
250917-09:43:34,450 nipype.workflow INFO:
	 [Node] Finished "_acc_msk_tfm0", elapsed time 1.767573s.
250917-09:43:34,656 nipype.workflow INFO:
	 [Node] Setting-up "fmriprep_25_0_wf.sub_01_wf.bold_task_rsvp_run_2_wf.bold_anat_wf.resample" in "/work/fmriprep_25_0_wf/sub_01_wf/bold_task_rsvp_run_2_wf/bold_anat_wf/resample".
250917-09:43:34,657 nipype.workflow INFO:
	 [Node] Setting-up "fmriprep_25_0_wf.sub_01_wf.bold_task_rsvp_run_6_wf.bold_confounds_wf.crowncc_metadata_fmt" in "/work/fmriprep_25_0_wf/sub_01_wf/bold_task_rsvp_run_6_wf/bold_confounds_wf/crowncc_metadata_fmt".
250917-09:43:34,661 nipype.workflow INFO:
	 [Node] Setting-up "_acc_msk_tfm0" in "/work/fmriprep_25_0_wf/sub_01_wf/bold_task_rsvp_run_4_wf/bold_confounds_wf/acc_msk_tfm/mapflow/_acc_msk_tfm0".
250917-09:43:34,661 nipype.workflow INFO:
	 [Node] Setting-up "_acc_msk_tfm1" in "/work/fmriprep_25_0_wf/sub_01_wf/bold_task_rsvp_run_4_wf/bold_confounds_wf/acc_msk_tfm/mapflow/_acc_msk_tfm1".
250917-09:43:34,663 nipype.workflow INFO:
	 [Node] Setting-up "_acc_msk_tfm2" in "/work/fmriprep_25_0_wf/sub_01_wf/bold_task_rsvp_run_4_wf/bold_confounds_wf/acc_msk_tfm/mapflow/_acc_msk_tfm2".
250917-09:43:34,684 nipype.workflow INFO:
	 [Node] Executing "crowncc_metadata_fmt" <niworkflows.interfaces.utility.TSV2JSON>
250917-09:43:34,690 nipype.workflow INFO:
	 [Node] Executing "_acc_msk_tfm1" <niworkflows.interfaces.fixes.FixHeaderApplyTransforms>
250917-09:43:34,690 nipype.workflow INFO:
	 [Node] Executing "resample" <fmriprep.interfaces.resampling.ResampleSeries>
250917-09:43:34,690 nipype.workflow INFO:
	 [Node] Executing "_acc_msk_tfm0" <niworkflows.interfaces.fixes.FixHeaderApplyTransforms>
250917-09:43:34,691 nipype.workflow INFO:
	 [Node] Executing "_acc_msk_tfm2" <niworkflows.interfaces.fixes.FixHeaderApplyTransforms>
250917-09:43:34,693 nipype.workflow INFO:
	 [Node] Finished "crowncc_metadata_fmt", elapsed time 0.008294s.
250917-09:43:35,894 nipype.workflow INFO:
	 [Node] Finished "norm_rpt", elapsed time 17.512443s.
250917-09:43:36,304 nipype.workflow INFO:
	 [Node] Finished "_acc_msk_tfm2", elapsed time 1.6117970000000001s.
250917-09:43:36,376 nipype.workflow INFO:
	 [Node] Finished "_acc_msk_tfm1", elapsed time 1.685289s.
250917-09:43:36,414 nipype.workflow INFO:
	 [Node] Finished "_acc_msk_tfm0", elapsed time 1.722166s.
250917-09:43:36,642 nipype.workflow INFO:
	 [Node] Setting-up "_acc_msk_tfm0" in "/work/fmriprep_25_0_wf/sub_01_wf/bold_task_rsvp_run_3_wf/bold_confounds_wf/acc_msk_tfm/mapflow/_acc_msk_tfm0".
250917-09:43:36,645 nipype.workflow INFO:
	 [Node] Cached "_acc_msk_tfm0" - collecting precomputed outputs
250917-09:43:36,645 nipype.workflow INFO:
	 [Node] "_acc_msk_tfm0" found cached.
250917-09:43:36,646 nipype.workflow INFO:
	 [Node] Setting-up "_acc_msk_tfm1" in "/work/fmriprep_25_0_wf/sub_01_wf/bold_task_rsvp_run_3_wf/bold_confounds_wf/acc_msk_tfm/mapflow/_acc_msk_tfm1".
250917-09:43:36,649 nipype.workflow INFO:
	 [Node] Cached "_acc_msk_tfm1" - collecting precomputed outputs
250917-09:43:36,649 nipype.workflow INFO:
	 [Node] "_acc_msk_tfm1" found cached.
250917-09:43:36,650 nipype.workflow INFO:
	 [Node] Setting-up "_acc_msk_tfm2" in "/work/fmriprep_25_0_wf/sub_01_wf/bold_task_rsvp_run_3_wf/bold_confounds_wf/acc_msk_tfm/mapflow/_acc_msk_tfm2".
250917-09:43:36,652 nipype.workflow INFO:
	 [Node] Cached "_acc_msk_tfm2" - collecting precomputed outputs
250917-09:43:36,652 nipype.workflow INFO:
	 [Node] "_acc_msk_tfm2" found cached.
250917-09:43:36,922 nipype.workflow INFO:
	 [Node] Setting-up "_acc_msk_tfm0" in "/work/fmriprep_25_0_wf/sub_01_wf/bold_task_rsvp_run_5_wf/bold_confounds_wf/acc_msk_tfm/mapflow/_acc_msk_tfm0".
250917-09:43:36,923 nipype.workflow INFO:
	 [Node] Setting-up "_acc_msk_tfm1" in "/work/fmriprep_25_0_wf/sub_01_wf/bold_task_rsvp_run_5_wf/bold_confounds_wf/acc_msk_tfm/mapflow/_acc_msk_tfm1".
250917-09:43:36,924 nipype.workflow INFO:
	 [Node] Setting-up "_acc_msk_tfm2" in "/work/fmriprep_25_0_wf/sub_01_wf/bold_task_rsvp_run_5_wf/bold_confounds_wf/acc_msk_tfm/mapflow/_acc_msk_tfm2".
250917-09:43:36,952 nipype.workflow INFO:
	 [Node] Executing "_acc_msk_tfm0" <niworkflows.interfaces.fixes.FixHeaderApplyTransforms>
250917-09:43:36,956 nipype.workflow INFO:
	 [Node] Executing "_acc_msk_tfm2" <niworkflows.interfaces.fixes.FixHeaderApplyTransforms>
250917-09:43:36,956 nipype.workflow INFO:
	 [Node] Executing "_acc_msk_tfm1" <niworkflows.interfaces.fixes.FixHeaderApplyTransforms>
250917-09:43:38,532 nipype.workflow INFO:
	 [Node] Finished "_acc_msk_tfm1", elapsed time 1.574843s.
250917-09:43:38,546 nipype.workflow INFO:
	 [Node] Finished "_acc_msk_tfm2", elapsed time 1.589372s.
250917-09:43:38,625 nipype.workflow INFO:
	 [Node] Finished "_acc_msk_tfm0", elapsed time 1.672229s.
250917-09:43:38,655 nipype.workflow INFO:
	 [Node] Setting-up "_acc_msk_tfm0" in "/work/fmriprep_25_0_wf/sub_01_wf/bold_task_rsvp_run_4_wf/bold_confounds_wf/acc_msk_tfm/mapflow/_acc_msk_tfm0".
250917-09:43:38,658 nipype.workflow INFO:
	 [Node] Cached "_acc_msk_tfm0" - collecting precomputed outputs
250917-09:43:38,658 nipype.workflow INFO:
	 [Node] "_acc_msk_tfm0" found cached.
250917-09:43:38,659 nipype.workflow INFO:
	 [Node] Setting-up "_acc_msk_tfm1" in "/work/fmriprep_25_0_wf/sub_01_wf/bold_task_rsvp_run_4_wf/bold_confounds_wf/acc_msk_tfm/mapflow/_acc_msk_tfm1".
250917-09:43:38,662 nipype.workflow INFO:
	 [Node] Cached "_acc_msk_tfm1" - collecting precomputed outputs
250917-09:43:38,662 nipype.workflow INFO:
	 [Node] "_acc_msk_tfm1" found cached.
250917-09:43:38,663 nipype.workflow INFO:
	 [Node] Setting-up "_acc_msk_tfm2" in "/work/fmriprep_25_0_wf/sub_01_wf/bold_task_rsvp_run_4_wf/bold_confounds_wf/acc_msk_tfm/mapflow/_acc_msk_tfm2".
250917-09:43:38,665 nipype.workflow INFO:
	 [Node] Cached "_acc_msk_tfm2" - collecting precomputed outputs
250917-09:43:38,665 nipype.workflow INFO:
	 [Node] "_acc_msk_tfm2" found cached.
250917-09:43:38,671 nipype.workflow INFO:
	 [Node] Setting-up "_acc_msk_tfm0" in "/work/fmriprep_25_0_wf/sub_01_wf/bold_task_rsvp_run_6_wf/bold_confounds_wf/acc_msk_tfm/mapflow/_acc_msk_tfm0".
250917-09:43:38,673 nipype.workflow INFO:
	 [Node] Setting-up "_acc_msk_tfm1" in "/work/fmriprep_25_0_wf/sub_01_wf/bold_task_rsvp_run_6_wf/bold_confounds_wf/acc_msk_tfm/mapflow/_acc_msk_tfm1".
250917-09:43:38,698 nipype.workflow INFO:
	 [Node] Executing "_acc_msk_tfm0" <niworkflows.interfaces.fixes.FixHeaderApplyTransforms>
250917-09:43:38,701 nipype.workflow INFO:
	 [Node] Executing "_acc_msk_tfm1" <niworkflows.interfaces.fixes.FixHeaderApplyTransforms>
250917-09:43:40,196 nipype.workflow INFO:
	 [Node] Finished "_acc_msk_tfm1", elapsed time 1.4936289999999999s.
250917-09:43:40,314 nipype.workflow INFO:
	 [Node] Finished "_acc_msk_tfm0", elapsed time 1.615064s.
250917-09:43:40,621 nipype.workflow INFO:
	 [Node] Setting-up "_acc_msk_tfm2" in "/work/fmriprep_25_0_wf/sub_01_wf/bold_task_rsvp_run_6_wf/bold_confounds_wf/acc_msk_tfm/mapflow/_acc_msk_tfm2".
250917-09:43:40,623 nipype.workflow INFO:
	 [Node] Setting-up "_acc_msk_brain0" in "/work/fmriprep_25_0_wf/sub_01_wf/bold_task_rsvp_run_1_wf/bold_confounds_wf/acc_msk_brain/mapflow/_acc_msk_brain0".
250917-09:43:40,623 nipype.workflow INFO:
	 [Node] Setting-up "_acc_msk_brain1" in "/work/fmriprep_25_0_wf/sub_01_wf/bold_task_rsvp_run_1_wf/bold_confounds_wf/acc_msk_brain/mapflow/_acc_msk_brain1".
250917-09:43:40,625 nipype.workflow INFO:
	 [Node] Setting-up "_acc_msk_brain2" in "/work/fmriprep_25_0_wf/sub_01_wf/bold_task_rsvp_run_1_wf/bold_confounds_wf/acc_msk_brain/mapflow/_acc_msk_brain2".
250917-09:43:40,626 nipype.workflow INFO:
	 [Node] Setting-up "_acc_msk_brain0" in "/work/fmriprep_25_0_wf/sub_01_wf/bold_task_rsvp_run_2_wf/bold_confounds_wf/acc_msk_brain/mapflow/_acc_msk_brain0".
250917-09:43:40,628 nipype.workflow INFO:
	 [Node] Setting-up "_acc_msk_tfm0" in "/work/fmriprep_25_0_wf/sub_01_wf/bold_task_rsvp_run_5_wf/bold_confounds_wf/acc_msk_tfm/mapflow/_acc_msk_tfm0".
250917-09:43:40,631 nipype.workflow INFO:
	 [Node] Cached "_acc_msk_tfm0" - collecting precomputed outputs
250917-09:43:40,631 nipype.workflow INFO:
	 [Node] "_acc_msk_tfm0" found cached.
250917-09:43:40,632 nipype.workflow INFO:
	 [Node] Setting-up "_acc_msk_tfm1" in "/work/fmriprep_25_0_wf/sub_01_wf/bold_task_rsvp_run_5_wf/bold_confounds_wf/acc_msk_tfm/mapflow/_acc_msk_tfm1".
250917-09:43:40,634 nipype.workflow INFO:
	 [Node] Cached "_acc_msk_tfm1" - collecting precomputed outputs
250917-09:43:40,634 nipype.workflow INFO:
	 [Node] "_acc_msk_tfm1" found cached.
250917-09:43:40,635 nipype.workflow INFO:
	 [Node] Setting-up "_acc_msk_tfm2" in "/work/fmriprep_25_0_wf/sub_01_wf/bold_task_rsvp_run_5_wf/bold_confounds_wf/acc_msk_tfm/mapflow/_acc_msk_tfm2".
250917-09:43:40,637 nipype.workflow INFO:
	 [Node] Cached "_acc_msk_tfm2" - collecting precomputed outputs
250917-09:43:40,637 nipype.workflow INFO:
	 [Node] "_acc_msk_tfm2" found cached.
250917-09:43:40,644 nipype.workflow INFO:
	 [Node] Executing "_acc_msk_tfm2" <niworkflows.interfaces.fixes.FixHeaderApplyTransforms>
250917-09:43:40,652 nipype.workflow INFO:
	 [Node] Executing "_acc_msk_brain0" <niworkflows.interfaces.nibabel.ApplyMask>
250917-09:43:40,653 nipype.workflow INFO:
	 [Node] Executing "_acc_msk_brain1" <niworkflows.interfaces.nibabel.ApplyMask>
250917-09:43:40,654 nipype.workflow INFO:
	 [Node] Executing "_acc_msk_brain0" <niworkflows.interfaces.nibabel.ApplyMask>
250917-09:43:40,655 nipype.workflow INFO:
	 [Node] Executing "_acc_msk_brain2" <niworkflows.interfaces.nibabel.ApplyMask>
250917-09:43:40,703 nipype.workflow INFO:
	 [Node] Finished "_acc_msk_brain1", elapsed time 0.049206s.
250917-09:43:40,710 nipype.workflow INFO:
	 [Node] Finished "_acc_msk_brain0", elapsed time 0.057309s.
250917-09:43:40,711 nipype.workflow INFO:
	 [Node] Finished "_acc_msk_brain0", elapsed time 0.056411s.
250917-09:43:40,717 nipype.workflow INFO:
	 [Node] Finished "_acc_msk_brain2", elapsed time 0.060895s.
250917-09:43:42,101 nipype.workflow INFO:
	 [Node] Finished "_acc_msk_tfm2", elapsed time 1.455802s.
250917-09:43:42,609 nipype.workflow INFO:
	 [Node] Setting-up "_acc_msk_brain0" in "/work/fmriprep_25_0_wf/sub_01_wf/bold_task_rsvp_run_1_wf/bold_confounds_wf/acc_msk_brain/mapflow/_acc_msk_brain0".
250917-09:43:42,611 nipype.workflow INFO:
	 [Node] Cached "_acc_msk_brain0" - collecting precomputed outputs
250917-09:43:42,611 nipype.workflow INFO:
	 [Node] "_acc_msk_brain0" found cached.
250917-09:43:42,611 nipype.workflow INFO:
	 [Node] Setting-up "_acc_msk_tfm0" in "/work/fmriprep_25_0_wf/sub_01_wf/bold_task_rsvp_run_6_wf/bold_confounds_wf/acc_msk_tfm/mapflow/_acc_msk_tfm0".
250917-09:43:42,612 nipype.workflow INFO:
	 [Node] Setting-up "_acc_msk_brain1" in "/work/fmriprep_25_0_wf/sub_01_wf/bold_task_rsvp_run_1_wf/bold_confounds_wf/acc_msk_brain/mapflow/_acc_msk_brain1".
250917-09:43:42,612 nipype.workflow INFO:
	 [Node] Setting-up "_acc_msk_brain1" in "/work/fmriprep_25_0_wf/sub_01_wf/bold_task_rsvp_run_2_wf/bold_confounds_wf/acc_msk_brain/mapflow/_acc_msk_brain1".
250917-09:43:42,613 nipype.workflow INFO:
	 [Node] Setting-up "_acc_msk_brain2" in "/work/fmriprep_25_0_wf/sub_01_wf/bold_task_rsvp_run_2_wf/bold_confounds_wf/acc_msk_brain/mapflow/_acc_msk_brain2".
250917-09:43:42,614 nipype.workflow INFO:
	 [Node] Cached "_acc_msk_brain1" - collecting precomputed outputs
250917-09:43:42,614 nipype.workflow INFO:
	 [Node] Cached "_acc_msk_tfm0" - collecting precomputed outputs
250917-09:43:42,614 nipype.workflow INFO:
	 [Node] "_acc_msk_brain1" found cached.
250917-09:43:42,614 nipype.workflow INFO:
	 [Node] "_acc_msk_tfm0" found cached.
250917-09:43:42,615 nipype.workflow INFO:
	 [Node] Setting-up "_acc_msk_brain2" in "/work/fmriprep_25_0_wf/sub_01_wf/bold_task_rsvp_run_1_wf/bold_confounds_wf/acc_msk_brain/mapflow/_acc_msk_brain2".
250917-09:43:42,615 nipype.workflow INFO:
	 [Node] Setting-up "_acc_msk_brain0" in "/work/fmriprep_25_0_wf/sub_01_wf/bold_task_rsvp_run_3_wf/bold_confounds_wf/acc_msk_brain/mapflow/_acc_msk_brain0".
250917-09:43:42,615 nipype.workflow INFO:
	 [Node] Setting-up "_acc_msk_tfm1" in "/work/fmriprep_25_0_wf/sub_01_wf/bold_task_rsvp_run_6_wf/bold_confounds_wf/acc_msk_tfm/mapflow/_acc_msk_tfm1".
250917-09:43:42,616 nipype.workflow INFO:
	 [Node] Setting-up "_acc_msk_brain1" in "/work/fmriprep_25_0_wf/sub_01_wf/bold_task_rsvp_run_3_wf/bold_confounds_wf/acc_msk_brain/mapflow/_acc_msk_brain1".
250917-09:43:42,617 nipype.workflow INFO:
	 [Node] Cached "_acc_msk_brain2" - collecting precomputed outputs
250917-09:43:42,617 nipype.workflow INFO:
	 [Node] "_acc_msk_brain2" found cached.
250917-09:43:42,618 nipype.workflow INFO:
	 [Node] Cached "_acc_msk_tfm1" - collecting precomputed outputs
250917-09:43:42,618 nipype.workflow INFO:
	 [Node] "_acc_msk_tfm1" found cached.
250917-09:43:42,619 nipype.workflow INFO:
	 [Node] Setting-up "_acc_msk_tfm2" in "/work/fmriprep_25_0_wf/sub_01_wf/bold_task_rsvp_run_6_wf/bold_confounds_wf/acc_msk_tfm/mapflow/_acc_msk_tfm2".
250917-09:43:42,622 nipype.workflow INFO:
	 [Node] Cached "_acc_msk_tfm2" - collecting precomputed outputs
250917-09:43:42,622 nipype.workflow INFO:
	 [Node] "_acc_msk_tfm2" found cached.
250917-09:43:42,645 nipype.workflow INFO:
	 [Node] Executing "_acc_msk_brain1" <niworkflows.interfaces.nibabel.ApplyMask>
250917-09:43:42,645 nipype.workflow INFO:
	 [Node] Executing "_acc_msk_brain2" <niworkflows.interfaces.nibabel.ApplyMask>
250917-09:43:42,649 nipype.workflow INFO:
	 [Node] Executing "_acc_msk_brain0" <niworkflows.interfaces.nibabel.ApplyMask>
250917-09:43:42,651 nipype.workflow INFO:
	 [Node] Executing "_acc_msk_brain1" <niworkflows.interfaces.nibabel.ApplyMask>
250917-09:43:42,693 nipype.workflow INFO:
	 [Node] Finished "_acc_msk_brain1", elapsed time 0.046823s.
250917-09:43:42,701 nipype.workflow INFO:
	 [Node] Finished "_acc_msk_brain2", elapsed time 0.054257s.
250917-09:43:42,701 nipype.workflow INFO:
	 [Node] Finished "_acc_msk_brain1", elapsed time 0.049686s.
250917-09:43:42,729 nipype.workflow INFO:
	 [Node] Finished "_acc_msk_brain0", elapsed time 0.078453s.
250917-09:43:44,616 nipype.workflow INFO:
	 [Node] Setting-up "_acc_msk_brain0" in "/work/fmriprep_25_0_wf/sub_01_wf/bold_task_rsvp_run_2_wf/bold_confounds_wf/acc_msk_brain/mapflow/_acc_msk_brain0".
250917-09:43:44,618 nipype.workflow INFO:
	 [Node] Cached "_acc_msk_brain0" - collecting precomputed outputs
250917-09:43:44,618 nipype.workflow INFO:
	 [Node] "_acc_msk_brain0" found cached.
250917-09:43:44,619 nipype.workflow INFO:
	 [Node] Setting-up "_acc_msk_brain1" in "/work/fmriprep_25_0_wf/sub_01_wf/bold_task_rsvp_run_2_wf/bold_confounds_wf/acc_msk_brain/mapflow/_acc_msk_brain1".
250917-09:43:44,621 nipype.workflow INFO:
	 [Node] Cached "_acc_msk_brain1" - collecting precomputed outputs
250917-09:43:44,621 nipype.workflow INFO:
	 [Node] "_acc_msk_brain1" found cached.
250917-09:43:44,621 nipype.workflow INFO:
	 [Node] Setting-up "_acc_msk_brain2" in "/work/fmriprep_25_0_wf/sub_01_wf/bold_task_rsvp_run_2_wf/bold_confounds_wf/acc_msk_brain/mapflow/_acc_msk_brain2".
250917-09:43:44,623 nipype.workflow INFO:
	 [Node] Cached "_acc_msk_brain2" - collecting precomputed outputs
250917-09:43:44,623 nipype.workflow INFO:
	 [Node] "_acc_msk_brain2" found cached.
250917-09:43:44,632 nipype.workflow INFO:
	 [Node] Setting-up "_acc_msk_brain2" in "/work/fmriprep_25_0_wf/sub_01_wf/bold_task_rsvp_run_3_wf/bold_confounds_wf/acc_msk_brain/mapflow/_acc_msk_brain2".
250917-09:43:44,633 nipype.workflow INFO:
	 [Node] Setting-up "_acc_msk_brain0" in "/work/fmriprep_25_0_wf/sub_01_wf/bold_task_rsvp_run_4_wf/bold_confounds_wf/acc_msk_brain/mapflow/_acc_msk_brain0".
250917-09:43:44,634 nipype.workflow INFO:
	 [Node] Setting-up "_acc_msk_brain1" in "/work/fmriprep_25_0_wf/sub_01_wf/bold_task_rsvp_run_4_wf/bold_confounds_wf/acc_msk_brain/mapflow/_acc_msk_brain1".
250917-09:43:44,635 nipype.workflow INFO:
	 [Node] Setting-up "_acc_msk_brain2" in "/work/fmriprep_25_0_wf/sub_01_wf/bold_task_rsvp_run_4_wf/bold_confounds_wf/acc_msk_brain/mapflow/_acc_msk_brain2".
250917-09:43:44,637 nipype.workflow INFO:
	 [Node] Setting-up "_acc_msk_brain0" in "/work/fmriprep_25_0_wf/sub_01_wf/bold_task_rsvp_run_5_wf/bold_confounds_wf/acc_msk_brain/mapflow/_acc_msk_brain0".
250917-09:43:44,658 nipype.workflow INFO:
	 [Node] Executing "_acc_msk_brain2" <niworkflows.interfaces.nibabel.ApplyMask>
250917-09:43:44,662 nipype.workflow INFO:
	 [Node] Executing "_acc_msk_brain0" <niworkflows.interfaces.nibabel.ApplyMask>
250917-09:43:44,662 nipype.workflow INFO:
	 [Node] Executing "_acc_msk_brain1" <niworkflows.interfaces.nibabel.ApplyMask>
250917-09:43:44,662 nipype.workflow INFO:
	 [Node] Executing "_acc_msk_brain0" <niworkflows.interfaces.nibabel.ApplyMask>
250917-09:43:44,663 nipype.workflow INFO:
	 [Node] Executing "_acc_msk_brain2" <niworkflows.interfaces.nibabel.ApplyMask>
250917-09:43:44,706 nipype.workflow INFO:
	 [Node] Finished "_acc_msk_brain1", elapsed time 0.043452s.
250917-09:43:44,709 nipype.workflow INFO:
	 [Node] Finished "_acc_msk_brain2", elapsed time 0.04536s.
250917-09:43:44,712 nipype.workflow INFO:
	 [Node] Finished "_acc_msk_brain2", elapsed time 0.053009s.
250917-09:43:44,721 nipype.workflow INFO:
	 [Node] Finished "_acc_msk_brain0", elapsed time 0.058502s.
250917-09:43:44,721 nipype.workflow INFO:
	 [Node] Finished "_acc_msk_brain0", elapsed time 0.058356s.
250917-09:43:46,352 nipype.workflow INFO:
	 [Node] Finished "resample", elapsed time 11.659957s.
250917-09:43:46,627 nipype.workflow INFO:
	 [Node] Setting-up "_acc_msk_brain0" in "/work/fmriprep_25_0_wf/sub_01_wf/bold_task_rsvp_run_4_wf/bold_confounds_wf/acc_msk_brain/mapflow/_acc_msk_brain0".
250917-09:43:46,627 nipype.workflow INFO:
	 [Node] Setting-up "_acc_msk_brain0" in "/work/fmriprep_25_0_wf/sub_01_wf/bold_task_rsvp_run_3_wf/bold_confounds_wf/acc_msk_brain/mapflow/_acc_msk_brain0".
250917-09:43:46,629 nipype.workflow INFO:
	 [Node] Cached "_acc_msk_brain0" - collecting precomputed outputs
250917-09:43:46,629 nipype.workflow INFO:
	 [Node] Cached "_acc_msk_brain0" - collecting precomputed outputs
250917-09:43:46,629 nipype.workflow INFO:
	 [Node] "_acc_msk_brain0" found cached.
250917-09:43:46,629 nipype.workflow INFO:
	 [Node] "_acc_msk_brain0" found cached.
250917-09:43:46,630 nipype.workflow INFO:
	 [Node] Setting-up "_acc_msk_brain1" in "/work/fmriprep_25_0_wf/sub_01_wf/bold_task_rsvp_run_5_wf/bold_confounds_wf/acc_msk_brain/mapflow/_acc_msk_brain1".
250917-09:43:46,630 nipype.workflow INFO:
	 [Node] Setting-up "_acc_msk_brain1" in "/work/fmriprep_25_0_wf/sub_01_wf/bold_task_rsvp_run_4_wf/bold_confounds_wf/acc_msk_brain/mapflow/_acc_msk_brain1".
250917-09:43:46,630 nipype.workflow INFO:
	 [Node] Setting-up "_acc_msk_brain1" in "/work/fmriprep_25_0_wf/sub_01_wf/bold_task_rsvp_run_3_wf/bold_confounds_wf/acc_msk_brain/mapflow/_acc_msk_brain1".
250917-09:43:46,630 nipype.workflow INFO:
	 [Node] Setting-up "_acc_msk_brain2" in "/work/fmriprep_25_0_wf/sub_01_wf/bold_task_rsvp_run_5_wf/bold_confounds_wf/acc_msk_brain/mapflow/_acc_msk_brain2".
250917-09:43:46,632 nipype.workflow INFO:
	 [Node] Setting-up "_acc_msk_brain0" in "/work/fmriprep_25_0_wf/sub_01_wf/bold_task_rsvp_run_6_wf/bold_confounds_wf/acc_msk_brain/mapflow/_acc_msk_brain0".
250917-09:43:46,632 nipype.workflow INFO:
	 [Node] Cached "_acc_msk_brain1" - collecting precomputed outputs
250917-09:43:46,632 nipype.workflow INFO:
	 [Node] "_acc_msk_brain1" found cached.
250917-09:43:46,633 nipype.workflow INFO:
	 [Node] Cached "_acc_msk_brain1" - collecting precomputed outputs
250917-09:43:46,633 nipype.workflow INFO:
	 [Node] "_acc_msk_brain1" found cached.
250917-09:43:46,633 nipype.workflow INFO:
	 [Node] Setting-up "_acc_msk_brain2" in "/work/fmriprep_25_0_wf/sub_01_wf/bold_task_rsvp_run_4_wf/bold_confounds_wf/acc_msk_brain/mapflow/_acc_msk_brain2".
250917-09:43:46,633 nipype.workflow INFO:
	 [Node] Setting-up "_acc_msk_brain1" in "/work/fmriprep_25_0_wf/sub_01_wf/bold_task_rsvp_run_6_wf/bold_confounds_wf/acc_msk_brain/mapflow/_acc_msk_brain1".
250917-09:43:46,634 nipype.workflow INFO:
	 [Node] Setting-up "_acc_msk_brain2" in "/work/fmriprep_25_0_wf/sub_01_wf/bold_task_rsvp_run_3_wf/bold_confounds_wf/acc_msk_brain/mapflow/_acc_msk_brain2".
250917-09:43:46,636 nipype.workflow INFO:
	 [Node] Cached "_acc_msk_brain2" - collecting precomputed outputs
250917-09:43:46,636 nipype.workflow INFO:
	 [Node] "_acc_msk_brain2" found cached.
250917-09:43:46,636 nipype.workflow INFO:
	 [Node] Cached "_acc_msk_brain2" - collecting precomputed outputs
250917-09:43:46,636 nipype.workflow INFO:
	 [Node] "_acc_msk_brain2" found cached.
250917-09:43:46,659 nipype.workflow INFO:
	 [Node] Executing "_acc_msk_brain1" <niworkflows.interfaces.nibabel.ApplyMask>
250917-09:43:46,659 nipype.workflow INFO:
	 [Node] Executing "_acc_msk_brain2" <niworkflows.interfaces.nibabel.ApplyMask>
250917-09:43:46,662 nipype.workflow INFO:
	 [Node] Executing "_acc_msk_brain0" <niworkflows.interfaces.nibabel.ApplyMask>
250917-09:43:46,665 nipype.workflow INFO:
	 [Node] Executing "_acc_msk_brain1" <niworkflows.interfaces.nibabel.ApplyMask>
250917-09:43:46,709 nipype.workflow INFO:
	 [Node] Finished "_acc_msk_brain1", elapsed time 0.043744s.
250917-09:43:46,711 nipype.workflow INFO:
	 [Node] Finished "_acc_msk_brain1", elapsed time 0.051865s.
250917-09:43:46,715 nipype.workflow INFO:
	 [Node] Finished "_acc_msk_brain2", elapsed time 0.054713s.
250917-09:43:46,726 nipype.workflow INFO:
	 [Node] Finished "_acc_msk_brain0", elapsed time 0.063748s.
250917-09:43:48,635 nipype.workflow INFO:
	 [Node] Setting-up "_acc_msk_brain0" in "/work/fmriprep_25_0_wf/sub_01_wf/bold_task_rsvp_run_5_wf/bold_confounds_wf/acc_msk_brain/mapflow/_acc_msk_brain0".
250917-09:43:48,639 nipype.workflow INFO:
	 [Node] Cached "_acc_msk_brain0" - collecting precomputed outputs
250917-09:43:48,639 nipype.workflow INFO:
	 [Node] "_acc_msk_brain0" found cached.
250917-09:43:48,640 nipype.workflow INFO:
	 [Node] Setting-up "_acc_msk_brain1" in "/work/fmriprep_25_0_wf/sub_01_wf/bold_task_rsvp_run_5_wf/bold_confounds_wf/acc_msk_brain/mapflow/_acc_msk_brain1".
250917-09:43:48,643 nipype.workflow INFO:
	 [Node] Cached "_acc_msk_brain1" - collecting precomputed outputs
250917-09:43:48,643 nipype.workflow INFO:
	 [Node] "_acc_msk_brain1" found cached.
250917-09:43:48,644 nipype.workflow INFO:
	 [Node] Setting-up "_acc_msk_brain2" in "/work/fmriprep_25_0_wf/sub_01_wf/bold_task_rsvp_run_5_wf/bold_confounds_wf/acc_msk_brain/mapflow/_acc_msk_brain2".
250917-09:43:48,646 nipype.workflow INFO:
	 [Node] Cached "_acc_msk_brain2" - collecting precomputed outputs
250917-09:43:48,646 nipype.workflow INFO:
	 [Node] "_acc_msk_brain2" found cached.
250917-09:43:48,655 nipype.workflow INFO:
	 [Node] Setting-up "fmriprep_25_0_wf.sub_01_wf.bold_task_rsvp_run_3_wf.bold_anat_wf.resample" in "/work/fmriprep_25_0_wf/sub_01_wf/bold_task_rsvp_run_3_wf/bold_anat_wf/resample".
250917-09:43:48,656 nipype.workflow INFO:
	 [Node] Setting-up "_acc_msk_brain2" in "/work/fmriprep_25_0_wf/sub_01_wf/bold_task_rsvp_run_6_wf/bold_confounds_wf/acc_msk_brain/mapflow/_acc_msk_brain2".
250917-09:43:48,658 nipype.workflow INFO:
	 [Node] Setting-up "_acc_msk_bin0" in "/work/fmriprep_25_0_wf/sub_01_wf/bold_task_rsvp_run_1_wf/bold_confounds_wf/acc_msk_bin/mapflow/_acc_msk_bin0".
250917-09:43:48,659 nipype.workflow INFO:
	 [Node] Setting-up "_acc_msk_bin1" in "/work/fmriprep_25_0_wf/sub_01_wf/bold_task_rsvp_run_1_wf/bold_confounds_wf/acc_msk_bin/mapflow/_acc_msk_bin1".
250917-09:43:48,660 nipype.workflow INFO:
	 [Node] Setting-up "_acc_msk_bin2" in "/work/fmriprep_25_0_wf/sub_01_wf/bold_task_rsvp_run_1_wf/bold_confounds_wf/acc_msk_bin/mapflow/_acc_msk_bin2".
250917-09:43:48,662 nipype.workflow INFO:
	 [Node] Setting-up "_acc_msk_bin0" in "/work/fmriprep_25_0_wf/sub_01_wf/bold_task_rsvp_run_2_wf/bold_confounds_wf/acc_msk_bin/mapflow/_acc_msk_bin0".
250917-09:43:48,682 nipype.workflow INFO:
	 [Node] Executing "_acc_msk_brain2" <niworkflows.interfaces.nibabel.ApplyMask>
250917-09:43:48,687 nipype.workflow INFO:
	 [Node] Executing "_acc_msk_bin0" <niworkflows.interfaces.nibabel.Binarize>
250917-09:43:48,690 nipype.workflow INFO:
	 [Node] Executing "resample" <fmriprep.interfaces.resampling.ResampleSeries>
250917-09:43:48,693 nipype.workflow INFO:
	 [Node] Executing "_acc_msk_bin2" <niworkflows.interfaces.nibabel.Binarize>
250917-09:43:48,694 nipype.workflow INFO:
	 [Node] Executing "_acc_msk_bin0" <niworkflows.interfaces.nibabel.Binarize>
250917-09:43:48,694 nipype.workflow INFO:
	 [Node] Executing "_acc_msk_bin1" <niworkflows.interfaces.nibabel.Binarize>
250917-09:43:48,725 nipype.workflow INFO:
	 [Node] Finished "_acc_msk_bin0", elapsed time 0.0368s.
250917-09:43:48,727 nipype.workflow INFO:
	 [Node] Finished "_acc_msk_brain2", elapsed time 0.044261s.
250917-09:43:48,733 nipype.workflow INFO:
	 [Node] Finished "_acc_msk_bin2", elapsed time 0.03985s.
250917-09:43:48,739 nipype.workflow INFO:
	 [Node] Finished "_acc_msk_bin1", elapsed time 0.044033s.
250917-09:43:48,749 nipype.workflow INFO:
	 [Node] Finished "_acc_msk_bin0", elapsed time 0.054122s.
250917-09:43:50,645 nipype.workflow INFO:
	 [Node] Setting-up "_acc_msk_brain0" in "/work/fmriprep_25_0_wf/sub_01_wf/bold_task_rsvp_run_6_wf/bold_confounds_wf/acc_msk_brain/mapflow/_acc_msk_brain0".
250917-09:43:50,646 nipype.workflow INFO:
	 [Node] Setting-up "_acc_msk_bin0" in "/work/fmriprep_25_0_wf/sub_01_wf/bold_task_rsvp_run_1_wf/bold_confounds_wf/acc_msk_bin/mapflow/_acc_msk_bin0".
250917-09:43:50,647 nipype.workflow INFO:
	 [Node] Setting-up "_acc_msk_bin1" in "/work/fmriprep_25_0_wf/sub_01_wf/bold_task_rsvp_run_2_wf/bold_confounds_wf/acc_msk_bin/mapflow/_acc_msk_bin1".
250917-09:43:50,648 nipype.workflow INFO:
	 [Node] Setting-up "_acc_msk_bin2" in "/work/fmriprep_25_0_wf/sub_01_wf/bold_task_rsvp_run_2_wf/bold_confounds_wf/acc_msk_bin/mapflow/_acc_msk_bin2".
250917-09:43:50,648 nipype.workflow INFO:
	 [Node] Cached "_acc_msk_bin0" - collecting precomputed outputs
250917-09:43:50,648 nipype.workflow INFO:
	 [Node] "_acc_msk_bin0" found cached.
250917-09:43:50,648 nipype.workflow INFO:
	 [Node] Cached "_acc_msk_brain0" - collecting precomputed outputs
250917-09:43:50,649 nipype.workflow INFO:
	 [Node] "_acc_msk_brain0" found cached.
250917-09:43:50,649 nipype.workflow INFO:
	 [Node] Setting-up "_acc_msk_bin0" in "/work/fmriprep_25_0_wf/sub_01_wf/bold_task_rsvp_run_3_wf/bold_confounds_wf/acc_msk_bin/mapflow/_acc_msk_bin0".
250917-09:43:50,649 nipype.workflow INFO:
	 [Node] Setting-up "_acc_msk_bin1" in "/work/fmriprep_25_0_wf/sub_01_wf/bold_task_rsvp_run_1_wf/bold_confounds_wf/acc_msk_bin/mapflow/_acc_msk_bin1".
250917-09:43:50,649 nipype.workflow INFO:
	 [Node] Setting-up "_acc_msk_bin1" in "/work/fmriprep_25_0_wf/sub_01_wf/bold_task_rsvp_run_3_wf/bold_confounds_wf/acc_msk_bin/mapflow/_acc_msk_bin1".
250917-09:43:50,650 nipype.workflow INFO:
	 [Node] Setting-up "_acc_msk_brain1" in "/work/fmriprep_25_0_wf/sub_01_wf/bold_task_rsvp_run_6_wf/bold_confounds_wf/acc_msk_brain/mapflow/_acc_msk_brain1".
250917-09:43:50,652 nipype.workflow INFO:
	 [Node] Cached "_acc_msk_bin1" - collecting precomputed outputs
250917-09:43:50,652 nipype.workflow INFO:
	 [Node] "_acc_msk_bin1" found cached.
250917-09:43:50,652 nipype.workflow INFO:
	 [Node] Cached "_acc_msk_brain1" - collecting precomputed outputs
250917-09:43:50,652 nipype.workflow INFO:
	 [Node] "_acc_msk_brain1" found cached.
250917-09:43:50,653 nipype.workflow INFO:
	 [Node] Setting-up "_acc_msk_bin2" in "/work/fmriprep_25_0_wf/sub_01_wf/bold_task_rsvp_run_1_wf/bold_confounds_wf/acc_msk_bin/mapflow/_acc_msk_bin2".
250917-09:43:50,653 nipype.workflow INFO:
	 [Node] Setting-up "_acc_msk_brain2" in "/work/fmriprep_25_0_wf/sub_01_wf/bold_task_rsvp_run_6_wf/bold_confounds_wf/acc_msk_brain/mapflow/_acc_msk_brain2".
250917-09:43:50,654 nipype.workflow INFO:
	 [Node] Cached "_acc_msk_bin2" - collecting precomputed outputs
250917-09:43:50,655 nipype.workflow INFO:
	 [Node] "_acc_msk_bin2" found cached.
250917-09:43:50,655 nipype.workflow INFO:
	 [Node] Cached "_acc_msk_brain2" - collecting precomputed outputs
250917-09:43:50,655 nipype.workflow INFO:
	 [Node] "_acc_msk_brain2" found cached.
250917-09:43:50,673 nipype.workflow INFO:
	 [Node] Executing "_acc_msk_bin2" <niworkflows.interfaces.nibabel.Binarize>
250917-09:43:50,673 nipype.workflow INFO:
	 [Node] Executing "_acc_msk_bin1" <niworkflows.interfaces.nibabel.Binarize>
250917-09:43:50,675 nipype.workflow INFO:
	 [Node] Executing "_acc_msk_bin0" <niworkflows.interfaces.nibabel.Binarize>
250917-09:43:50,675 nipype.workflow INFO:
	 [Node] Executing "_acc_msk_bin1" <niworkflows.interfaces.nibabel.Binarize>
250917-09:43:50,725 nipype.workflow INFO:
	 [Node] Finished "_acc_msk_bin2", elapsed time 0.051604s.
250917-09:43:50,731 nipype.workflow INFO:
	 [Node] Finished "_acc_msk_bin1", elapsed time 0.05647s.
250917-09:43:50,731 nipype.workflow INFO:
	 [Node] Finished "_acc_msk_bin0", elapsed time 0.055712s.
250917-09:43:50,732 nipype.workflow INFO:
	 [Node] Finished "_acc_msk_bin1", elapsed time 0.056064s.
250917-09:43:52,630 nipype.workflow INFO:
	 [Node] Setting-up "_acc_msk_bin0" in "/work/fmriprep_25_0_wf/sub_01_wf/bold_task_rsvp_run_2_wf/bold_confounds_wf/acc_msk_bin/mapflow/_acc_msk_bin0".
250917-09:43:52,632 nipype.workflow INFO:
	 [Node] Setting-up "fmriprep_25_0_wf.sub_01_wf.bold_task_rsvp_run_1_wf.bold_confounds_wf.acompcor" in "/work/fmriprep_25_0_wf/sub_01_wf/bold_task_rsvp_run_1_wf/bold_confounds_wf/acompcor".
250917-09:43:52,632 nipype.workflow INFO:
	 [Node] Cached "_acc_msk_bin0" - collecting precomputed outputs
250917-09:43:52,632 nipype.workflow INFO:
	 [Node] "_acc_msk_bin0" found cached.
250917-09:43:52,633 nipype.workflow INFO:
	 [Node] Setting-up "_acc_msk_bin1" in "/work/fmriprep_25_0_wf/sub_01_wf/bold_task_rsvp_run_2_wf/bold_confounds_wf/acc_msk_bin/mapflow/_acc_msk_bin1".
250917-09:43:52,635 nipype.workflow INFO:
	 [Node] Cached "_acc_msk_bin1" - collecting precomputed outputs
250917-09:43:52,635 nipype.workflow INFO:
	 [Node] "_acc_msk_bin1" found cached.
250917-09:43:52,636 nipype.workflow INFO:
	 [Node] Setting-up "_acc_msk_bin2" in "/work/fmriprep_25_0_wf/sub_01_wf/bold_task_rsvp_run_2_wf/bold_confounds_wf/acc_msk_bin/mapflow/_acc_msk_bin2".
250917-09:43:52,638 nipype.workflow INFO:
	 [Node] Cached "_acc_msk_bin2" - collecting precomputed outputs
250917-09:43:52,638 nipype.workflow INFO:
	 [Node] "_acc_msk_bin2" found cached.
250917-09:43:52,663 nipype.workflow INFO:
	 [Node] Executing "acompcor" <niworkflows.interfaces.patches.RobustACompCor>
250917-09:43:53,231 nipype.workflow INFO:
	 [Node] Setting-up "fmriprep_25_0_wf.sub_01_wf.bold_task_rsvp_run_1_wf.carpetplot_wf.parcels" in "/work/fmriprep_25_0_wf/sub_01_wf/bold_task_rsvp_run_1_wf/carpetplot_wf/parcels".
250917-09:43:53,234 nipype.workflow INFO:
	 [Node] Setting-up "_acc_msk_bin2" in "/work/fmriprep_25_0_wf/sub_01_wf/bold_task_rsvp_run_3_wf/bold_confounds_wf/acc_msk_bin/mapflow/_acc_msk_bin2".
250917-09:43:53,235 nipype.workflow INFO:
	 [Node] Setting-up "_acc_msk_bin0" in "/work/fmriprep_25_0_wf/sub_01_wf/bold_task_rsvp_run_4_wf/bold_confounds_wf/acc_msk_bin/mapflow/_acc_msk_bin0".
250917-09:43:53,235 nipype.workflow INFO:
	 [Node] Setting-up "_acc_msk_bin1" in "/work/fmriprep_25_0_wf/sub_01_wf/bold_task_rsvp_run_4_wf/bold_confounds_wf/acc_msk_bin/mapflow/_acc_msk_bin1".
250917-09:43:53,254 nipype.workflow INFO:
	 [Node] Executing "_acc_msk_bin2" <niworkflows.interfaces.nibabel.Binarize>
250917-09:43:53,255 nipype.workflow INFO:
	 [Node] Executing "parcels" <nipype.interfaces.utility.wrappers.Function>
250917-09:43:53,260 nipype.workflow INFO:
	 [Node] Executing "_acc_msk_bin0" <niworkflows.interfaces.nibabel.Binarize>
250917-09:43:53,261 nipype.workflow INFO:
	 [Node] Executing "_acc_msk_bin1" <niworkflows.interfaces.nibabel.Binarize>
250917-09:43:53,288 nipype.workflow INFO:
	 [Node] Finished "parcels", elapsed time 0.032436s.
250917-09:43:53,301 nipype.workflow INFO:
	 [Node] Finished "_acc_msk_bin2", elapsed time 0.046114s.
250917-09:43:53,312 nipype.workflow INFO:
	 [Node] Finished "_acc_msk_bin1", elapsed time 0.050054s.
250917-09:43:53,320 nipype.workflow INFO:
	 [Node] Finished "_acc_msk_bin0", elapsed time 0.058795s.
250917-09:43:54,566 nipype.workflow INFO:
	 [Node] Finished "acompcor", elapsed time 1.901274s.
250917-09:43:54,591 nipype.workflow INFO:
	 [Node] Setting-up "fmriprep_25_0_wf.sub_01_wf.bold_task_rsvp_run_2_wf.bold_confounds_wf.acompcor" in "/work/fmriprep_25_0_wf/sub_01_wf/bold_task_rsvp_run_2_wf/bold_confounds_wf/acompcor".
250917-09:43:54,616 nipype.workflow INFO:
	 [Node] Setting-up "_acc_msk_bin0" in "/work/fmriprep_25_0_wf/sub_01_wf/bold_task_rsvp_run_3_wf/bold_confounds_wf/acc_msk_bin/mapflow/_acc_msk_bin0".
250917-09:43:54,620 nipype.workflow INFO:
	 [Node] Cached "_acc_msk_bin0" - collecting precomputed outputs
250917-09:43:54,620 nipype.workflow INFO:
	 [Node] "_acc_msk_bin0" found cached.
250917-09:43:54,621 nipype.workflow INFO:
	 [Node] Setting-up "_acc_msk_bin1" in "/work/fmriprep_25_0_wf/sub_01_wf/bold_task_rsvp_run_3_wf/bold_confounds_wf/acc_msk_bin/mapflow/_acc_msk_bin1".
250917-09:43:54,622 nipype.workflow INFO:
	 [Node] Executing "acompcor" <niworkflows.interfaces.patches.RobustACompCor>
250917-09:43:54,623 nipype.workflow INFO:
	 [Node] Cached "_acc_msk_bin1" - collecting precomputed outputs
250917-09:43:54,623 nipype.workflow INFO:
	 [Node] "_acc_msk_bin1" found cached.
250917-09:43:54,625 nipype.workflow INFO:
	 [Node] Setting-up "_acc_msk_bin2" in "/work/fmriprep_25_0_wf/sub_01_wf/bold_task_rsvp_run_3_wf/bold_confounds_wf/acc_msk_bin/mapflow/_acc_msk_bin2".
250917-09:43:54,627 nipype.workflow INFO:
	 [Node] Cached "_acc_msk_bin2" - collecting precomputed outputs
250917-09:43:54,627 nipype.workflow INFO:
	 [Node] "_acc_msk_bin2" found cached.
250917-09:43:55,110 nipype.workflow INFO:
	 [Node] Setting-up "fmriprep_25_0_wf.sub_01_wf.bold_task_rsvp_run_2_wf.carpetplot_wf.parcels" in "/work/fmriprep_25_0_wf/sub_01_wf/bold_task_rsvp_run_2_wf/carpetplot_wf/parcels".
250917-09:43:55,111 nipype.workflow INFO:
	 [Node] Setting-up "fmriprep_25_0_wf.sub_01_wf.bold_task_rsvp_run_1_wf.bold_confounds_wf.signals" in "/work/fmriprep_25_0_wf/sub_01_wf/bold_task_rsvp_run_1_wf/bold_confounds_wf/signals".
250917-09:43:55,141 nipype.workflow INFO:
	 [Node] Executing "parcels" <nipype.interfaces.utility.wrappers.Function>
250917-09:43:55,142 nipype.workflow INFO:
	 [Node] Executing "signals" <niworkflows.interfaces.images.SignalExtraction>
250917-09:43:55,177 nipype.workflow INFO:
	 [Node] Finished "parcels", elapsed time 0.034687s.
250917-09:43:56,185 nipype.workflow INFO:
	 [Node] Finished "acompcor", elapsed time 1.561911s.
250917-09:43:56,616 nipype.workflow INFO:
	 [Node] Setting-up "fmriprep_25_0_wf.sub_01_wf.bold_task_rsvp_run_3_wf.bold_confounds_wf.acompcor" in "/work/fmriprep_25_0_wf/sub_01_wf/bold_task_rsvp_run_3_wf/bold_confounds_wf/acompcor".
250917-09:43:56,647 nipype.workflow INFO:
	 [Node] Executing "acompcor" <niworkflows.interfaces.patches.RobustACompCor>
250917-09:43:57,45 nipype.workflow INFO:
	 [Node] Finished "signals", elapsed time 1.90249s.
250917-09:43:57,161 nipype.workflow INFO:
	 [Node] Setting-up "fmriprep_25_0_wf.sub_01_wf.bold_task_rsvp_run_3_wf.carpetplot_wf.parcels" in "/work/fmriprep_25_0_wf/sub_01_wf/bold_task_rsvp_run_3_wf/carpetplot_wf/parcels".
250917-09:43:57,162 nipype.workflow INFO:
	 [Node] Setting-up "fmriprep_25_0_wf.sub_01_wf.bold_task_rsvp_run_1_wf.bold_confounds_wf.rename_acompcor" in "/work/fmriprep_25_0_wf/sub_01_wf/bold_task_rsvp_run_1_wf/bold_confounds_wf/rename_acompcor".
250917-09:43:57,163 nipype.workflow INFO:
	 [Node] Setting-up "fmriprep_25_0_wf.sub_01_wf.bold_task_rsvp_run_2_wf.bold_confounds_wf.rename_acompcor" in "/work/fmriprep_25_0_wf/sub_01_wf/bold_task_rsvp_run_2_wf/bold_confounds_wf/rename_acompcor".
250917-09:43:57,164 nipype.workflow INFO:
	 [Node] Setting-up "fmriprep_25_0_wf.sub_01_wf.bold_task_rsvp_run_2_wf.bold_confounds_wf.signals" in "/work/fmriprep_25_0_wf/sub_01_wf/bold_task_rsvp_run_2_wf/bold_confounds_wf/signals".
250917-09:43:57,189 nipype.workflow INFO:
	 [Node] Executing "rename_acompcor" <fmriprep.interfaces.confounds.RenameACompCor>
250917-09:43:57,190 nipype.workflow INFO:
	 [Node] Executing "parcels" <nipype.interfaces.utility.wrappers.Function>
250917-09:43:57,191 nipype.workflow INFO:
	 [Node] Executing "signals" <niworkflows.interfaces.images.SignalExtraction>
250917-09:43:57,191 nipype.workflow INFO:
	 [Node] Executing "rename_acompcor" <fmriprep.interfaces.confounds.RenameACompCor>
250917-09:43:57,221 nipype.workflow INFO:
	 [Node] Finished "parcels", elapsed time 0.030793s.
250917-09:43:57,290 nipype.workflow INFO:
	 [Node] Finished "rename_acompcor", elapsed time 0.100286s.
250917-09:43:57,312 nipype.workflow INFO:
	 [Node] Finished "rename_acompcor", elapsed time 0.120213s.
250917-09:43:58,561 nipype.workflow INFO:
	 [Node] Finished "acompcor", elapsed time 1.913141s.
250917-09:43:58,604 nipype.workflow INFO:
	 [Node] Setting-up "fmriprep_25_0_wf.sub_01_wf.bold_task_rsvp_run_3_wf.bold_confounds_wf.signals" in "/work/fmriprep_25_0_wf/sub_01_wf/bold_task_rsvp_run_3_wf/bold_confounds_wf/signals".
250917-09:43:58,631 nipype.workflow INFO:
	 [Node] Executing "signals" <niworkflows.interfaces.images.SignalExtraction>
250917-09:43:58,992 nipype.workflow INFO:
	 [Node] Finished "signals", elapsed time 1.800543s.
250917-09:43:59,158 nipype.workflow INFO:
	 [Node] Setting-up "fmriprep_25_0_wf.sub_01_wf.bold_task_rsvp_run_1_wf.bold_confounds_wf.acc_metadata_filter" in "/work/fmriprep_25_0_wf/sub_01_wf/bold_task_rsvp_run_1_wf/bold_confounds_wf/acc_metadata_filter".
250917-09:43:59,183 nipype.workflow INFO:
	 [Node] Executing "acc_metadata_filter" <fmriprep.interfaces.confounds.FilterDropped>
250917-09:43:59,195 nipype.workflow INFO:
	 [Node] Finished "acc_metadata_filter", elapsed time 0.010461s.
250917-09:43:59,612 nipype.workflow INFO:
	 [Node] Setting-up "fmriprep_25_0_wf.sub_01_wf.bold_task_rsvp_run_2_wf.bold_confounds_wf.acc_metadata_filter" in "/work/fmriprep_25_0_wf/sub_01_wf/bold_task_rsvp_run_2_wf/bold_confounds_wf/acc_metadata_filter".
250917-09:43:59,642 nipype.workflow INFO:
	 [Node] Setting-up "_acc_msk_bin2" in "/work/fmriprep_25_0_wf/sub_01_wf/bold_task_rsvp_run_4_wf/bold_confounds_wf/acc_msk_bin/mapflow/_acc_msk_bin2".
250917-09:43:59,745 nipype.workflow INFO:
	 [Node] Executing "_acc_msk_bin2" <niworkflows.interfaces.nibabel.Binarize>
250917-09:43:59,746 nipype.workflow INFO:
	 [Node] Executing "acc_metadata_filter" <fmriprep.interfaces.confounds.FilterDropped>
250917-09:43:59,912 nipype.workflow INFO:
	 [Node] Finished "acc_metadata_filter", elapsed time 0.164436s.
250917-09:44:00,188 nipype.workflow INFO:
	 [Node] Finished "_acc_msk_bin2", elapsed time 0.441413s.
250917-09:44:00,603 nipype.workflow INFO:
	 [Node] Setting-up "fmriprep_25_0_wf.sub_01_wf.bold_task_rsvp_run_3_wf.bold_confounds_wf.rename_acompcor" in "/work/fmriprep_25_0_wf/sub_01_wf/bold_task_rsvp_run_3_wf/bold_confounds_wf/rename_acompcor".
250917-09:44:00,613 nipype.workflow INFO:
	 [Node] Setting-up "fmriprep_25_0_wf.sub_01_wf.bold_task_rsvp_run_1_wf.bold_confounds_wf.rois_plot" in "/work/fmriprep_25_0_wf/sub_01_wf/bold_task_rsvp_run_1_wf/bold_confounds_wf/rois_plot".
250917-09:44:00,614 nipype.workflow INFO:
	 [Node] Setting-up "fmriprep_25_0_wf.sub_01_wf.bold_task_rsvp_run_2_wf.bold_confounds_wf.rois_plot" in "/work/fmriprep_25_0_wf/sub_01_wf/bold_task_rsvp_run_2_wf/bold_confounds_wf/rois_plot".
250917-09:44:00,681 nipype.workflow INFO:
	 [Node] Finished "signals", elapsed time 2.048604s.
250917-09:44:00,703 nipype.workflow INFO:
	 [Node] Executing "rename_acompcor" <fmriprep.interfaces.confounds.RenameACompCor>
250917-09:44:00,704 nipype.workflow INFO:
	 [Node] Executing "rois_plot" <niworkflows.interfaces.reportlets.masks.ROIsPlot>
250917-09:44:00,704 nipype.workflow INFO:
	 [Node] Executing "rois_plot" <niworkflows.interfaces.reportlets.masks.ROIsPlot>
250917-09:44:00,771 nipype.workflow INFO:
	 [Node] Finished "resample", elapsed time 12.080685s.
250917-09:44:00,879 nipype.workflow INFO:
	 [Node] Finished "rename_acompcor", elapsed time 0.174779s.
250917-09:44:02,600 nipype.workflow INFO:
	 [Node] Setting-up "fmriprep_25_0_wf.sub_01_wf.bold_task_rsvp_run_4_wf.bold_anat_wf.resample" in "/work/fmriprep_25_0_wf/sub_01_wf/bold_task_rsvp_run_4_wf/bold_anat_wf/resample".
250917-09:44:02,620 nipype.workflow INFO:
	 [Node] Setting-up "_acc_msk_bin0" in "/work/fmriprep_25_0_wf/sub_01_wf/bold_task_rsvp_run_4_wf/bold_confounds_wf/acc_msk_bin/mapflow/_acc_msk_bin0".
250917-09:44:02,623 nipype.workflow INFO:
	 [Node] Cached "_acc_msk_bin0" - collecting precomputed outputs
250917-09:44:02,623 nipype.workflow INFO:
	 [Node] "_acc_msk_bin0" found cached.
250917-09:44:02,624 nipype.workflow INFO:
	 [Node] Setting-up "_acc_msk_bin1" in "/work/fmriprep_25_0_wf/sub_01_wf/bold_task_rsvp_run_4_wf/bold_confounds_wf/acc_msk_bin/mapflow/_acc_msk_bin1".
250917-09:44:02,626 nipype.workflow INFO:
	 [Node] Cached "_acc_msk_bin1" - collecting precomputed outputs
250917-09:44:02,626 nipype.workflow INFO:
	 [Node] "_acc_msk_bin1" found cached.
250917-09:44:02,627 nipype.workflow INFO:
	 [Node] Setting-up "_acc_msk_bin2" in "/work/fmriprep_25_0_wf/sub_01_wf/bold_task_rsvp_run_4_wf/bold_confounds_wf/acc_msk_bin/mapflow/_acc_msk_bin2".
250917-09:44:02,629 nipype.workflow INFO:
	 [Node] Cached "_acc_msk_bin2" - collecting precomputed outputs
250917-09:44:02,629 nipype.workflow INFO:
	 [Node] "_acc_msk_bin2" found cached.
250917-09:44:02,634 nipype.workflow INFO:
	 [Node] Executing "resample" <fmriprep.interfaces.resampling.ResampleSeries>
250917-09:44:02,873 nipype.workflow INFO:
	 [Node] Setting-up "fmriprep_25_0_wf.sub_01_wf.bold_task_rsvp_run_3_wf.bold_confounds_wf.rois_plot" in "/work/fmriprep_25_0_wf/sub_01_wf/bold_task_rsvp_run_3_wf/bold_confounds_wf/rois_plot".
250917-09:44:02,902 nipype.workflow INFO:
	 [Node] Executing "rois_plot" <niworkflows.interfaces.reportlets.masks.ROIsPlot>
250917-09:44:03,290 nipype.workflow INFO:
	 [Node] Setting-up "fmriprep_25_0_wf.sub_01_wf.bold_task_rsvp_run_3_wf.bold_confounds_wf.acc_metadata_filter" in "/work/fmriprep_25_0_wf/sub_01_wf/bold_task_rsvp_run_3_wf/bold_confounds_wf/acc_metadata_filter".
250917-09:44:03,319 nipype.workflow INFO:
	 [Node] Executing "acc_metadata_filter" <fmriprep.interfaces.confounds.FilterDropped>
250917-09:44:03,328 nipype.workflow INFO:
	 [Node] Finished "acc_metadata_filter", elapsed time 0.00828s.
250917-09:44:03,778 nipype.workflow INFO:
	 [Node] Setting-up "fmriprep_25_0_wf.sub_01_wf.bold_task_rsvp_run_1_wf.bold_confounds_wf.compcor_plot" in "/work/fmriprep_25_0_wf/sub_01_wf/bold_task_rsvp_run_1_wf/bold_confounds_wf/compcor_plot".
250917-09:44:03,815 nipype.workflow INFO:
	 [Node] Executing "compcor_plot" <nireports.interfaces.nuisance.CompCorVariancePlot>
250917-09:44:04,199 nipype.workflow INFO:
	 [Node] Finished "compcor_plot", elapsed time 0.38286s.
250917-09:44:05,331 nipype.workflow INFO:
	 [Node] Setting-up "fmriprep_25_0_wf.sub_01_wf.bold_task_rsvp_run_4_wf.carpetplot_wf.parcels" in "/work/fmriprep_25_0_wf/sub_01_wf/bold_task_rsvp_run_4_wf/carpetplot_wf/parcels".
250917-09:44:05,332 nipype.workflow INFO:
	 [Node] Setting-up "fmriprep_25_0_wf.sub_01_wf.bold_task_rsvp_run_2_wf.bold_confounds_wf.compcor_plot" in "/work/fmriprep_25_0_wf/sub_01_wf/bold_task_rsvp_run_2_wf/bold_confounds_wf/compcor_plot".
250917-09:44:05,333 nipype.workflow INFO:
	 [Node] Setting-up "fmriprep_25_0_wf.sub_01_wf.bold_task_rsvp_run_3_wf.bold_confounds_wf.compcor_plot" in "/work/fmriprep_25_0_wf/sub_01_wf/bold_task_rsvp_run_3_wf/bold_confounds_wf/compcor_plot".
250917-09:44:05,356 nipype.workflow INFO:
	 [Node] Executing "compcor_plot" <nireports.interfaces.nuisance.CompCorVariancePlot>
250917-09:44:05,357 nipype.workflow INFO:
	 [Node] Executing "parcels" <nipype.interfaces.utility.wrappers.Function>
250917-09:44:05,358 nipype.workflow INFO:
	 [Node] Executing "compcor_plot" <nireports.interfaces.nuisance.CompCorVariancePlot>
250917-09:44:05,407 nipype.workflow INFO:
	 [Node] Finished "parcels", elapsed time 0.048687s.
250917-09:44:05,706 nipype.workflow INFO:
	 [Node] Finished "compcor_plot", elapsed time 0.349088s.
250917-09:44:05,763 nipype.workflow INFO:
	 [Node] Finished "compcor_plot", elapsed time 0.403619s.
250917-09:44:06,672 nipype.workflow INFO:
	 [Node] Setting-up "fmriprep_25_0_wf.sub_01_wf.bold_task_rsvp_run_1_wf.bold_confounds_wf.acc_metadata_fmt" in "/work/fmriprep_25_0_wf/sub_01_wf/bold_task_rsvp_run_1_wf/bold_confounds_wf/acc_metadata_fmt".
250917-09:44:06,674 nipype.workflow INFO:
	 [Node] Setting-up "fmriprep_25_0_wf.sub_01_wf.bold_task_rsvp_run_1_wf.bold_confounds_wf.conf_corr_plot" in "/work/fmriprep_25_0_wf/sub_01_wf/bold_task_rsvp_run_1_wf/bold_confounds_wf/conf_corr_plot".
250917-09:44:06,676 nipype.workflow INFO:
	 [Node] Setting-up "fmriprep_25_0_wf.sub_01_wf.bold_task_rsvp_run_1_wf.bold_confounds_wf.model_expansion" in "/work/fmriprep_25_0_wf/sub_01_wf/bold_task_rsvp_run_1_wf/bold_confounds_wf/model_expansion".
250917-09:44:06,699 nipype.workflow INFO:
	 [Node] Executing "acc_metadata_fmt" <niworkflows.interfaces.utility.TSV2JSON>
250917-09:44:06,702 nipype.workflow INFO:
	 [Node] Executing "model_expansion" <niworkflows.interfaces.confounds.ExpandModel>
250917-09:44:06,709 nipype.workflow INFO:
	 [Node] Finished "acc_metadata_fmt", elapsed time 0.009149s.
250917-09:44:06,716 nipype.workflow INFO:
	 [Node] Executing "conf_corr_plot" <nireports.interfaces.nuisance.ConfoundsCorrelationPlot>
250917-09:44:06,947 nipype.workflow INFO:
	 [Node] Finished "model_expansion", elapsed time 0.243671s.
250917-09:44:07,816 nipype.workflow INFO:
	 [Node] Finished "conf_corr_plot", elapsed time 1.098935s.
250917-09:44:08,674 nipype.workflow INFO:
	 [Node] Setting-up "fmriprep_25_0_wf.sub_01_wf.bold_task_rsvp_run_2_wf.bold_confounds_wf.acc_metadata_fmt" in "/work/fmriprep_25_0_wf/sub_01_wf/bold_task_rsvp_run_2_wf/bold_confounds_wf/acc_metadata_fmt".
250917-09:44:08,676 nipype.workflow INFO:
	 [Node] Setting-up "fmriprep_25_0_wf.sub_01_wf.bold_task_rsvp_run_2_wf.bold_confounds_wf.conf_corr_plot" in "/work/fmriprep_25_0_wf/sub_01_wf/bold_task_rsvp_run_2_wf/bold_confounds_wf/conf_corr_plot".
250917-09:44:08,679 nipype.workflow INFO:
	 [Node] Setting-up "fmriprep_25_0_wf.sub_01_wf.bold_task_rsvp_run_2_wf.bold_confounds_wf.model_expansion" in "/work/fmriprep_25_0_wf/sub_01_wf/bold_task_rsvp_run_2_wf/bold_confounds_wf/model_expansion".
250917-09:44:08,703 nipype.workflow INFO:
	 [Node] Executing "acc_metadata_fmt" <niworkflows.interfaces.utility.TSV2JSON>
250917-09:44:08,705 nipype.workflow INFO:
	 [Node] Executing "model_expansion" <niworkflows.interfaces.confounds.ExpandModel>
250917-09:44:08,714 nipype.workflow INFO:
	 [Node] Finished "acc_metadata_fmt", elapsed time 0.009402s.
250917-09:44:08,722 nipype.workflow INFO:
	 [Node] Executing "conf_corr_plot" <nireports.interfaces.nuisance.ConfoundsCorrelationPlot>
250917-09:44:08,848 nipype.workflow INFO:
	 [Node] Finished "model_expansion", elapsed time 0.142301s.
250917-09:44:09,618 nipype.workflow INFO:
	 [Node] Finished "conf_corr_plot", elapsed time 0.895032s.
250917-09:44:10,619 nipype.workflow INFO:
	 [Node] Setting-up "fmriprep_25_0_wf.sub_01_wf.bold_task_rsvp_run_3_wf.bold_confounds_wf.acc_metadata_fmt" in "/work/fmriprep_25_0_wf/sub_01_wf/bold_task_rsvp_run_3_wf/bold_confounds_wf/acc_metadata_fmt".
250917-09:44:10,620 nipype.workflow INFO:
	 [Node] Setting-up "fmriprep_25_0_wf.sub_01_wf.bold_task_rsvp_run_3_wf.bold_confounds_wf.conf_corr_plot" in "/work/fmriprep_25_0_wf/sub_01_wf/bold_task_rsvp_run_3_wf/bold_confounds_wf/conf_corr_plot".
250917-09:44:10,621 nipype.workflow INFO:
	 [Node] Setting-up "fmriprep_25_0_wf.sub_01_wf.bold_task_rsvp_run_3_wf.bold_confounds_wf.model_expansion" in "/work/fmriprep_25_0_wf/sub_01_wf/bold_task_rsvp_run_3_wf/bold_confounds_wf/model_expansion".
250917-09:44:10,650 nipype.workflow INFO:
	 [Node] Executing "model_expansion" <niworkflows.interfaces.confounds.ExpandModel>
250917-09:44:10,652 nipype.workflow INFO:
	 [Node] Executing "acc_metadata_fmt" <niworkflows.interfaces.utility.TSV2JSON>
250917-09:44:10,660 nipype.workflow INFO:
	 [Node] Finished "acc_metadata_fmt", elapsed time 0.007629s.
250917-09:44:10,671 nipype.workflow INFO:
	 [Node] Executing "conf_corr_plot" <nireports.interfaces.nuisance.ConfoundsCorrelationPlot>
250917-09:44:10,890 nipype.workflow INFO:
	 [Node] Finished "model_expansion", elapsed time 0.238753s.
250917-09:44:11,716 nipype.workflow INFO:
	 [Node] Finished "conf_corr_plot", elapsed time 1.044195s.
250917-09:44:13,525 nipype.workflow INFO:
	 [Node] Finished "rois_plot", elapsed time 12.819887s.
250917-09:44:13,660 nipype.workflow INFO:
	 [Node] Finished "rois_plot", elapsed time 12.954061s.
250917-09:44:13,902 nipype.workflow INFO:
	 [Node] Setting-up "fmriprep_25_0_wf.sub_01_wf.bold_task_rsvp_run_1_wf.bold_confounds_wf.spike_regressors" in "/work/fmriprep_25_0_wf/sub_01_wf/bold_task_rsvp_run_1_wf/bold_confounds_wf/spike_regressors".
250917-09:44:13,928 nipype.workflow INFO:
	 [Node] Executing "spike_regressors" <niworkflows.interfaces.confounds.SpikeRegressors>
250917-09:44:14,82 nipype.workflow INFO:
	 [Node] Finished "spike_regressors", elapsed time 0.152639s.
250917-09:44:15,393 nipype.workflow INFO:
	 [Node] Finished "resample", elapsed time 12.757854s.
250917-09:44:15,572 nipype.workflow INFO:
	 [Node] Setting-up "fmriprep_25_0_wf.sub_01_wf.bold_task_rsvp_run_2_wf.bold_confounds_wf.spike_regressors" in "/work/fmriprep_25_0_wf/sub_01_wf/bold_task_rsvp_run_2_wf/bold_confounds_wf/spike_regressors".
250917-09:44:15,602 nipype.workflow INFO:
	 [Node] Executing "spike_regressors" <niworkflows.interfaces.confounds.SpikeRegressors>
250917-09:44:15,679 nipype.workflow INFO:
	 [Node] Finished "rois_plot", elapsed time 12.776679s.
250917-09:44:15,713 nipype.workflow INFO:
	 [Node] Finished "spike_regressors", elapsed time 0.11011s.
250917-09:44:16,284 nipype.workflow INFO:
	 [Node] Setting-up "fmriprep_25_0_wf.sub_01_wf.bold_task_rsvp_run_3_wf.bold_confounds_wf.spike_regressors" in "/work/fmriprep_25_0_wf/sub_01_wf/bold_task_rsvp_run_3_wf/bold_confounds_wf/spike_regressors".
250917-09:44:16,311 nipype.workflow INFO:
	 [Node] Executing "spike_regressors" <niworkflows.interfaces.confounds.SpikeRegressors>
250917-09:44:16,488 nipype.workflow INFO:
	 [Node] Finished "spike_regressors", elapsed time 0.175621s.
250917-09:44:16,503 nipype.workflow INFO:
	 [Node] Setting-up "fmriprep_25_0_wf.sub_01_wf.bold_task_rsvp_run_5_wf.bold_anat_wf.resample" in "/work/fmriprep_25_0_wf/sub_01_wf/bold_task_rsvp_run_5_wf/bold_anat_wf/resample".
250917-09:44:16,504 nipype.workflow INFO:
	 [Node] Setting-up "fmriprep_25_0_wf.sub_01_wf.bold_task_rsvp_run_4_wf.bold_confounds_wf.acompcor" in "/work/fmriprep_25_0_wf/sub_01_wf/bold_task_rsvp_run_4_wf/bold_confounds_wf/acompcor".
250917-09:44:16,505 nipype.workflow INFO:
	 [Node] Setting-up "fmriprep_25_0_wf.sub_01_wf.bold_task_rsvp_run_4_wf.bold_confounds_wf.signals" in "/work/fmriprep_25_0_wf/sub_01_wf/bold_task_rsvp_run_4_wf/bold_confounds_wf/signals".
250917-09:44:16,515 nipype.workflow INFO:
	 [Node] Setting-up "fmriprep_25_0_wf.sub_01_wf.bold_task_rsvp_run_4_wf.bold_confounds_wf.rois_plot" in "/work/fmriprep_25_0_wf/sub_01_wf/bold_task_rsvp_run_4_wf/bold_confounds_wf/rois_plot".
250917-09:44:16,540 nipype.workflow INFO:
	 [Node] Executing "signals" <niworkflows.interfaces.images.SignalExtraction>
250917-09:44:16,541 nipype.workflow INFO:
	 [Node] Executing "resample" <fmriprep.interfaces.resampling.ResampleSeries>
250917-09:44:16,541 nipype.workflow INFO:
	 [Node] Executing "acompcor" <niworkflows.interfaces.patches.RobustACompCor>
250917-09:44:16,551 nipype.workflow INFO:
	 [Node] Executing "rois_plot" <niworkflows.interfaces.reportlets.masks.ROIsPlot>
250917-09:44:18,396 nipype.workflow INFO:
	 [Node] Finished "signals", elapsed time 1.8542480000000001s.
250917-09:44:18,585 nipype.workflow INFO:
	 [Node] Finished "acompcor", elapsed time 2.043147s.
250917-09:44:19,158 nipype.workflow INFO:
	 [Node] Setting-up "_acc_msk_bin0" in "/work/fmriprep_25_0_wf/sub_01_wf/bold_task_rsvp_run_5_wf/bold_confounds_wf/acc_msk_bin/mapflow/_acc_msk_bin0".
250917-09:44:19,159 nipype.workflow INFO:
	 [Node] Setting-up "_acc_msk_bin1" in "/work/fmriprep_25_0_wf/sub_01_wf/bold_task_rsvp_run_5_wf/bold_confounds_wf/acc_msk_bin/mapflow/_acc_msk_bin1".
250917-09:44:19,185 nipype.workflow INFO:
	 [Node] Executing "_acc_msk_bin1" <niworkflows.interfaces.nibabel.Binarize>
250917-09:44:19,186 nipype.workflow INFO:
	 [Node] Executing "_acc_msk_bin0" <niworkflows.interfaces.nibabel.Binarize>
250917-09:44:19,236 nipype.workflow INFO:
	 [Node] Finished "_acc_msk_bin1", elapsed time 0.050086s.
250917-09:44:19,237 nipype.workflow INFO:
	 [Node] Finished "_acc_msk_bin0", elapsed time 0.049531s.
250917-09:44:19,447 nipype.workflow INFO:
	 [Node] Setting-up "fmriprep_25_0_wf.sub_01_wf.bold_task_rsvp_run_4_wf.bold_confounds_wf.rename_acompcor" in "/work/fmriprep_25_0_wf/sub_01_wf/bold_task_rsvp_run_4_wf/bold_confounds_wf/rename_acompcor".
250917-09:44:19,468 nipype.workflow INFO:
	 [Node] Executing "rename_acompcor" <fmriprep.interfaces.confounds.RenameACompCor>
250917-09:44:19,649 nipype.workflow INFO:
	 [Node] Finished "rename_acompcor", elapsed time 0.180421s.
250917-09:44:19,787 nipype.workflow INFO:
	 [Node] Setting-up "fmriprep_25_0_wf.sub_01_wf.bold_task_rsvp_run_1_wf.carpetplot_wf.conf_plot" in "/work/fmriprep_25_0_wf/sub_01_wf/bold_task_rsvp_run_1_wf/carpetplot_wf/conf_plot".
250917-09:44:19,788 nipype.workflow INFO:
	 [Node] Setting-up "fmriprep_25_0_wf.sub_01_wf.bold_task_rsvp_run_2_wf.carpetplot_wf.conf_plot" in "/work/fmriprep_25_0_wf/sub_01_wf/bold_task_rsvp_run_2_wf/carpetplot_wf/conf_plot".
250917-09:44:19,818 nipype.workflow INFO:
	 [Node] Executing "conf_plot" <fmriprep.interfaces.confounds.FMRISummary>
250917-09:44:19,819 nipype.workflow INFO:
	 [Node] Executing "conf_plot" <fmriprep.interfaces.confounds.FMRISummary>
250917-09:44:21,445 nipype.workflow INFO:
	 [Node] Setting-up "fmriprep_25_0_wf.sub_01_wf.bold_task_rsvp_run_4_wf.bold_confounds_wf.acc_metadata_filter" in "/work/fmriprep_25_0_wf/sub_01_wf/bold_task_rsvp_run_4_wf/bold_confounds_wf/acc_metadata_filter".
250917-09:44:21,470 nipype.workflow INFO:
	 [Node] Executing "acc_metadata_filter" <fmriprep.interfaces.confounds.FilterDropped>
250917-09:44:21,480 nipype.workflow INFO:
	 [Node] Finished "acc_metadata_filter", elapsed time 0.009159s.
250917-09:44:21,919 nipype.workflow INFO:
	 [Node] Setting-up "fmriprep_25_0_wf.sub_01_wf.bold_task_rsvp_run_4_wf.bold_confounds_wf.compcor_plot" in "/work/fmriprep_25_0_wf/sub_01_wf/bold_task_rsvp_run_4_wf/bold_confounds_wf/compcor_plot".
250917-09:44:21,919 nipype.workflow INFO:
	 [Node] Setting-up "fmriprep_25_0_wf.sub_01_wf.bold_task_rsvp_run_3_wf.carpetplot_wf.conf_plot" in "/work/fmriprep_25_0_wf/sub_01_wf/bold_task_rsvp_run_3_wf/carpetplot_wf/conf_plot".
250917-09:44:21,947 nipype.workflow INFO:
	 [Node] Executing "compcor_plot" <nireports.interfaces.nuisance.CompCorVariancePlot>
250917-09:44:21,953 nipype.workflow INFO:
	 [Node] Executing "conf_plot" <fmriprep.interfaces.confounds.FMRISummary>
250917-09:44:22,237 nipype.workflow INFO:
	 [Node] Finished "compcor_plot", elapsed time 0.289032s.
250917-09:44:23,424 nipype.workflow INFO:
	 [Node] Setting-up "fmriprep_25_0_wf.sub_01_wf.bold_task_rsvp_run_4_wf.bold_confounds_wf.acc_metadata_fmt" in "/work/fmriprep_25_0_wf/sub_01_wf/bold_task_rsvp_run_4_wf/bold_confounds_wf/acc_metadata_fmt".
250917-09:44:23,424 nipype.workflow INFO:
	 [Node] Setting-up "fmriprep_25_0_wf.sub_01_wf.bold_task_rsvp_run_4_wf.bold_confounds_wf.model_expansion" in "/work/fmriprep_25_0_wf/sub_01_wf/bold_task_rsvp_run_4_wf/bold_confounds_wf/model_expansion".
250917-09:44:23,447 nipype.workflow INFO:
	 [Node] Executing "model_expansion" <niworkflows.interfaces.confounds.ExpandModel>
250917-09:44:23,449 nipype.workflow INFO:
	 [Node] Executing "acc_metadata_fmt" <niworkflows.interfaces.utility.TSV2JSON>
250917-09:44:23,462 nipype.workflow INFO:
	 [Node] Finished "acc_metadata_fmt", elapsed time 0.011722s.
250917-09:44:23,640 nipype.workflow INFO:
	 [Node] Finished "model_expansion", elapsed time 0.192503s.
250917-09:44:23,833 nipype.workflow INFO:
	 [Node] Finished "conf_plot", elapsed time 4.013149s.
250917-09:44:23,880 nipype.workflow INFO:
	 [Node] Finished "conf_plot", elapsed time 4.061074s.
250917-09:44:25,415 nipype.workflow INFO:
	 [Node] Setting-up "fmriprep_25_0_wf.sub_01_wf.bold_task_rsvp_run_4_wf.bold_confounds_wf.conf_corr_plot" in "/work/fmriprep_25_0_wf/sub_01_wf/bold_task_rsvp_run_4_wf/bold_confounds_wf/conf_corr_plot".
250917-09:44:25,450 nipype.workflow INFO:
	 [Node] Executing "conf_corr_plot" <nireports.interfaces.nuisance.ConfoundsCorrelationPlot>
250917-09:44:25,758 nipype.workflow INFO:
	 [Node] Finished "conf_plot", elapsed time 3.803539s.
250917-09:44:26,181 nipype.workflow INFO:
	 [Node] Setting-up "fmriprep_25_0_wf.sub_01_wf.bold_task_rsvp_run_4_wf.bold_confounds_wf.spike_regressors" in "/work/fmriprep_25_0_wf/sub_01_wf/bold_task_rsvp_run_4_wf/bold_confounds_wf/spike_regressors".
250917-09:44:26,214 nipype.workflow INFO:
	 [Node] Executing "spike_regressors" <niworkflows.interfaces.confounds.SpikeRegressors>
250917-09:44:26,376 nipype.workflow INFO:
	 [Node] Finished "spike_regressors", elapsed time 0.160857s.
250917-09:44:26,521 nipype.workflow INFO:
	 [Node] Finished "conf_corr_plot", elapsed time 1.070446s.
250917-09:44:28,153 nipype.workflow INFO:
	 [Node] Setting-up "_acc_msk_bin2" in "/work/fmriprep_25_0_wf/sub_01_wf/bold_task_rsvp_run_5_wf/bold_confounds_wf/acc_msk_bin/mapflow/_acc_msk_bin2".
250917-09:44:28,158 nipype.workflow INFO:
	 [Node] Setting-up "_acc_msk_bin0" in "/work/fmriprep_25_0_wf/sub_01_wf/bold_task_rsvp_run_6_wf/bold_confounds_wf/acc_msk_bin/mapflow/_acc_msk_bin0".
250917-09:44:29,126 nipype.workflow INFO:
	 [Node] Executing "_acc_msk_bin2" <niworkflows.interfaces.nibabel.Binarize>
250917-09:44:29,210 nipype.workflow INFO:
	 [Node] Executing "_acc_msk_bin0" <niworkflows.interfaces.nibabel.Binarize>
250917-09:44:29,239 nipype.workflow INFO:
	 [Node] Finished "_acc_msk_bin2", elapsed time 0.110908s.
250917-09:44:29,263 nipype.workflow INFO:
	 [Node] Finished "_acc_msk_bin0", elapsed time 0.051366s.
250917-09:44:29,299 nipype.workflow INFO:
	 [Node] Finished "resample", elapsed time 12.756559s.
250917-09:44:29,397 nipype.workflow INFO:
	 [Node] Finished "rois_plot", elapsed time 12.84462s.
250917-09:44:29,941 nipype.workflow INFO:
	 [Node] Setting-up "fmriprep_25_0_wf.sub_01_wf.bold_task_rsvp_run_4_wf.carpetplot_wf.conf_plot" in "/work/fmriprep_25_0_wf/sub_01_wf/bold_task_rsvp_run_4_wf/carpetplot_wf/conf_plot".
250917-09:44:29,983 nipype.workflow INFO:
	 [Node] Executing "conf_plot" <fmriprep.interfaces.confounds.FMRISummary>
250917-09:44:30,255 nipype.workflow INFO:
	 [Node] Setting-up "_acc_msk_bin1" in "/work/fmriprep_25_0_wf/sub_01_wf/bold_task_rsvp_run_6_wf/bold_confounds_wf/acc_msk_bin/mapflow/_acc_msk_bin1".
250917-09:44:30,257 nipype.workflow INFO:
	 [Node] Setting-up "_acc_msk_bin2" in "/work/fmriprep_25_0_wf/sub_01_wf/bold_task_rsvp_run_6_wf/bold_confounds_wf/acc_msk_bin/mapflow/_acc_msk_bin2".
250917-09:44:30,283 nipype.workflow INFO:
	 [Node] Executing "_acc_msk_bin1" <niworkflows.interfaces.nibabel.Binarize>
250917-09:44:30,285 nipype.workflow INFO:
	 [Node] Executing "_acc_msk_bin2" <niworkflows.interfaces.nibabel.Binarize>
250917-09:44:30,327 nipype.workflow INFO:
	 [Node] Finished "_acc_msk_bin2", elapsed time 0.040731s.
250917-09:44:30,329 nipype.workflow INFO:
	 [Node] Finished "_acc_msk_bin1", elapsed time 0.045427s.
250917-09:44:30,497 nipype.workflow INFO:
	 [Node] Setting-up "fmriprep_25_0_wf.sub_01_wf.bold_task_rsvp_run_6_wf.bold_anat_wf.resample" in "/work/fmriprep_25_0_wf/sub_01_wf/bold_task_rsvp_run_6_wf/bold_anat_wf/resample".
250917-09:44:30,520 nipype.workflow INFO:
	 [Node] Setting-up "_acc_msk_bin0" in "/work/fmriprep_25_0_wf/sub_01_wf/bold_task_rsvp_run_5_wf/bold_confounds_wf/acc_msk_bin/mapflow/_acc_msk_bin0".
250917-09:44:30,523 nipype.workflow INFO:
	 [Node] Cached "_acc_msk_bin0" - collecting precomputed outputs
250917-09:44:30,523 nipype.workflow INFO:
	 [Node] "_acc_msk_bin0" found cached.
250917-09:44:30,524 nipype.workflow INFO:
	 [Node] Setting-up "_acc_msk_bin1" in "/work/fmriprep_25_0_wf/sub_01_wf/bold_task_rsvp_run_5_wf/bold_confounds_wf/acc_msk_bin/mapflow/_acc_msk_bin1".
250917-09:44:30,525 nipype.workflow INFO:
	 [Node] Cached "_acc_msk_bin1" - collecting precomputed outputs
250917-09:44:30,525 nipype.workflow INFO:
	 [Node] "_acc_msk_bin1" found cached.
250917-09:44:30,526 nipype.workflow INFO:
	 [Node] Setting-up "_acc_msk_bin2" in "/work/fmriprep_25_0_wf/sub_01_wf/bold_task_rsvp_run_5_wf/bold_confounds_wf/acc_msk_bin/mapflow/_acc_msk_bin2".
250917-09:44:30,528 nipype.workflow INFO:
	 [Node] Cached "_acc_msk_bin2" - collecting precomputed outputs
250917-09:44:30,528 nipype.workflow INFO:
	 [Node] "_acc_msk_bin2" found cached.
250917-09:44:30,528 nipype.workflow INFO:
	 [Node] Executing "resample" <fmriprep.interfaces.resampling.ResampleSeries>
250917-09:44:32,576 nipype.workflow INFO:
	 [Node] Setting-up "fmriprep_25_0_wf.sub_01_wf.bold_task_rsvp_run_5_wf.bold_confounds_wf.acompcor" in "/work/fmriprep_25_0_wf/sub_01_wf/bold_task_rsvp_run_5_wf/bold_confounds_wf/acompcor".
250917-09:44:32,603 nipype.workflow INFO:
	 [Node] Setting-up "_acc_msk_bin0" in "/work/fmriprep_25_0_wf/sub_01_wf/bold_task_rsvp_run_6_wf/bold_confounds_wf/acc_msk_bin/mapflow/_acc_msk_bin0".
250917-09:44:32,606 nipype.workflow INFO:
	 [Node] Cached "_acc_msk_bin0" - collecting precomputed outputs
250917-09:44:32,607 nipype.workflow INFO:
	 [Node] "_acc_msk_bin0" found cached.
250917-09:44:32,608 nipype.workflow INFO:
	 [Node] Setting-up "_acc_msk_bin1" in "/work/fmriprep_25_0_wf/sub_01_wf/bold_task_rsvp_run_6_wf/bold_confounds_wf/acc_msk_bin/mapflow/_acc_msk_bin1".
250917-09:44:32,609 nipype.workflow INFO:
	 [Node] Executing "acompcor" <niworkflows.interfaces.patches.RobustACompCor>
250917-09:44:32,610 nipype.workflow INFO:
	 [Node] Cached "_acc_msk_bin1" - collecting precomputed outputs
250917-09:44:32,610 nipype.workflow INFO:
	 [Node] "_acc_msk_bin1" found cached.
250917-09:44:32,611 nipype.workflow INFO:
	 [Node] Setting-up "_acc_msk_bin2" in "/work/fmriprep_25_0_wf/sub_01_wf/bold_task_rsvp_run_6_wf/bold_confounds_wf/acc_msk_bin/mapflow/_acc_msk_bin2".
250917-09:44:32,614 nipype.workflow INFO:
	 [Node] Cached "_acc_msk_bin2" - collecting precomputed outputs
250917-09:44:32,614 nipype.workflow INFO:
	 [Node] "_acc_msk_bin2" found cached.
250917-09:44:33,210 nipype.workflow INFO:
	 [Node] Setting-up "fmriprep_25_0_wf.sub_01_wf.bold_task_rsvp_run_5_wf.carpetplot_wf.parcels" in "/work/fmriprep_25_0_wf/sub_01_wf/bold_task_rsvp_run_5_wf/carpetplot_wf/parcels".
250917-09:44:33,246 nipype.workflow INFO:
	 [Node] Executing "parcels" <nipype.interfaces.utility.wrappers.Function>
250917-09:44:33,290 nipype.workflow INFO:
	 [Node] Finished "parcels", elapsed time 0.043037s.
250917-09:44:34,195 nipype.workflow INFO:
	 [Node] Finished "conf_plot", elapsed time 4.211313s.
250917-09:44:34,513 nipype.workflow INFO:
	 [Node] Setting-up "fmriprep_25_0_wf.sub_01_wf.bold_task_rsvp_run_6_wf.bold_confounds_wf.acompcor" in "/work/fmriprep_25_0_wf/sub_01_wf/bold_task_rsvp_run_6_wf/bold_confounds_wf/acompcor".
250917-09:44:34,546 nipype.workflow INFO:
	 [Node] Executing "acompcor" <niworkflows.interfaces.patches.RobustACompCor>
250917-09:44:34,852 nipype.workflow INFO:
	 [Node] Finished "acompcor", elapsed time 2.241417s.
250917-09:44:35,111 nipype.workflow INFO:
	 [Node] Setting-up "fmriprep_25_0_wf.sub_01_wf.bold_task_rsvp_run_6_wf.carpetplot_wf.parcels" in "/work/fmriprep_25_0_wf/sub_01_wf/bold_task_rsvp_run_6_wf/carpetplot_wf/parcels".
250917-09:44:35,112 nipype.workflow INFO:
	 [Node] Setting-up "fmriprep_25_0_wf.sub_01_wf.bold_task_rsvp_run_5_wf.bold_confounds_wf.signals" in "/work/fmriprep_25_0_wf/sub_01_wf/bold_task_rsvp_run_5_wf/bold_confounds_wf/signals".
250917-09:44:35,143 nipype.workflow INFO:
	 [Node] Executing "parcels" <nipype.interfaces.utility.wrappers.Function>
250917-09:44:35,146 nipype.workflow INFO:
	 [Node] Executing "signals" <niworkflows.interfaces.images.SignalExtraction>
250917-09:44:35,177 nipype.workflow INFO:
	 [Node] Finished "parcels", elapsed time 0.032941s.
250917-09:44:36,319 nipype.workflow INFO:
	 [Node] Finished "acompcor", elapsed time 1.769382s.
250917-09:44:36,524 nipype.workflow INFO:
	 [Node] Setting-up "fmriprep_25_0_wf.sub_01_wf.bold_task_rsvp_run_5_wf.bold_confounds_wf.rename_acompcor" in "/work/fmriprep_25_0_wf/sub_01_wf/bold_task_rsvp_run_5_wf/bold_confounds_wf/rename_acompcor".
250917-09:44:36,526 nipype.workflow INFO:
	 [Node] Setting-up "fmriprep_25_0_wf.sub_01_wf.bold_task_rsvp_run_6_wf.bold_confounds_wf.signals" in "/work/fmriprep_25_0_wf/sub_01_wf/bold_task_rsvp_run_6_wf/bold_confounds_wf/signals".
250917-09:44:36,550 nipype.workflow INFO:
	 [Node] Executing "rename_acompcor" <fmriprep.interfaces.confounds.RenameACompCor>
250917-09:44:36,558 nipype.workflow INFO:
	 [Node] Executing "signals" <niworkflows.interfaces.images.SignalExtraction>
250917-09:44:36,712 nipype.workflow INFO:
	 [Node] Finished "rename_acompcor", elapsed time 0.160542s.
250917-09:44:36,916 nipype.workflow INFO:
	 [Node] Finished "signals", elapsed time 1.768614s.
250917-09:44:38,274 nipype.workflow INFO:
	 [Node] Finished "signals", elapsed time 1.715125s.
250917-09:44:38,512 nipype.workflow INFO:
	 [Node] Setting-up "fmriprep_25_0_wf.sub_01_wf.bold_task_rsvp_run_6_wf.bold_confounds_wf.rename_acompcor" in "/work/fmriprep_25_0_wf/sub_01_wf/bold_task_rsvp_run_6_wf/bold_confounds_wf/rename_acompcor".
250917-09:44:38,512 nipype.workflow INFO:
	 [Node] Setting-up "fmriprep_25_0_wf.sub_01_wf.bold_task_rsvp_run_5_wf.bold_confounds_wf.rois_plot" in "/work/fmriprep_25_0_wf/sub_01_wf/bold_task_rsvp_run_5_wf/bold_confounds_wf/rois_plot".
250917-09:44:38,542 nipype.workflow INFO:
	 [Node] Executing "rois_plot" <niworkflows.interfaces.reportlets.masks.ROIsPlot>
250917-09:44:38,544 nipype.workflow INFO:
	 [Node] Executing "rename_acompcor" <fmriprep.interfaces.confounds.RenameACompCor>
250917-09:44:38,651 nipype.workflow INFO:
	 [Node] Finished "rename_acompcor", elapsed time 0.105263s.
250917-09:44:38,802 nipype.workflow INFO:
	 [Node] Setting-up "fmriprep_25_0_wf.sub_01_wf.bold_task_rsvp_run_5_wf.bold_confounds_wf.acc_metadata_filter" in "/work/fmriprep_25_0_wf/sub_01_wf/bold_task_rsvp_run_5_wf/bold_confounds_wf/acc_metadata_filter".
250917-09:44:38,802 nipype.workflow INFO:
	 [Node] Setting-up "fmriprep_25_0_wf.sub_01_wf.bold_task_rsvp_run_6_wf.bold_confounds_wf.rois_plot" in "/work/fmriprep_25_0_wf/sub_01_wf/bold_task_rsvp_run_6_wf/bold_confounds_wf/rois_plot".
250917-09:44:38,832 nipype.workflow INFO:
	 [Node] Executing "acc_metadata_filter" <fmriprep.interfaces.confounds.FilterDropped>
250917-09:44:38,838 nipype.workflow INFO:
	 [Node] Executing "rois_plot" <niworkflows.interfaces.reportlets.masks.ROIsPlot>
250917-09:44:38,843 nipype.workflow INFO:
	 [Node] Finished "acc_metadata_filter", elapsed time 0.009802s.
250917-09:44:39,321 nipype.workflow INFO:
	 [Node] Setting-up "fmriprep_25_0_wf.sub_01_wf.bold_task_rsvp_run_5_wf.bold_confounds_wf.compcor_plot" in "/work/fmriprep_25_0_wf/sub_01_wf/bold_task_rsvp_run_5_wf/bold_confounds_wf/compcor_plot".
250917-09:44:39,357 nipype.workflow INFO:
	 [Node] Executing "compcor_plot" <nireports.interfaces.nuisance.CompCorVariancePlot>
250917-09:44:39,631 nipype.workflow INFO:
	 [Node] Finished "compcor_plot", elapsed time 0.273334s.
250917-09:44:40,501 nipype.workflow INFO:
	 [Node] Setting-up "fmriprep_25_0_wf.sub_01_wf.bold_task_rsvp_run_6_wf.bold_confounds_wf.acc_metadata_filter" in "/work/fmriprep_25_0_wf/sub_01_wf/bold_task_rsvp_run_6_wf/bold_confounds_wf/acc_metadata_filter".
250917-09:44:40,528 nipype.workflow INFO:
	 [Node] Executing "acc_metadata_filter" <fmriprep.interfaces.confounds.FilterDropped>
250917-09:44:40,537 nipype.workflow INFO:
	 [Node] Finished "acc_metadata_filter", elapsed time 0.008003s.
250917-09:44:40,959 nipype.workflow INFO:
	 [Node] Setting-up "fmriprep_25_0_wf.sub_01_wf.bold_task_rsvp_run_6_wf.bold_confounds_wf.compcor_plot" in "/work/fmriprep_25_0_wf/sub_01_wf/bold_task_rsvp_run_6_wf/bold_confounds_wf/compcor_plot".
250917-09:44:40,960 nipype.workflow INFO:
	 [Node] Setting-up "fmriprep_25_0_wf.sub_01_wf.bold_task_rsvp_run_5_wf.bold_confounds_wf.acc_metadata_fmt" in "/work/fmriprep_25_0_wf/sub_01_wf/bold_task_rsvp_run_5_wf/bold_confounds_wf/acc_metadata_fmt".
250917-09:44:40,961 nipype.workflow INFO:
	 [Node] Setting-up "fmriprep_25_0_wf.sub_01_wf.bold_task_rsvp_run_5_wf.bold_confounds_wf.model_expansion" in "/work/fmriprep_25_0_wf/sub_01_wf/bold_task_rsvp_run_5_wf/bold_confounds_wf/model_expansion".
250917-09:44:40,987 nipype.workflow INFO:
	 [Node] Executing "compcor_plot" <nireports.interfaces.nuisance.CompCorVariancePlot>
250917-09:44:40,993 nipype.workflow INFO:
	 [Node] Executing "acc_metadata_fmt" <niworkflows.interfaces.utility.TSV2JSON>
250917-09:44:40,994 nipype.workflow INFO:
	 [Node] Executing "model_expansion" <niworkflows.interfaces.confounds.ExpandModel>
250917-09:44:41,2 nipype.workflow INFO:
	 [Node] Finished "acc_metadata_fmt", elapsed time 0.007266s.
250917-09:44:41,186 nipype.workflow INFO:
	 [Node] Finished "model_expansion", elapsed time 0.190357s.
250917-09:44:41,282 nipype.workflow INFO:
	 [Node] Finished "compcor_plot", elapsed time 0.293806s.
250917-09:44:42,524 nipype.workflow INFO:
	 [Node] Setting-up "fmriprep_25_0_wf.sub_01_wf.bold_task_rsvp_run_6_wf.bold_confounds_wf.acc_metadata_fmt" in "/work/fmriprep_25_0_wf/sub_01_wf/bold_task_rsvp_run_6_wf/bold_confounds_wf/acc_metadata_fmt".
250917-09:44:42,524 nipype.workflow INFO:
	 [Node] Setting-up "fmriprep_25_0_wf.sub_01_wf.bold_task_rsvp_run_5_wf.bold_confounds_wf.conf_corr_plot" in "/work/fmriprep_25_0_wf/sub_01_wf/bold_task_rsvp_run_5_wf/bold_confounds_wf/conf_corr_plot".
250917-09:44:42,524 nipype.workflow INFO:
	 [Node] Setting-up "fmriprep_25_0_wf.sub_01_wf.bold_task_rsvp_run_6_wf.bold_confounds_wf.model_expansion" in "/work/fmriprep_25_0_wf/sub_01_wf/bold_task_rsvp_run_6_wf/bold_confounds_wf/model_expansion".
250917-09:44:42,525 nipype.workflow INFO:
	 [Node] Setting-up "fmriprep_25_0_wf.sub_01_wf.bold_task_rsvp_run_6_wf.bold_confounds_wf.conf_corr_plot" in "/work/fmriprep_25_0_wf/sub_01_wf/bold_task_rsvp_run_6_wf/bold_confounds_wf/conf_corr_plot".
250917-09:44:42,602 nipype.workflow INFO:
	 [Node] Executing "conf_corr_plot" <nireports.interfaces.nuisance.ConfoundsCorrelationPlot>
250917-09:44:42,603 nipype.workflow INFO:
	 [Node] Executing "model_expansion" <niworkflows.interfaces.confounds.ExpandModel>
250917-09:44:42,606 nipype.workflow INFO:
	 [Node] Executing "acc_metadata_fmt" <niworkflows.interfaces.utility.TSV2JSON>
250917-09:44:42,610 nipype.workflow INFO:
	 [Node] Executing "conf_corr_plot" <nireports.interfaces.nuisance.ConfoundsCorrelationPlot>
250917-09:44:42,616 nipype.workflow INFO:
	 [Node] Finished "acc_metadata_fmt", elapsed time 0.008971s.
250917-09:44:42,657 nipype.workflow INFO:
	 [Node] Finished "resample", elapsed time 12.12776s.
250917-09:44:42,784 nipype.workflow INFO:
	 [Node] Finished "model_expansion", elapsed time 0.179435s.
250917-09:44:43,601 nipype.workflow INFO:
	 [Node] Finished "conf_corr_plot", elapsed time 0.989542s.
250917-09:44:43,722 nipype.workflow INFO:
	 [Node] Finished "conf_corr_plot", elapsed time 1.118364s.
250917-09:44:44,518 nipype.workflow INFO:
	 [Node] Setting-up "fmriprep_25_0_wf.sub_01_wf.bold_task_rsvp_run_1_wf.bold_std_wf.resample" in "/work/fmriprep_25_0_wf/sub_01_wf/bold_task_rsvp_run_1_wf/bold_std_wf/_in_tuple_MNI152NLin2009cAsym.res2/resample".
250917-09:44:44,555 nipype.workflow INFO:
	 [Node] Executing "resample" <fmriprep.interfaces.resampling.ResampleSeries>
250917-09:44:45,635 nipype.workflow INFO:
	 [Node] Setting-up "fmriprep_25_0_wf.sub_01_wf.bold_task_rsvp_run_5_wf.bold_confounds_wf.spike_regressors" in "/work/fmriprep_25_0_wf/sub_01_wf/bold_task_rsvp_run_5_wf/bold_confounds_wf/spike_regressors".
250917-09:44:45,668 nipype.workflow INFO:
	 [Node] Executing "spike_regressors" <niworkflows.interfaces.confounds.SpikeRegressors>
250917-09:44:45,854 nipype.workflow INFO:
	 [Node] Finished "spike_regressors", elapsed time 0.184867s.
250917-09:44:46,351 nipype.workflow INFO:
	 [Node] Setting-up "fmriprep_25_0_wf.sub_01_wf.bold_task_rsvp_run_6_wf.bold_confounds_wf.spike_regressors" in "/work/fmriprep_25_0_wf/sub_01_wf/bold_task_rsvp_run_6_wf/bold_confounds_wf/spike_regressors".
250917-09:44:46,384 nipype.workflow INFO:
	 [Node] Executing "spike_regressors" <niworkflows.interfaces.confounds.SpikeRegressors>
250917-09:44:46,505 nipype.workflow INFO:
	 [Node] Finished "spike_regressors", elapsed time 0.119197s.
250917-09:44:47,396 nipype.workflow INFO:
	 [Node] Setting-up "fmriprep_25_0_wf.sub_01_wf.bold_task_rsvp_run_5_wf.carpetplot_wf.conf_plot" in "/work/fmriprep_25_0_wf/sub_01_wf/bold_task_rsvp_run_5_wf/carpetplot_wf/conf_plot".
250917-09:44:47,435 nipype.workflow INFO:
	 [Node] Executing "conf_plot" <fmriprep.interfaces.confounds.FMRISummary>
250917-09:44:48,932 nipype.workflow INFO:
	 [Node] Setting-up "fmriprep_25_0_wf.sub_01_wf.bold_task_rsvp_run_6_wf.carpetplot_wf.conf_plot" in "/work/fmriprep_25_0_wf/sub_01_wf/bold_task_rsvp_run_6_wf/carpetplot_wf/conf_plot".
250917-09:44:48,967 nipype.workflow INFO:
	 [Node] Executing "conf_plot" <fmriprep.interfaces.confounds.FMRISummary>
250917-09:44:51,444 nipype.workflow INFO:
	 [Node] Finished "rois_plot", elapsed time 12.90016s.
250917-09:44:51,670 nipype.workflow INFO:
	 [Node] Finished "conf_plot", elapsed time 4.233728s.
250917-09:44:51,681 nipype.workflow INFO:
	 [Node] Finished "rois_plot", elapsed time 12.841791s.
250917-09:44:52,989 nipype.workflow INFO:
	 [Node] Finished "conf_plot", elapsed time 4.021359s.
250917-09:45:08,657 nipype.workflow INFO:
	 [Node] Finished "resample", elapsed time 24.100869s.
250917-09:45:08,930 nipype.workflow INFO:
	 [Node] Setting-up "fmriprep_25_0_wf.sub_01_wf.bold_task_rsvp_run_2_wf.bold_std_wf.resample" in "/work/fmriprep_25_0_wf/sub_01_wf/bold_task_rsvp_run_2_wf/bold_std_wf/_in_tuple_MNI152NLin2009cAsym.res2/resample".
250917-09:45:08,932 nipype.workflow INFO:
	 [Node] Setting-up "fmriprep_25_0_wf.sub_01_wf.bold_task_rsvp_run_1_wf.ds_bold_std_wf.ds_bold" in "/work/fmriprep_25_0_wf/sub_01_wf/bold_task_rsvp_run_1_wf/ds_bold_std_wf/_in_tuple_MNI152NLin2009cAsym.res2/ds_bold".
250917-09:45:08,963 nipype.workflow INFO:
	 [Node] Executing "ds_bold" <fmriprep.interfaces.DerivativesDataSink>
250917-09:45:08,968 nipype.workflow INFO:
	 [Node] Executing "resample" <fmriprep.interfaces.resampling.ResampleSeries>
250917-09:45:34,41 nipype.workflow INFO:
	 [Node] Finished "resample", elapsed time 25.071542s.
250917-09:45:36,943 nipype.workflow INFO:
	 [Node] Setting-up "fmriprep_25_0_wf.sub_01_wf.bold_task_rsvp_run_3_wf.bold_std_wf.resample" in "/work/fmriprep_25_0_wf/sub_01_wf/bold_task_rsvp_run_3_wf/bold_std_wf/_in_tuple_MNI152NLin2009cAsym.res2/resample".
250917-09:45:36,945 nipype.workflow INFO:
	 [Node] Setting-up "fmriprep_25_0_wf.sub_01_wf.bold_task_rsvp_run_2_wf.ds_bold_std_wf.ds_bold" in "/work/fmriprep_25_0_wf/sub_01_wf/bold_task_rsvp_run_2_wf/ds_bold_std_wf/_in_tuple_MNI152NLin2009cAsym.res2/ds_bold".
250917-09:45:36,979 nipype.workflow INFO:
	 [Node] Executing "ds_bold" <fmriprep.interfaces.DerivativesDataSink>
250917-09:45:36,981 nipype.workflow INFO:
	 [Node] Executing "resample" <fmriprep.interfaces.resampling.ResampleSeries>
250917-09:45:42,400 nipype.workflow INFO:
	 [Node] Finished "ds_bold", elapsed time 33.436016s.
250917-09:46:01,720 nipype.workflow INFO:
	 [Node] Finished "ds_bold", elapsed time 24.739288s.
250917-09:46:02,301 nipype.workflow INFO:
	 [Node] Finished "resample", elapsed time 25.319458s.
250917-09:46:02,928 nipype.workflow INFO:
	 [Node] Setting-up "fmriprep_25_0_wf.sub_01_wf.bold_task_rsvp_run_4_wf.bold_std_wf.resample" in "/work/fmriprep_25_0_wf/sub_01_wf/bold_task_rsvp_run_4_wf/bold_std_wf/_in_tuple_MNI152NLin2009cAsym.res2/resample".
250917-09:46:02,931 nipype.workflow INFO:
	 [Node] Setting-up "fmriprep_25_0_wf.sub_01_wf.bold_task_rsvp_run_3_wf.ds_bold_std_wf.ds_bold" in "/work/fmriprep_25_0_wf/sub_01_wf/bold_task_rsvp_run_3_wf/ds_bold_std_wf/_in_tuple_MNI152NLin2009cAsym.res2/ds_bold".
250917-09:46:02,967 nipype.workflow INFO:
	 [Node] Executing "ds_bold" <fmriprep.interfaces.DerivativesDataSink>
250917-09:46:02,968 nipype.workflow INFO:
	 [Node] Executing "resample" <fmriprep.interfaces.resampling.ResampleSeries>
250917-09:46:28,58 nipype.workflow INFO:
	 [Node] Finished "resample", elapsed time 25.089204s.
250917-09:46:28,926 nipype.workflow INFO:
	 [Node] Setting-up "fmriprep_25_0_wf.sub_01_wf.bold_task_rsvp_run_5_wf.bold_std_wf.resample" in "/work/fmriprep_25_0_wf/sub_01_wf/bold_task_rsvp_run_5_wf/bold_std_wf/_in_tuple_MNI152NLin2009cAsym.res2/resample".
250917-09:46:28,927 nipype.workflow INFO:
	 [Node] Setting-up "fmriprep_25_0_wf.sub_01_wf.bold_task_rsvp_run_4_wf.ds_bold_std_wf.ds_bold" in "/work/fmriprep_25_0_wf/sub_01_wf/bold_task_rsvp_run_4_wf/ds_bold_std_wf/_in_tuple_MNI152NLin2009cAsym.res2/ds_bold".
250917-09:46:28,957 nipype.workflow INFO:
	 [Node] Executing "ds_bold" <fmriprep.interfaces.DerivativesDataSink>
250917-09:46:28,962 nipype.workflow INFO:
	 [Node] Executing "resample" <fmriprep.interfaces.resampling.ResampleSeries>
250917-09:46:33,507 nipype.workflow INFO:
	 [Node] Finished "ds_bold", elapsed time 30.538394s.
250917-09:46:54,5 nipype.workflow INFO:
	 [Node] Finished "resample", elapsed time 25.041089s.
250917-09:46:55,191 nipype.workflow INFO:
	 [Node] Setting-up "fmriprep_25_0_wf.sub_01_wf.bold_task_rsvp_run_6_wf.bold_std_wf.resample" in "/work/fmriprep_25_0_wf/sub_01_wf/bold_task_rsvp_run_6_wf/bold_std_wf/_in_tuple_MNI152NLin2009cAsym.res2/resample".
250917-09:46:55,205 nipype.workflow INFO:
	 [Node] Setting-up "fmriprep_25_0_wf.sub_01_wf.bold_task_rsvp_run_5_wf.ds_bold_std_wf.ds_bold" in "/work/fmriprep_25_0_wf/sub_01_wf/bold_task_rsvp_run_5_wf/ds_bold_std_wf/_in_tuple_MNI152NLin2009cAsym.res2/ds_bold".
250917-09:46:55,523 nipype.workflow INFO:
	 [Node] Executing "resample" <fmriprep.interfaces.resampling.ResampleSeries>
250917-09:46:56,504 nipype.workflow INFO:
	 [Node] Executing "ds_bold" <fmriprep.interfaces.DerivativesDataSink>
250917-09:46:56,543 nipype.workflow INFO:
	 [Node] Finished "ds_bold", elapsed time 27.583783s.
250917-09:47:19,932 nipype.workflow INFO:
	 [Node] Finished "resample", elapsed time 24.407237s.
250917-09:47:20,952 nipype.workflow INFO:
	 [Node] Setting-up "fmriprep_25_0_wf.sub_01_wf.bold_task_rsvp_run_6_wf.ds_bold_std_wf.ds_bold" in "/work/fmriprep_25_0_wf/sub_01_wf/bold_task_rsvp_run_6_wf/ds_bold_std_wf/_in_tuple_MNI152NLin2009cAsym.res2/ds_bold".
250917-09:47:20,989 nipype.workflow INFO:
	 [Node] Executing "ds_bold" <fmriprep.interfaces.DerivativesDataSink>
250917-09:47:24,64 nipype.workflow INFO:
	 [Node] Finished "ds_bold", elapsed time 27.558045s.
250917-09:47:51,546 nipype.workflow INFO:
	 [Node] Finished "ds_bold", elapsed time 30.555672s.
250917-09:49:58,314 nipype.workflow INFO:
	 [Node] Finished "_msmsulc0", elapsed time 2307.312782s.
250917-09:50:37,516 nipype.workflow INFO:
	 [Node] Finished "_msmsulc1", elapsed time 2346.51783s.
250917-09:50:39,32 nipype.workflow INFO:
	 [Node] Setting-up "_msmsulc0" in "/work/fmriprep_25_0_wf/sub_01_wf/anat_fit_wf/msm_sulc_wf/msmsulc/mapflow/_msmsulc0".
250917-09:50:39,37 nipype.workflow INFO:
	 [Node] Cached "_msmsulc0" - collecting precomputed outputs
250917-09:50:39,37 nipype.workflow INFO:
	 [Node] "_msmsulc0" found cached.
250917-09:50:39,38 nipype.workflow INFO:
	 [Node] Setting-up "_msmsulc1" in "/work/fmriprep_25_0_wf/sub_01_wf/anat_fit_wf/msm_sulc_wf/msmsulc/mapflow/_msmsulc1".
250917-09:50:39,44 nipype.workflow INFO:
	 [Node] Cached "_msmsulc1" - collecting precomputed outputs
250917-09:50:39,44 nipype.workflow INFO:
	 [Node] "_msmsulc1" found cached.
250917-09:50:46,860 nipype.workflow IMPORTANT:
	 fMRIPrep finished successfully!
250917-09:50:46,867 nipype.workflow IMPORTANT:
	 Works derived from this fMRIPrep execution should include the boilerplate text found in <OUTPUT_PATH>/logs/CITATION.md.
