2025-10-26 00:17:35 [INFO] [INIT] Starting comprehensive analysis script
2025-10-26 00:17:35 [INFO] [ERROR] Environment check failed.
2025-10-26 00:17:35 [INFO]   Host: node2 (required: node2)
2025-10-26 00:17:35 [INFO]   Conda env: base (required: nilearn)
2025-10-26 00:17:35 [INFO] 
Please run on node2 and activate the 'nilearn' conda environment before executing:
2025-10-26 00:17:35 [INFO]   conda activate nilearn
2025-10-26 00:18:06 [INFO] [INIT] Starting comprehensive analysis script
2025-10-26 00:18:06 [INFO] [ERROR] Environment check failed.
2025-10-26 00:18:06 [INFO]   Host: node2 (required: node2)
2025-10-26 00:18:06 [INFO]   Conda env: base (required: nilearn)
2025-10-26 00:18:06 [INFO] 
Please run on node2 and activate the 'nilearn' conda environment before executing:
2025-10-26 00:18:06 [INFO]   conda activate nilearn
2025-10-26 00:18:39 [INFO] [INIT] Starting comprehensive analysis script
2025-10-26 00:18:39 [INFO] [ERROR] Environment check failed.
2025-10-26 00:18:39 [INFO]   Host: node2 (required: node2)
2025-10-26 00:18:39 [INFO]   Conda env: base (required: nilearn)
2025-10-26 00:18:39 [INFO] 
Please run on node2 and activate the 'nilearn' conda environment before executing:
2025-10-26 00:18:39 [INFO]   conda activate nilearn
2025-10-26 00:19:03 [INFO] [INIT] Starting comprehensive analysis script
[INIT] Starting comprehensive analysis script
2025-10-26 00:27:20 [INFO] [INIT] Starting comprehensive analysis script
2025-10-26 00:27:20 [INFO] [INIT] Starting comprehensive analysis script
[ERROR] Environment check failed.
2025-10-26 00:27:20 [INFO] [ERROR] Environment check failed.
2025-10-26 00:27:20 [INFO] [ERROR] Environment check failed.
  Host: node2 (required: node2)
2025-10-26 00:27:20 [INFO]   Host: node2 (required: node2)
2025-10-26 00:27:20 [INFO]   Host: node2 (required: node2)
  Conda env: base (required: nilearn OR python from nilearn env)
2025-10-26 00:27:20 [INFO]   Conda env: base (required: nilearn OR python from nilearn env)
2025-10-26 00:27:20 [INFO]   Conda env: base (required: nilearn OR python from nilearn env)
  Python: /usr/anaconda3/bin/python
2025-10-26 00:27:20 [INFO]   Python: /usr/anaconda3/bin/python
2025-10-26 00:27:20 [INFO]   Python: /usr/anaconda3/bin/python
  CONDA_PREFIX: /usr/anaconda3
2025-10-26 00:27:20 [INFO]   CONDA_PREFIX: /usr/anaconda3
2025-10-26 00:27:20 [INFO]   CONDA_PREFIX: /usr/anaconda3

Please run on node2 and activate the 'nilearn' conda environment before executing:
2025-10-26 00:27:20 [INFO] 
Please run on node2 and activate the 'nilearn' conda environment before executing:
2025-10-26 00:27:20 [INFO] 
Please run on node2 and activate the 'nilearn' conda environment before executing:
  conda activate nilearn
2025-10-26 00:27:20 [INFO]   conda activate nilearn
2025-10-26 00:27:20 [INFO]   conda activate nilearn
[INIT] Starting comprehensive analysis script
2025-10-26 00:32:25 [INFO] [INIT] Starting comprehensive analysis script
2025-10-26 00:32:25 [INFO] [INIT] Starting comprehensive analysis script
Traceback (most recent call last):
  File "/scratch/connectome/haba6030/colorBlind/run_comprehensive_analysis.py", line 76, in <module>
    from bh_anal import BHAnalysisPipeline
  File "/scratch/connectome/haba6030/colorBlind/bh_anal.py", line 27, in <module>
    class BHAnalysisPipeline:
  File "/scratch/connectome/haba6030/colorBlind/bh_anal.py", line 292, in BHAnalysisPipeline
    self._status(f"[OK] Deconvolution-based GLM analysis completed in {time.time()-t0:.1f}s")
NameError: name 'self' is not defined
2025-10-26 00:33:28 [INFO] [INIT] Starting comprehensive analysis script
[INIT] Starting comprehensive analysis script
2025-10-26 00:33:28 [INFO] [INIT] Starting comprehensive analysis script
================================================================================
2025-10-26 00:33:28 [INFO] ================================================================================
2025-10-26 00:33:28 [INFO] ================================================================================
ColorBlind Analysis - Comprehensive Results
2025-10-26 00:33:28 [INFO] ColorBlind Analysis - Comprehensive Results
2025-10-26 00:33:28 [INFO] ColorBlind Analysis - Comprehensive Results
================================================================================
2025-10-26 00:33:28 [INFO] ================================================================================
2025-10-26 00:33:28 [INFO] ================================================================================

================================================================================
2025-10-26 00:33:28 [INFO] 
================================================================================
2025-10-26 00:33:28 [INFO] 
================================================================================
PART 1: ROI-Level Analysis
2025-10-26 00:33:28 [INFO] PART 1: ROI-Level Analysis
2025-10-26 00:33:28 [INFO] PART 1: ROI-Level Analysis
================================================================================
2025-10-26 00:33:28 [INFO] ================================================================================
2025-10-26 00:33:28 [INFO] ================================================================================

[1/5] Extracting ROI responses...
2025-10-26 00:33:28 [INFO] 
[1/5] Extracting ROI responses...
2025-10-26 00:33:28 [INFO] 
[1/5] Extracting ROI responses...
[START] Extracting ROI responses from beta image
2025-10-26 00:33:28 [INFO] [START] Extracting ROI responses from beta image
2025-10-26 00:33:28 [INFO] [START] Extracting ROI responses from beta image
/scratch/connectome/haba6030/colorBlind/bh_anal.py:486: FutureWarning: 'force_resample' will be set to 'True' by default in Nilearn 0.13.0.
Use 'force_resample=True' to suppress this warning.
  resampled_mask = image.resample_img(
/scratch/connectome/haba6030/colorBlind/bh_anal.py:486: FutureWarning: From release 0.13.0 onwards, this function will, by default, copy the header of the input image to the output. Currently, the header is reset to the default Nifti1Header. To suppress this warning and use the new behavior, set `copy_header=True`.
  resampled_mask = image.resample_img(
[OK] Extracted V1 responses: (8, 5539)
2025-10-26 00:33:29 [INFO] [OK] Extracted V1 responses: (8, 5539)
2025-10-26 00:33:29 [INFO] [OK] Extracted V1 responses: (8, 5539)
[OK] Extracted V2 responses: (8, 3180)
2025-10-26 00:33:29 [INFO] [OK] Extracted V2 responses: (8, 3180)
2025-10-26 00:33:29 [INFO] [OK] Extracted V2 responses: (8, 3180)
[OK] Extracted V3 responses: (8, 532)
2025-10-26 00:33:29 [INFO] [OK] Extracted V3 responses: (8, 532)
2025-10-26 00:33:29 [INFO] [OK] Extracted V3 responses: (8, 532)
[OK] Extracted hV4 responses: (8, 500)
2025-10-26 00:33:29 [INFO] [OK] Extracted hV4 responses: (8, 500)
2025-10-26 00:33:29 [INFO] [OK] Extracted hV4 responses: (8, 500)
2025-10-26 00:33:29 [INFO] [OK] ROI data extracted in 0.9s
[OK] ROI data extracted in 0.9s
2025-10-26 00:33:29 [INFO] [OK] ROI data extracted in 0.9s
2025-10-26 00:33:29 [INFO] [OK] ROI extraction done in 0.9s
[OK] ROI extraction done in 0.9s
2025-10-26 00:33:29 [INFO] [OK] ROI extraction done in 0.9s
2025-10-26 00:33:29 [INFO] 
[2/5] Analyzing color selectivity...

[2/5] Analyzing color selectivity...
2025-10-26 00:33:29 [INFO] 
[2/5] Analyzing color selectivity...

Analyzing V1...
/scratch/connectome/haba6030/colorBlind/bh_stats.py:110: RuntimeWarning: invalid value encountered in scalar divide
  selectivity_idx = ((mean_responses.max() - mean_responses.min()) /
/home/connectome/haba6030/.conda/envs/nilearn/lib/python3.10/site-packages/numpy/lib/_function_base_impl.py:3045: RuntimeWarning: invalid value encountered in divide
  c /= stddev[:, None]
Selectivity index: nan
Tuning width: 0.000
Response reliability: nan

Analyzing V2...
Selectivity index: nan
Tuning width: 0.000
Response reliability: nan

Analyzing V3...
Selectivity index: nan
Tuning width: 0.000
Response reliability: nan

Analyzing hV4...
Selectivity index: nan
Tuning width: 0.000
Response reliability: nan
[OK] Color selectivity done in 0.5s
2025-10-26 00:33:30 [INFO] [OK] Color selectivity done in 0.5s
2025-10-26 00:33:30 [INFO] [OK] Color selectivity done in 0.5s

[3/5] Running forward modeling...
2025-10-26 00:33:30 [INFO] 
[3/5] Running forward modeling...
2025-10-26 00:33:30 [INFO] 
[3/5] Running forward modeling...
2025-10-26 00:33:30 [INFO] [START] Forward model (B&H 2009)
[START] Forward model (B&H 2009)
2025-10-26 00:33:30 [INFO] [START] Forward model (B&H 2009)

[ROI] Processing V1 ...
2025-10-26 00:33:30 [INFO] 
[ROI] Processing V1 ...
2025-10-26 00:33:30 [INFO] 
[ROI] Processing V1 ...
2025-10-26 00:33:30 [INFO] [FM] ROI V1 fold 1/6
2025-10-26 00:33:30 [INFO] [FM] ROI V1 fold 1/6
2025-10-26 00:33:30 [INFO] [FM] ROI V1 computing weights via pinv ...
2025-10-26 00:33:30 [INFO] [FM] ROI V1 computing weights via pinv ...
2025-10-26 00:35:31 [INFO] [FM] ROI V1 weights computed in 121.2s
2025-10-26 00:35:31 [INFO] [FM] ROI V1 weights computed in 121.2s
2025-10-26 00:35:31 [INFO] [FM] ROI V1 fold 2/6
2025-10-26 00:35:31 [INFO] [FM] ROI V1 fold 2/6
2025-10-26 00:35:31 [INFO] [FM] ROI V1 computing weights via pinv ...
2025-10-26 00:35:31 [INFO] [FM] ROI V1 computing weights via pinv ...
2025-10-26 00:37:37 [INFO] [FM] ROI V1 weights computed in 126.0s
2025-10-26 00:37:37 [INFO] [FM] ROI V1 weights computed in 126.0s
2025-10-26 00:37:37 [INFO] [FM] ROI V1 fold 3/6
2025-10-26 00:37:37 [INFO] [FM] ROI V1 fold 3/6
2025-10-26 00:37:37 [INFO] [FM] ROI V1 computing weights via pinv ...
2025-10-26 00:37:37 [INFO] [FM] ROI V1 computing weights via pinv ...
2025-10-26 00:39:28 [INFO] [FM] ROI V1 weights computed in 110.5s
2025-10-26 00:39:28 [INFO] [FM] ROI V1 weights computed in 110.5s
2025-10-26 00:39:28 [INFO] [FM] ROI V1 fold 4/6
2025-10-26 00:39:28 [INFO] [FM] ROI V1 computing weights via pinv ...
2025-10-26 00:39:28 [INFO] [FM] ROI V1 fold 4/6
2025-10-26 00:39:28 [INFO] [FM] ROI V1 computing weights via pinv ...
2025-10-26 00:40:58 [INFO] [FM] ROI V1 weights computed in 90.9s
2025-10-26 00:40:58 [INFO] [FM] ROI V1 weights computed in 90.9s
2025-10-26 00:40:58 [INFO] [FM] ROI V1 fold 5/6
2025-10-26 00:40:58 [INFO] [FM] ROI V1 fold 5/6
2025-10-26 00:40:58 [INFO] [FM] ROI V1 computing weights via pinv ...
2025-10-26 00:40:58 [INFO] [FM] ROI V1 computing weights via pinv ...
2025-10-26 00:43:06 [INFO] [FM] ROI V1 weights computed in 127.3s
2025-10-26 00:43:06 [INFO] [FM] ROI V1 weights computed in 127.3s
2025-10-26 00:43:06 [INFO] [FM] ROI V1 fold 6/6
2025-10-26 00:43:06 [INFO] [FM] ROI V1 fold 6/6
2025-10-26 00:43:06 [INFO] [FM] ROI V1 computing weights via pinv ...
2025-10-26 00:43:06 [INFO] [FM] ROI V1 computing weights via pinv ...
2025-10-26 00:44:59 [INFO] [FM] ROI V1 weights computed in 113.1s
2025-10-26 00:44:59 [INFO] [FM] ROI V1 weights computed in 113.1s
2025-10-26 00:44:59 [INFO] [OK] V1 mean accuracy: 0.125
2025-10-26 00:44:59 [INFO] 
[ROI] Processing V2 ...
2025-10-26 00:44:59 [INFO] [FM] ROI V2 fold 1/6
2025-10-26 00:44:59 [INFO] [FM] ROI V2 computing weights via pinv ...
[OK] V1 mean accuracy: 0.125
2025-10-26 00:44:59 [INFO] [OK] V1 mean accuracy: 0.125

[ROI] Processing V2 ...
2025-10-26 00:44:59 [INFO] 
[ROI] Processing V2 ...
2025-10-26 00:44:59 [INFO] [FM] ROI V2 fold 1/6
2025-10-26 00:44:59 [INFO] [FM] ROI V2 computing weights via pinv ...
2025-10-26 00:46:33 [INFO] [FM] ROI V2 weights computed in 94.5s
2025-10-26 00:46:33 [INFO] [FM] ROI V2 weights computed in 94.5s
2025-10-26 00:46:34 [INFO] [FM] ROI V2 fold 2/6
2025-10-26 00:46:34 [INFO] [FM] ROI V2 fold 2/6
2025-10-26 00:46:34 [INFO] [FM] ROI V2 computing weights via pinv ...
2025-10-26 00:46:34 [INFO] [FM] ROI V2 computing weights via pinv ...
2025-10-26 00:47:04 [INFO] [FM] ROI V2 weights computed in 30.7s
2025-10-26 00:47:04 [INFO] [FM] ROI V2 weights computed in 30.7s
2025-10-26 00:47:04 [INFO] [FM] ROI V2 fold 3/6
2025-10-26 00:47:04 [INFO] [FM] ROI V2 fold 3/6
2025-10-26 00:47:04 [INFO] [FM] ROI V2 computing weights via pinv ...
2025-10-26 00:47:04 [INFO] [FM] ROI V2 computing weights via pinv ...
2025-10-26 00:47:55 [INFO] [FM] ROI V2 weights computed in 50.3s
2025-10-26 00:47:55 [INFO] [FM] ROI V2 weights computed in 50.3s
2025-10-26 00:47:55 [INFO] [FM] ROI V2 fold 4/6
2025-10-26 00:47:55 [INFO] [FM] ROI V2 fold 4/6
2025-10-26 00:47:55 [INFO] [FM] ROI V2 computing weights via pinv ...
2025-10-26 00:47:55 [INFO] [FM] ROI V2 computing weights via pinv ...
2025-10-26 00:48:47 [INFO] [FM] ROI V2 weights computed in 52.3s
2025-10-26 00:48:47 [INFO] [FM] ROI V2 weights computed in 52.3s
2025-10-26 00:48:47 [INFO] [FM] ROI V2 fold 5/6
2025-10-26 00:48:47 [INFO] [FM] ROI V2 fold 5/6
2025-10-26 00:48:47 [INFO] [FM] ROI V2 computing weights via pinv ...
2025-10-26 00:48:47 [INFO] [FM] ROI V2 computing weights via pinv ...
2025-10-26 00:50:02 [INFO] [FM] ROI V2 weights computed in 75.6s
2025-10-26 00:50:02 [INFO] [FM] ROI V2 weights computed in 75.6s
2025-10-26 00:50:02 [INFO] [FM] ROI V2 fold 6/6
2025-10-26 00:50:02 [INFO] [FM] ROI V2 fold 6/6
2025-10-26 00:50:02 [INFO] [FM] ROI V2 computing weights via pinv ...
2025-10-26 00:50:02 [INFO] [FM] ROI V2 computing weights via pinv ...
2025-10-26 00:50:28 [INFO] [FM] ROI V2 weights computed in 26.0s
2025-10-26 00:50:28 [INFO] [FM] ROI V2 weights computed in 26.0s
2025-10-26 00:50:28 [INFO] [OK] V2 mean accuracy: 0.125
2025-10-26 00:50:28 [INFO] 
[ROI] Processing V3 ...
2025-10-26 00:50:28 [INFO] [FM] ROI V3 fold 1/6
2025-10-26 00:50:28 [INFO] [FM] ROI V3 computing weights via pinv ...
[OK] V2 mean accuracy: 0.125
2025-10-26 00:50:28 [INFO] [OK] V2 mean accuracy: 0.125

[ROI] Processing V3 ...
2025-10-26 00:50:28 [INFO] 
[ROI] Processing V3 ...
2025-10-26 00:50:28 [INFO] [FM] ROI V3 fold 1/6
2025-10-26 00:50:28 [INFO] [FM] ROI V3 computing weights via pinv ...
2025-10-26 00:50:32 [INFO] [FM] ROI V3 weights computed in 3.2s
2025-10-26 00:50:32 [INFO] [FM] ROI V3 weights computed in 3.2s
2025-10-26 00:50:32 [INFO] [FM] ROI V3 fold 2/6
2025-10-26 00:50:32 [INFO] [FM] ROI V3 fold 2/6
2025-10-26 00:50:32 [INFO] [FM] ROI V3 computing weights via pinv ...
2025-10-26 00:50:32 [INFO] [FM] ROI V3 computing weights via pinv ...
2025-10-26 00:50:34 [INFO] [FM] ROI V3 weights computed in 2.2s
2025-10-26 00:50:34 [INFO] [FM] ROI V3 weights computed in 2.2s
2025-10-26 00:50:34 [INFO] [FM] ROI V3 fold 3/6
2025-10-26 00:50:34 [INFO] [FM] ROI V3 fold 3/6
2025-10-26 00:50:34 [INFO] [FM] ROI V3 computing weights via pinv ...
2025-10-26 00:50:34 [INFO] [FM] ROI V3 computing weights via pinv ...
2025-10-26 00:50:36 [INFO] [FM] ROI V3 weights computed in 2.2s
2025-10-26 00:50:36 [INFO] [FM] ROI V3 weights computed in 2.2s
2025-10-26 00:50:36 [INFO] [FM] ROI V3 fold 4/6
2025-10-26 00:50:36 [INFO] [FM] ROI V3 fold 4/6
2025-10-26 00:50:36 [INFO] [FM] ROI V3 computing weights via pinv ...
2025-10-26 00:50:36 [INFO] [FM] ROI V3 computing weights via pinv ...
2025-10-26 00:50:39 [INFO] [FM] ROI V3 weights computed in 2.8s
2025-10-26 00:50:39 [INFO] [FM] ROI V3 weights computed in 2.8s
2025-10-26 00:50:39 [INFO] [FM] ROI V3 fold 5/6
2025-10-26 00:50:39 [INFO] [FM] ROI V3 fold 5/6
2025-10-26 00:50:39 [INFO] [FM] ROI V3 computing weights via pinv ...
2025-10-26 00:50:39 [INFO] [FM] ROI V3 computing weights via pinv ...
2025-10-26 00:50:42 [INFO] [FM] ROI V3 weights computed in 3.5s
2025-10-26 00:50:42 [INFO] [FM] ROI V3 weights computed in 3.5s
2025-10-26 00:50:42 [INFO] [FM] ROI V3 fold 6/6
2025-10-26 00:50:42 [INFO] [FM] ROI V3 fold 6/6
2025-10-26 00:50:42 [INFO] [FM] ROI V3 computing weights via pinv ...
2025-10-26 00:50:42 [INFO] [FM] ROI V3 computing weights via pinv ...
2025-10-26 00:50:45 [INFO] [FM] ROI V3 weights computed in 2.7s
2025-10-26 00:50:45 [INFO] [FM] ROI V3 weights computed in 2.7s
[OK] V3 mean accuracy: 0.125
2025-10-26 00:50:45 [INFO] [OK] V3 mean accuracy: 0.125
2025-10-26 00:50:45 [INFO] [OK] V3 mean accuracy: 0.125

[ROI] Processing hV4 ...
2025-10-26 00:50:45 [INFO] 
[ROI] Processing hV4 ...
2025-10-26 00:50:45 [INFO] 
[ROI] Processing hV4 ...
2025-10-26 00:50:45 [INFO] [FM] ROI hV4 fold 1/6
2025-10-26 00:50:45 [INFO] [FM] ROI hV4 computing weights via pinv ...
2025-10-26 00:50:45 [INFO] [FM] ROI hV4 fold 1/6
2025-10-26 00:50:45 [INFO] [FM] ROI hV4 computing weights via pinv ...
2025-10-26 00:50:47 [INFO] [FM] ROI hV4 weights computed in 1.9s
2025-10-26 00:50:47 [INFO] [FM] ROI hV4 weights computed in 1.9s
2025-10-26 00:50:47 [INFO] [FM] ROI hV4 fold 2/6
2025-10-26 00:50:47 [INFO] [FM] ROI hV4 fold 2/6
2025-10-26 00:50:47 [INFO] [FM] ROI hV4 computing weights via pinv ...
2025-10-26 00:50:47 [INFO] [FM] ROI hV4 computing weights via pinv ...
2025-10-26 00:50:49 [INFO] [FM] ROI hV4 weights computed in 2.2s
2025-10-26 00:50:49 [INFO] [FM] ROI hV4 weights computed in 2.2s
2025-10-26 00:50:49 [INFO] [FM] ROI hV4 fold 3/6
2025-10-26 00:50:49 [INFO] [FM] ROI hV4 fold 3/6
2025-10-26 00:50:49 [INFO] [FM] ROI hV4 computing weights via pinv ...
2025-10-26 00:50:49 [INFO] [FM] ROI hV4 computing weights via pinv ...
2025-10-26 00:50:52 [INFO] [FM] ROI hV4 weights computed in 2.2s
2025-10-26 00:50:52 [INFO] [FM] ROI hV4 weights computed in 2.2s
2025-10-26 00:50:52 [INFO] [FM] ROI hV4 fold 4/6
2025-10-26 00:50:52 [INFO] [FM] ROI hV4 fold 4/6
2025-10-26 00:50:52 [INFO] [FM] ROI hV4 computing weights via pinv ...
2025-10-26 00:50:52 [INFO] [FM] ROI hV4 computing weights via pinv ...
2025-10-26 00:50:53 [INFO] [FM] ROI hV4 weights computed in 1.9s
2025-10-26 00:50:53 [INFO] [FM] ROI hV4 weights computed in 1.9s
2025-10-26 00:50:53 [INFO] [FM] ROI hV4 fold 5/6
2025-10-26 00:50:53 [INFO] [FM] ROI hV4 fold 5/6
2025-10-26 00:50:53 [INFO] [FM] ROI hV4 computing weights via pinv ...
2025-10-26 00:50:53 [INFO] [FM] ROI hV4 computing weights via pinv ...
2025-10-26 00:50:55 [INFO] [FM] ROI hV4 weights computed in 2.0s
2025-10-26 00:50:55 [INFO] [FM] ROI hV4 weights computed in 2.0s
2025-10-26 00:50:55 [INFO] [FM] ROI hV4 fold 6/6
2025-10-26 00:50:55 [INFO] [FM] ROI hV4 fold 6/6
2025-10-26 00:50:55 [INFO] [FM] ROI hV4 computing weights via pinv ...
2025-10-26 00:50:55 [INFO] [FM] ROI hV4 computing weights via pinv ...
2025-10-26 00:50:57 [INFO] [FM] ROI hV4 weights computed in 1.9s
2025-10-26 00:50:57 [INFO] [FM] ROI hV4 weights computed in 1.9s
[OK] hV4 mean accuracy: 0.125
2025-10-26 00:50:57 [INFO] [OK] hV4 mean accuracy: 0.125
2025-10-26 00:50:57 [INFO] [OK] hV4 mean accuracy: 0.125
Traceback (most recent call last):
  File "/scratch/connectome/haba6030/colorBlind/run_comprehensive_analysis.py", line 594, in <module>
    summary = main()
  File "/scratch/connectome/haba6030/colorBlind/run_comprehensive_analysis.py", line 114, in main
    model_results = pipeline.run_forward_model(roi_data)
  File "/scratch/connectome/haba6030/colorBlind/bh_anal.py", line 606, in run_forward_model
    self.cache.save('forward_model', results)
AttributeError: 'Cache' object has no attribute 'save'
2025-10-26 00:52:00 [INFO] [INIT] Starting comprehensive analysis script
[INIT] Starting comprehensive analysis script
2025-10-26 00:52:00 [INFO] [INIT] Starting comprehensive analysis script
================================================================================
2025-10-26 00:52:00 [INFO] ================================================================================
2025-10-26 00:52:00 [INFO] ================================================================================
ColorBlind Analysis - Comprehensive Results
2025-10-26 00:52:00 [INFO] ColorBlind Analysis - Comprehensive Results
2025-10-26 00:52:00 [INFO] ColorBlind Analysis - Comprehensive Results
================================================================================
2025-10-26 00:52:00 [INFO] ================================================================================
2025-10-26 00:52:00 [INFO] ================================================================================

================================================================================
2025-10-26 00:52:00 [INFO] 
================================================================================
2025-10-26 00:52:00 [INFO] 
================================================================================
PART 1: ROI-Level Analysis
2025-10-26 00:52:00 [INFO] PART 1: ROI-Level Analysis
2025-10-26 00:52:00 [INFO] PART 1: ROI-Level Analysis
================================================================================
2025-10-26 00:52:00 [INFO] ================================================================================
2025-10-26 00:52:00 [INFO] ================================================================================

[1/5] Extracting ROI responses...
2025-10-26 00:52:00 [INFO] 
[1/5] Extracting ROI responses...
2025-10-26 00:52:00 [INFO] 
[1/5] Extracting ROI responses...
[START] Extracting ROI responses from beta image
2025-10-26 00:52:00 [INFO] [START] Extracting ROI responses from beta image
2025-10-26 00:52:00 [INFO] [START] Extracting ROI responses from beta image
/scratch/connectome/haba6030/colorBlind/bh_anal.py:486: FutureWarning: 'force_resample' will be set to 'True' by default in Nilearn 0.13.0.
Use 'force_resample=True' to suppress this warning.
  resampled_mask = image.resample_img(
/scratch/connectome/haba6030/colorBlind/bh_anal.py:486: FutureWarning: From release 0.13.0 onwards, this function will, by default, copy the header of the input image to the output. Currently, the header is reset to the default Nifti1Header. To suppress this warning and use the new behavior, set `copy_header=True`.
  resampled_mask = image.resample_img(
[OK] Extracted V1 responses: (8, 5539)
2025-10-26 00:52:01 [INFO] [OK] Extracted V1 responses: (8, 5539)
2025-10-26 00:52:01 [INFO] [OK] Extracted V1 responses: (8, 5539)
[OK] Extracted V2 responses: (8, 3180)
2025-10-26 00:52:01 [INFO] [OK] Extracted V2 responses: (8, 3180)
2025-10-26 00:52:01 [INFO] [OK] Extracted V2 responses: (8, 3180)
[OK] Extracted V3 responses: (8, 532)
2025-10-26 00:52:01 [INFO] [OK] Extracted V3 responses: (8, 532)
2025-10-26 00:52:01 [INFO] [OK] Extracted V3 responses: (8, 532)
[OK] Extracted hV4 responses: (8, 500)
2025-10-26 00:52:01 [INFO] [OK] Extracted hV4 responses: (8, 500)
2025-10-26 00:52:01 [INFO] [OK] Extracted hV4 responses: (8, 500)
2025-10-26 00:52:01 [INFO] [OK] ROI data extracted in 1.0s
[OK] ROI data extracted in 1.0s
2025-10-26 00:52:01 [INFO] [OK] ROI data extracted in 1.0s
[OK] ROI extraction done in 1.0s
2025-10-26 00:52:01 [INFO] [OK] ROI extraction done in 1.0s
2025-10-26 00:52:01 [INFO] [OK] ROI extraction done in 1.0s

[2/5] Analyzing color selectivity...
2025-10-26 00:52:01 [INFO] 
[2/5] Analyzing color selectivity...
2025-10-26 00:52:01 [INFO] 
[2/5] Analyzing color selectivity...

Analyzing V1...
/scratch/connectome/haba6030/colorBlind/bh_stats.py:110: RuntimeWarning: invalid value encountered in scalar divide
  selectivity_idx = ((mean_responses.max() - mean_responses.min()) /
/home/connectome/haba6030/.conda/envs/nilearn/lib/python3.10/site-packages/numpy/lib/_function_base_impl.py:3045: RuntimeWarning: invalid value encountered in divide
  c /= stddev[:, None]
Selectivity index: nan
Tuning width: 0.000
Response reliability: nan

Analyzing V2...
Selectivity index: nan
Tuning width: 0.000
Response reliability: nan

Analyzing V3...
Selectivity index: nan
Tuning width: 0.000
Response reliability: nan

Analyzing hV4...
Selectivity index: nan
Tuning width: 0.000
Response reliability: nan
[OK] Color selectivity done in 0.5s
2025-10-26 00:52:02 [INFO] [OK] Color selectivity done in 0.5s
2025-10-26 00:52:02 [INFO] [OK] Color selectivity done in 0.5s

[3/5] Running forward modeling...
2025-10-26 00:52:02 [INFO] 
[3/5] Running forward modeling...
2025-10-26 00:52:02 [INFO] 
[3/5] Running forward modeling...
[START] Forward model (B&H 2009)
2025-10-26 00:52:02 [INFO] [START] Forward model (B&H 2009)
2025-10-26 00:52:02 [INFO] [START] Forward model (B&H 2009)

[ROI] Processing V1 ...
2025-10-26 00:52:02 [INFO] 
[ROI] Processing V1 ...
2025-10-26 00:52:02 [INFO] 
[ROI] Processing V1 ...
2025-10-26 00:52:02 [INFO] [FM] ROI V1 fold 1/6
2025-10-26 00:52:02 [INFO] [FM] ROI V1 fold 1/6
2025-10-26 00:52:02 [INFO] [FM] ROI V1 computing weights via pinv ...
2025-10-26 00:52:02 [INFO] [FM] ROI V1 computing weights via pinv ...
2025-10-26 00:53:12 [INFO] [FM] ROI V1 weights computed in 70.0s
2025-10-26 00:53:12 [INFO] [FM] ROI V1 weights computed in 70.0s
2025-10-26 00:53:12 [INFO] [FM] ROI V1 fold 2/6
2025-10-26 00:53:12 [INFO] [FM] ROI V1 fold 2/6
2025-10-26 00:53:12 [INFO] [FM] ROI V1 computing weights via pinv ...
2025-10-26 00:53:12 [INFO] [FM] ROI V1 computing weights via pinv ...
2025-10-26 00:54:34 [INFO] [FM] ROI V1 weights computed in 82.1s
2025-10-26 00:54:34 [INFO] [FM] ROI V1 weights computed in 82.1s
2025-10-26 00:54:34 [INFO] [FM] ROI V1 fold 3/6
2025-10-26 00:54:34 [INFO] [FM] ROI V1 fold 3/6
2025-10-26 00:54:34 [INFO] [FM] ROI V1 computing weights via pinv ...
2025-10-26 00:54:34 [INFO] [FM] ROI V1 computing weights via pinv ...
2025-10-26 00:56:07 [INFO] [FM] ROI V1 weights computed in 92.8s
2025-10-26 00:56:07 [INFO] [FM] ROI V1 weights computed in 92.8s
2025-10-26 00:56:07 [INFO] [FM] ROI V1 fold 4/6
2025-10-26 00:56:07 [INFO] [FM] ROI V1 fold 4/6
2025-10-26 00:56:07 [INFO] [FM] ROI V1 computing weights via pinv ...
2025-10-26 00:56:07 [INFO] [FM] ROI V1 computing weights via pinv ...
2025-10-26 00:57:27 [INFO] [FM] ROI V1 weights computed in 80.4s
2025-10-26 00:57:27 [INFO] [FM] ROI V1 weights computed in 80.4s
2025-10-26 00:57:27 [INFO] [FM] ROI V1 fold 5/6
2025-10-26 00:57:27 [INFO] [FM] ROI V1 fold 5/6
2025-10-26 00:57:27 [INFO] [FM] ROI V1 computing weights via pinv ...
2025-10-26 00:57:27 [INFO] [FM] ROI V1 computing weights via pinv ...
2025-10-26 00:59:00 [INFO] [FM] ROI V1 weights computed in 92.4s
2025-10-26 00:59:00 [INFO] [FM] ROI V1 weights computed in 92.4s
2025-10-26 00:59:00 [INFO] [FM] ROI V1 fold 6/6
2025-10-26 00:59:00 [INFO] [FM] ROI V1 fold 6/6
2025-10-26 00:59:00 [INFO] [FM] ROI V1 computing weights via pinv ...
2025-10-26 00:59:00 [INFO] [FM] ROI V1 computing weights via pinv ...
2025-10-26 01:00:31 [INFO] [FM] ROI V1 weights computed in 91.2s
2025-10-26 01:00:31 [INFO] [FM] ROI V1 weights computed in 91.2s
2025-10-26 01:00:31 [INFO] [OK] V1 mean accuracy: 0.125
2025-10-26 01:00:31 [INFO] 
[ROI] Processing V2 ...
2025-10-26 01:00:31 [INFO] [FM] ROI V2 fold 1/6
2025-10-26 01:00:31 [INFO] [FM] ROI V2 computing weights via pinv ...
[OK] V1 mean accuracy: 0.125
2025-10-26 01:00:31 [INFO] [OK] V1 mean accuracy: 0.125

[ROI] Processing V2 ...
2025-10-26 01:00:31 [INFO] 
[ROI] Processing V2 ...
2025-10-26 01:00:31 [INFO] [FM] ROI V2 fold 1/6
2025-10-26 01:00:31 [INFO] [FM] ROI V2 computing weights via pinv ...
2025-10-26 01:01:49 [INFO] [FM] ROI V2 weights computed in 77.7s
2025-10-26 01:01:49 [INFO] [FM] ROI V2 weights computed in 77.7s
2025-10-26 01:01:49 [INFO] [FM] ROI V2 fold 2/6
2025-10-26 01:01:49 [INFO] [FM] ROI V2 fold 2/6
2025-10-26 01:01:49 [INFO] [FM] ROI V2 computing weights via pinv ...
2025-10-26 01:01:49 [INFO] [FM] ROI V2 computing weights via pinv ...
2025-10-26 01:02:12 [INFO] [FM] ROI V2 weights computed in 23.2s
2025-10-26 01:02:12 [INFO] [FM] ROI V2 weights computed in 23.2s
2025-10-26 01:02:12 [INFO] [FM] ROI V2 fold 3/6
2025-10-26 01:02:12 [INFO] [FM] ROI V2 fold 3/6
2025-10-26 01:02:12 [INFO] [FM] ROI V2 computing weights via pinv ...
2025-10-26 01:02:12 [INFO] [FM] ROI V2 computing weights via pinv ...
2025-10-26 01:02:32 [INFO] [FM] ROI V2 weights computed in 20.2s
2025-10-26 01:02:32 [INFO] [FM] ROI V2 weights computed in 20.2s
2025-10-26 01:02:32 [INFO] [FM] ROI V2 fold 4/6
2025-10-26 01:02:32 [INFO] [FM] ROI V2 computing weights via pinv ...
2025-10-26 01:02:32 [INFO] [FM] ROI V2 fold 4/6
2025-10-26 01:02:32 [INFO] [FM] ROI V2 computing weights via pinv ...
2025-10-26 01:03:23 [INFO] [FM] ROI V2 weights computed in 51.3s
2025-10-26 01:03:23 [INFO] [FM] ROI V2 weights computed in 51.3s
2025-10-26 01:03:23 [INFO] [FM] ROI V2 fold 5/6
2025-10-26 01:03:23 [INFO] [FM] ROI V2 fold 5/6
2025-10-26 01:03:23 [INFO] [FM] ROI V2 computing weights via pinv ...
2025-10-26 01:03:23 [INFO] [FM] ROI V2 computing weights via pinv ...
2025-10-26 01:04:00 [INFO] [FM] ROI V2 weights computed in 36.1s
2025-10-26 01:04:00 [INFO] [FM] ROI V2 weights computed in 36.1s
2025-10-26 01:04:00 [INFO] [FM] ROI V2 fold 6/6
2025-10-26 01:04:00 [INFO] [FM] ROI V2 fold 6/6
2025-10-26 01:04:00 [INFO] [FM] ROI V2 computing weights via pinv ...
2025-10-26 01:04:00 [INFO] [FM] ROI V2 computing weights via pinv ...
2025-10-26 01:04:27 [INFO] [FM] ROI V2 weights computed in 27.7s
2025-10-26 01:04:27 [INFO] [FM] ROI V2 weights computed in 27.7s
[OK] V2 mean accuracy: 0.125
2025-10-26 01:04:27 [INFO] [OK] V2 mean accuracy: 0.125
2025-10-26 01:04:27 [INFO] 
[ROI] Processing V3 ...
2025-10-26 01:04:27 [INFO] [FM] ROI V3 fold 1/6
2025-10-26 01:04:27 [INFO] [FM] ROI V3 computing weights via pinv ...
2025-10-26 01:04:27 [INFO] [OK] V2 mean accuracy: 0.125

[ROI] Processing V3 ...
2025-10-26 01:04:27 [INFO] 
[ROI] Processing V3 ...
2025-10-26 01:04:27 [INFO] [FM] ROI V3 fold 1/6
2025-10-26 01:04:27 [INFO] [FM] ROI V3 computing weights via pinv ...
2025-10-26 01:04:28 [INFO] [FM] ROI V3 weights computed in 0.5s
2025-10-26 01:04:28 [INFO] [FM] ROI V3 weights computed in 0.5s
2025-10-26 01:04:28 [INFO] [FM] ROI V3 fold 2/6
2025-10-26 01:04:28 [INFO] [FM] ROI V3 fold 2/6
2025-10-26 01:04:28 [INFO] [FM] ROI V3 computing weights via pinv ...
2025-10-26 01:04:28 [INFO] [FM] ROI V3 computing weights via pinv ...
2025-10-26 01:04:30 [INFO] [FM] ROI V3 weights computed in 2.6s
2025-10-26 01:04:30 [INFO] [FM] ROI V3 weights computed in 2.6s
2025-10-26 01:04:30 [INFO] [FM] ROI V3 fold 3/6
2025-10-26 01:04:30 [INFO] [FM] ROI V3 fold 3/6
2025-10-26 01:04:30 [INFO] [FM] ROI V3 computing weights via pinv ...
2025-10-26 01:04:30 [INFO] [FM] ROI V3 computing weights via pinv ...
2025-10-26 01:04:31 [INFO] [FM] ROI V3 weights computed in 0.9s
2025-10-26 01:04:31 [INFO] [FM] ROI V3 weights computed in 0.9s
2025-10-26 01:04:31 [INFO] [FM] ROI V3 fold 4/6
2025-10-26 01:04:31 [INFO] [FM] ROI V3 fold 4/6
2025-10-26 01:04:31 [INFO] [FM] ROI V3 computing weights via pinv ...
2025-10-26 01:04:31 [INFO] [FM] ROI V3 computing weights via pinv ...
2025-10-26 01:04:31 [INFO] [FM] ROI V3 weights computed in 0.1s
2025-10-26 01:04:31 [INFO] [FM] ROI V3 weights computed in 0.1s
2025-10-26 01:04:31 [INFO] [FM] ROI V3 fold 5/6
2025-10-26 01:04:31 [INFO] [FM] ROI V3 fold 5/6
2025-10-26 01:04:31 [INFO] [FM] ROI V3 computing weights via pinv ...
2025-10-26 01:04:31 [INFO] [FM] ROI V3 computing weights via pinv ...
2025-10-26 01:04:33 [INFO] [FM] ROI V3 weights computed in 1.6s
2025-10-26 01:04:33 [INFO] [FM] ROI V3 weights computed in 1.6s
2025-10-26 01:04:33 [INFO] [FM] ROI V3 fold 6/6
2025-10-26 01:04:33 [INFO] [FM] ROI V3 fold 6/6
2025-10-26 01:04:33 [INFO] [FM] ROI V3 computing weights via pinv ...
2025-10-26 01:04:33 [INFO] [FM] ROI V3 computing weights via pinv ...
2025-10-26 01:04:33 [INFO] [FM] ROI V3 weights computed in 0.4s
2025-10-26 01:04:33 [INFO] [FM] ROI V3 weights computed in 0.4s
[OK] V3 mean accuracy: 0.125
2025-10-26 01:04:33 [INFO] [OK] V3 mean accuracy: 0.125
2025-10-26 01:04:33 [INFO] 
[ROI] Processing hV4 ...
2025-10-26 01:04:33 [INFO] [OK] V3 mean accuracy: 0.125

[ROI] Processing hV4 ...
2025-10-26 01:04:33 [INFO] 
[ROI] Processing hV4 ...
2025-10-26 01:04:33 [INFO] [FM] ROI hV4 fold 1/6
2025-10-26 01:04:33 [INFO] [FM] ROI hV4 computing weights via pinv ...
2025-10-26 01:04:33 [INFO] [FM] ROI hV4 fold 1/6
2025-10-26 01:04:33 [INFO] [FM] ROI hV4 computing weights via pinv ...
2025-10-26 01:04:34 [INFO] [FM] ROI hV4 weights computed in 0.3s
2025-10-26 01:04:34 [INFO] [FM] ROI hV4 weights computed in 0.3s
2025-10-26 01:04:34 [INFO] [FM] ROI hV4 fold 2/6
2025-10-26 01:04:34 [INFO] [FM] ROI hV4 fold 2/6
2025-10-26 01:04:34 [INFO] [FM] ROI hV4 computing weights via pinv ...
2025-10-26 01:04:34 [INFO] [FM] ROI hV4 computing weights via pinv ...
2025-10-26 01:04:34 [INFO] [FM] ROI hV4 weights computed in 0.1s
2025-10-26 01:04:34 [INFO] [FM] ROI hV4 weights computed in 0.1s
2025-10-26 01:04:34 [INFO] [FM] ROI hV4 fold 3/6
2025-10-26 01:04:34 [INFO] [FM] ROI hV4 fold 3/6
2025-10-26 01:04:34 [INFO] [FM] ROI hV4 computing weights via pinv ...
2025-10-26 01:04:34 [INFO] [FM] ROI hV4 computing weights via pinv ...
2025-10-26 01:04:36 [INFO] [FM] ROI hV4 weights computed in 2.0s
2025-10-26 01:04:36 [INFO] [FM] ROI hV4 weights computed in 2.0s
2025-10-26 01:04:36 [INFO] [FM] ROI hV4 fold 4/6
2025-10-26 01:04:36 [INFO] [FM] ROI hV4 fold 4/6
2025-10-26 01:04:36 [INFO] [FM] ROI hV4 computing weights via pinv ...
2025-10-26 01:04:36 [INFO] [FM] ROI hV4 computing weights via pinv ...
2025-10-26 01:04:38 [INFO] [FM] ROI hV4 weights computed in 2.2s
2025-10-26 01:04:38 [INFO] [FM] ROI hV4 weights computed in 2.2s
2025-10-26 01:04:38 [INFO] [FM] ROI hV4 fold 5/6
2025-10-26 01:04:38 [INFO] [FM] ROI hV4 fold 5/6
2025-10-26 01:04:38 [INFO] [FM] ROI hV4 computing weights via pinv ...
2025-10-26 01:04:38 [INFO] [FM] ROI hV4 computing weights via pinv ...
2025-10-26 01:04:40 [INFO] [FM] ROI hV4 weights computed in 2.3s
2025-10-26 01:04:40 [INFO] [FM] ROI hV4 weights computed in 2.3s
2025-10-26 01:04:40 [INFO] [FM] ROI hV4 fold 6/6
2025-10-26 01:04:40 [INFO] [FM] ROI hV4 fold 6/6
2025-10-26 01:04:40 [INFO] [FM] ROI hV4 computing weights via pinv ...
2025-10-26 01:04:40 [INFO] [FM] ROI hV4 computing weights via pinv ...
2025-10-26 01:04:42 [INFO] [FM] ROI hV4 weights computed in 2.1s
2025-10-26 01:04:42 [INFO] [FM] ROI hV4 weights computed in 2.1s
2025-10-26 01:04:42 [INFO] [OK] hV4 mean accuracy: 0.125
[OK] hV4 mean accuracy: 0.125
2025-10-26 01:04:42 [INFO] [OK] hV4 mean accuracy: 0.125
2025-10-26 01:04:42 [INFO] [OK] Forward model completed in 760.5s
2025-10-26 01:04:42 [INFO] [OK] Forward model done in 760.5s
2025-10-26 01:04:42 [INFO] 
[4/5] Running permutation tests (n=1000)...
[OK] Forward model completed in 760.5s
2025-10-26 01:04:42 [INFO] [OK] Forward model completed in 760.5s
[OK] Forward model done in 760.5s
2025-10-26 01:04:42 [INFO] [OK] Forward model done in 760.5s

[4/5] Running permutation tests (n=1000)...
2025-10-26 01:04:42 [INFO] 
[4/5] Running permutation tests (n=1000)...

Testing V1...
2025-10-26 01:47:12 [INFO] [INIT] Starting comprehensive analysis script
2025-10-26 01:47:13 [INFO] ================================================================================
2025-10-26 01:47:13 [INFO] ColorBlind Analysis - Comprehensive Results
2025-10-26 01:47:13 [INFO] ================================================================================
2025-10-26 01:47:13 [INFO] 
================================================================================
2025-10-26 01:47:13 [INFO] PART 1: ROI-Level Analysis
2025-10-26 01:47:13 [INFO] ================================================================================
2025-10-26 01:47:13 [INFO] 
[1/5] Extracting ROI responses...
2025-10-26 01:47:13 [INFO] [START] Extracting ROI responses from beta image
2025-10-26 01:47:13 [INFO] [OK] Extracted V1 responses: (8, 5539)
2025-10-26 01:47:14 [INFO] [OK] Extracted V2 responses: (8, 3180)
2025-10-26 01:47:14 [INFO] [OK] Extracted V3 responses: (8, 532)
2025-10-26 01:47:14 [INFO] [OK] Extracted hV4 responses: (8, 500)
2025-10-26 01:47:14 [INFO] [OK] ROI data extracted in 1.4s
2025-10-26 01:47:14 [INFO] [OK] ROI extraction done in 1.4s
2025-10-26 01:47:14 [INFO] 
[2/5] Analyzing color selectivity...
2025-10-26 01:47:15 [INFO] [OK] Color selectivity done in 0.6s
2025-10-26 01:47:15 [INFO] 
[3/5] Running forward modeling...
2025-10-26 01:47:15 [INFO] [START] Forward model (B&H 2009)
2025-10-26 01:47:15 [INFO] 
[ROI] Processing V1 ...
2025-10-26 01:47:15 [INFO] [FM] ROI V1 fold 1/6
2025-10-26 01:47:15 [INFO] [FM] ROI V1 computing weights via pinv ...
2025-10-26 01:49:00 [INFO] [FM] ROI V1 weights computed in 105.0s
2025-10-26 01:49:00 [INFO] [FM] ROI V1 fold 2/6
2025-10-26 01:49:00 [INFO] [FM] ROI V1 computing weights via pinv ...
2025-10-26 01:50:57 [INFO] [FM] ROI V1 weights computed in 117.1s
2025-10-26 01:50:57 [INFO] [FM] ROI V1 fold 3/6
2025-10-26 01:50:57 [INFO] [FM] ROI V1 computing weights via pinv ...
2025-10-26 01:52:52 [INFO] [FM] ROI V1 weights computed in 115.4s
2025-10-26 01:52:52 [INFO] [FM] ROI V1 fold 4/6
2025-10-26 01:52:52 [INFO] [FM] ROI V1 computing weights via pinv ...
/usr/anaconda3/etc/profile.d/conda.sh: line 55: PS1: unbound variable
2025-10-26 02:06:03 [INFO] [INIT] Starting comprehensive analysis script
2025-10-26 02:06:03 [INFO] ================================================================================
2025-10-26 02:06:03 [INFO] ColorBlind Analysis - Comprehensive Results
2025-10-26 02:06:03 [INFO] ================================================================================
2025-10-26 02:06:03 [INFO] 
================================================================================
2025-10-26 02:06:03 [INFO] PART 1: ROI-Level Analysis
2025-10-26 02:06:03 [INFO] ================================================================================
2025-10-26 02:06:03 [INFO] 
[1/5] Extracting ROI responses...
2025-10-26 02:06:03 [INFO] [START] Extracting ROI responses from beta image
2025-10-26 02:06:03 [INFO] [OK] Extracted V1 responses: (8, 5539)
2025-10-26 02:06:04 [INFO] [OK] Extracted V2 responses: (8, 3180)
2025-10-26 02:06:04 [INFO] [OK] Extracted V3 responses: (8, 532)
2025-10-26 02:06:04 [INFO] [OK] Extracted hV4 responses: (8, 500)
2025-10-26 02:06:04 [INFO] [OK] ROI data extracted in 1.0s
2025-10-26 02:06:04 [INFO] [OK] ROI extraction done in 1.0s
2025-10-26 02:06:04 [INFO] 
[2/5] Analyzing color selectivity...
2025-10-26 02:06:05 [INFO] [OK] Color selectivity done in 0.6s
2025-10-26 02:06:05 [INFO] 
[3/5] Running forward modeling...
2025-10-26 02:06:05 [INFO] [START] Forward model (B&H 2009)
2025-10-26 02:06:05 [INFO] 
[ROI] Processing V1 ...
2025-10-26 02:06:05 [INFO] [FM] ROI V1 fold 1/6
2025-10-26 02:06:05 [INFO] [FM] ROI V1 computing weights via pinv ...
2025-10-26 02:06:27 [INFO] [FM] ROI V1 weights computed in 22.2s
2025-10-26 02:06:27 [INFO] [FM] ROI V1 fold 2/6
2025-10-26 02:06:27 [INFO] [FM] ROI V1 computing weights via pinv ...
2025-10-26 02:06:48 [INFO] [FM] ROI V1 weights computed in 21.0s
2025-10-26 02:06:48 [INFO] [FM] ROI V1 fold 3/6
2025-10-26 02:06:48 [INFO] [FM] ROI V1 computing weights via pinv ...
2025-10-26 02:07:11 [INFO] [FM] ROI V1 weights computed in 23.4s
2025-10-26 02:07:11 [INFO] [FM] ROI V1 fold 4/6
2025-10-26 02:07:11 [INFO] [FM] ROI V1 computing weights via pinv ...
2025-10-26 02:07:43 [INFO] [FM] ROI V1 weights computed in 31.6s
2025-10-26 02:07:43 [INFO] [FM] ROI V1 fold 5/6
2025-10-26 02:07:43 [INFO] [FM] ROI V1 computing weights via pinv ...
2025-10-26 02:08:14 [INFO] [FM] ROI V1 weights computed in 31.1s
2025-10-26 02:08:14 [INFO] [FM] ROI V1 fold 6/6
2025-10-26 02:08:14 [INFO] [FM] ROI V1 computing weights via pinv ...
2025-10-26 02:08:58 [INFO] [FM] ROI V1 weights computed in 44.1s
2025-10-26 02:08:58 [INFO] [OK] V1 mean accuracy: 0.125
2025-10-26 02:08:58 [INFO] 
[ROI] Processing V2 ...
2025-10-26 02:08:58 [INFO] [FM] ROI V2 fold 1/6
2025-10-26 02:08:58 [INFO] [FM] ROI V2 computing weights via pinv ...
2025-10-26 02:09:03 [INFO] [FM] ROI V2 weights computed in 5.0s
2025-10-26 02:09:03 [INFO] [FM] ROI V2 fold 2/6
2025-10-26 02:09:03 [INFO] [FM] ROI V2 computing weights via pinv ...
2025-10-26 02:09:07 [INFO] [FM] ROI V2 weights computed in 4.0s
2025-10-26 02:09:07 [INFO] [FM] ROI V2 fold 3/6
2025-10-26 02:09:07 [INFO] [FM] ROI V2 computing weights via pinv ...
2025-10-26 02:09:12 [INFO] [FM] ROI V2 weights computed in 4.7s
2025-10-26 02:09:12 [INFO] [FM] ROI V2 fold 4/6
2025-10-26 02:09:12 [INFO] [FM] ROI V2 computing weights via pinv ...
2025-10-26 02:09:16 [INFO] [FM] ROI V2 weights computed in 3.9s
2025-10-26 02:09:16 [INFO] [FM] ROI V2 fold 5/6
2025-10-26 02:09:16 [INFO] [FM] ROI V2 computing weights via pinv ...
2025-10-26 02:09:20 [INFO] [FM] ROI V2 weights computed in 4.2s
2025-10-26 02:09:20 [INFO] [FM] ROI V2 fold 6/6
2025-10-26 02:09:20 [INFO] [FM] ROI V2 computing weights via pinv ...
2025-10-26 02:09:24 [INFO] [FM] ROI V2 weights computed in 3.9s
2025-10-26 02:09:24 [INFO] [OK] V2 mean accuracy: 0.125
2025-10-26 02:09:24 [INFO] 
[ROI] Processing V3 ...
2025-10-26 02:09:24 [INFO] [FM] ROI V3 fold 1/6
2025-10-26 02:09:24 [INFO] [FM] ROI V3 computing weights via pinv ...
2025-10-26 02:09:24 [INFO] [FM] ROI V3 weights computed in 0.1s
2025-10-26 02:09:24 [INFO] [FM] ROI V3 fold 2/6
2025-10-26 02:09:24 [INFO] [FM] ROI V3 computing weights via pinv ...
2025-10-26 02:09:24 [INFO] [FM] ROI V3 weights computed in 0.1s
2025-10-26 02:09:24 [INFO] [FM] ROI V3 fold 3/6
2025-10-26 02:09:24 [INFO] [FM] ROI V3 computing weights via pinv ...
2025-10-26 02:09:24 [INFO] [FM] ROI V3 weights computed in 0.1s
2025-10-26 02:09:24 [INFO] [FM] ROI V3 fold 4/6
2025-10-26 02:09:24 [INFO] [FM] ROI V3 computing weights via pinv ...
2025-10-26 02:09:24 [INFO] [FM] ROI V3 weights computed in 0.1s
2025-10-26 02:09:24 [INFO] [FM] ROI V3 fold 5/6
2025-10-26 02:09:24 [INFO] [FM] ROI V3 computing weights via pinv ...
2025-10-26 02:09:24 [INFO] [FM] ROI V3 weights computed in 0.1s
2025-10-26 02:09:24 [INFO] [FM] ROI V3 fold 6/6
2025-10-26 02:09:24 [INFO] [FM] ROI V3 computing weights via pinv ...
2025-10-26 02:09:24 [INFO] [FM] ROI V3 weights computed in 0.1s
2025-10-26 02:09:24 [INFO] [OK] V3 mean accuracy: 0.125
2025-10-26 02:09:24 [INFO] 
[ROI] Processing hV4 ...
2025-10-26 02:09:24 [INFO] [FM] ROI hV4 fold 1/6
2025-10-26 02:09:24 [INFO] [FM] ROI hV4 computing weights via pinv ...
2025-10-26 02:09:24 [INFO] [FM] ROI hV4 weights computed in 0.1s
2025-10-26 02:09:24 [INFO] [FM] ROI hV4 fold 2/6
2025-10-26 02:09:24 [INFO] [FM] ROI hV4 computing weights via pinv ...
2025-10-26 02:09:24 [INFO] [FM] ROI hV4 weights computed in 0.1s
2025-10-26 02:09:24 [INFO] [FM] ROI hV4 fold 3/6
2025-10-26 02:09:24 [INFO] [FM] ROI hV4 computing weights via pinv ...
2025-10-26 02:09:24 [INFO] [FM] ROI hV4 weights computed in 0.1s
2025-10-26 02:09:24 [INFO] [FM] ROI hV4 fold 4/6
2025-10-26 02:09:24 [INFO] [FM] ROI hV4 computing weights via pinv ...
2025-10-26 02:09:24 [INFO] [FM] ROI hV4 weights computed in 0.1s
2025-10-26 02:09:24 [INFO] [FM] ROI hV4 fold 5/6
2025-10-26 02:09:24 [INFO] [FM] ROI hV4 computing weights via pinv ...
2025-10-26 02:09:24 [INFO] [FM] ROI hV4 weights computed in 0.1s
2025-10-26 02:09:24 [INFO] [FM] ROI hV4 fold 6/6
2025-10-26 02:09:24 [INFO] [FM] ROI hV4 computing weights via pinv ...
2025-10-26 02:09:24 [INFO] [FM] ROI hV4 weights computed in 0.1s
2025-10-26 02:09:24 [INFO] [OK] hV4 mean accuracy: 0.125
2025-10-26 02:09:24 [INFO] [OK] Forward model completed in 199.9s
2025-10-26 02:09:24 [INFO] [OK] Forward model done in 199.9s
2025-10-26 02:09:24 [INFO] 
[4/5] Skipping permutation tests (set RUN_PERMUTATION=1 to enable)
2025-10-26 02:09:24 [INFO] 
[5/5] Generating visualizations...
2025-10-26 02:09:26 [INFO] 
================================================================================
2025-10-26 02:09:26 [INFO] PART 2: Voxel-Level Analysis
2025-10-26 02:09:26 [INFO] ================================================================================
[INIT] Starting comprehensive analysis script
2025-10-26 02:06:03 [INFO] [INIT] Starting comprehensive analysis script
================================================================================
2025-10-26 02:06:03 [INFO] ================================================================================
ColorBlind Analysis - Comprehensive Results
2025-10-26 02:06:03 [INFO] ColorBlind Analysis - Comprehensive Results
================================================================================
2025-10-26 02:06:03 [INFO] ================================================================================

================================================================================
2025-10-26 02:06:03 [INFO] 
================================================================================
PART 1: ROI-Level Analysis
2025-10-26 02:06:03 [INFO] PART 1: ROI-Level Analysis
================================================================================
2025-10-26 02:06:03 [INFO] ================================================================================

[1/5] Extracting ROI responses...
2025-10-26 02:06:03 [INFO] 
[1/5] Extracting ROI responses...
[START] Extracting ROI responses from beta image
2025-10-26 02:06:03 [INFO] [START] Extracting ROI responses from beta image
[OK] Extracted V1 responses: (8, 5539)
2025-10-26 02:06:03 [INFO] [OK] Extracted V1 responses: (8, 5539)
[OK] Extracted V2 responses: (8, 3180)
2025-10-26 02:06:04 [INFO] [OK] Extracted V2 responses: (8, 3180)
[OK] Extracted V3 responses: (8, 532)
2025-10-26 02:06:04 [INFO] [OK] Extracted V3 responses: (8, 532)
[OK] Extracted hV4 responses: (8, 500)
2025-10-26 02:06:04 [INFO] [OK] Extracted hV4 responses: (8, 500)
[OK] ROI data extracted in 1.0s
2025-10-26 02:06:04 [INFO] [OK] ROI data extracted in 1.0s
[OK] ROI extraction done in 1.0s
2025-10-26 02:06:04 [INFO] [OK] ROI extraction done in 1.0s

[2/5] Analyzing color selectivity...
2025-10-26 02:06:04 [INFO] 
[2/5] Analyzing color selectivity...

Analyzing V1...
Selectivity index: nan
Tuning width: 0.000
Response reliability: nan

Analyzing V2...
Selectivity index: nan
Tuning width: 0.000
Response reliability: nan

Analyzing V3...
Selectivity index: nan
Tuning width: 0.000
Response reliability: nan

Analyzing hV4...
Selectivity index: nan
Tuning width: 0.000
Response reliability: nan
[OK] Color selectivity done in 0.6s
2025-10-26 02:06:05 [INFO] [OK] Color selectivity done in 0.6s

[3/5] Running forward modeling...
2025-10-26 02:06:05 [INFO] 
[3/5] Running forward modeling...
[START] Forward model (B&H 2009)
2025-10-26 02:06:05 [INFO] [START] Forward model (B&H 2009)

[ROI] Processing V1 ...
2025-10-26 02:06:05 [INFO] 
[ROI] Processing V1 ...
2025-10-26 02:06:05 [INFO] [FM] ROI V1 fold 1/6
2025-10-26 02:06:05 [INFO] [FM] ROI V1 computing weights via pinv ...
2025-10-26 02:06:27 [INFO] [FM] ROI V1 weights computed in 22.2s
2025-10-26 02:06:27 [INFO] [FM] ROI V1 fold 2/6
2025-10-26 02:06:27 [INFO] [FM] ROI V1 computing weights via pinv ...
2025-10-26 02:06:48 [INFO] [FM] ROI V1 weights computed in 21.0s
2025-10-26 02:06:48 [INFO] [FM] ROI V1 fold 3/6
2025-10-26 02:06:48 [INFO] [FM] ROI V1 computing weights via pinv ...
2025-10-26 02:07:11 [INFO] [FM] ROI V1 weights computed in 23.4s
2025-10-26 02:07:11 [INFO] [FM] ROI V1 fold 4/6
2025-10-26 02:07:11 [INFO] [FM] ROI V1 computing weights via pinv ...
2025-10-26 02:07:43 [INFO] [FM] ROI V1 weights computed in 31.6s
2025-10-26 02:07:43 [INFO] [FM] ROI V1 fold 5/6
2025-10-26 02:07:43 [INFO] [FM] ROI V1 computing weights via pinv ...
2025-10-26 02:08:14 [INFO] [FM] ROI V1 weights computed in 31.1s
2025-10-26 02:08:14 [INFO] [FM] ROI V1 fold 6/6
2025-10-26 02:08:14 [INFO] [FM] ROI V1 computing weights via pinv ...
2025-10-26 02:08:58 [INFO] [FM] ROI V1 weights computed in 44.1s
[OK] V1 mean accuracy: 0.125
2025-10-26 02:08:58 [INFO] [OK] V1 mean accuracy: 0.125

[ROI] Processing V2 ...
2025-10-26 02:08:58 [INFO] 
[ROI] Processing V2 ...
2025-10-26 02:08:58 [INFO] [FM] ROI V2 fold 1/6
2025-10-26 02:08:58 [INFO] [FM] ROI V2 computing weights via pinv ...
2025-10-26 02:09:03 [INFO] [FM] ROI V2 weights computed in 5.0s
2025-10-26 02:09:03 [INFO] [FM] ROI V2 fold 2/6
2025-10-26 02:09:03 [INFO] [FM] ROI V2 computing weights via pinv ...
2025-10-26 02:09:07 [INFO] [FM] ROI V2 weights computed in 4.0s
2025-10-26 02:09:07 [INFO] [FM] ROI V2 fold 3/6
2025-10-26 02:09:07 [INFO] [FM] ROI V2 computing weights via pinv ...
2025-10-26 02:09:12 [INFO] [FM] ROI V2 weights computed in 4.7s
2025-10-26 02:09:12 [INFO] [FM] ROI V2 fold 4/6
2025-10-26 02:09:12 [INFO] [FM] ROI V2 computing weights via pinv ...
2025-10-26 02:09:16 [INFO] [FM] ROI V2 weights computed in 3.9s
2025-10-26 02:09:16 [INFO] [FM] ROI V2 fold 5/6
2025-10-26 02:09:16 [INFO] [FM] ROI V2 computing weights via pinv ...
2025-10-26 02:09:20 [INFO] [FM] ROI V2 weights computed in 4.2s
2025-10-26 02:09:20 [INFO] [FM] ROI V2 fold 6/6
2025-10-26 02:09:20 [INFO] [FM] ROI V2 computing weights via pinv ...
2025-10-26 02:09:24 [INFO] [FM] ROI V2 weights computed in 3.9s
[OK] V2 mean accuracy: 0.125
2025-10-26 02:09:24 [INFO] [OK] V2 mean accuracy: 0.125

[ROI] Processing V3 ...
2025-10-26 02:09:24 [INFO] 
[ROI] Processing V3 ...
2025-10-26 02:09:24 [INFO] [FM] ROI V3 fold 1/6
2025-10-26 02:09:24 [INFO] [FM] ROI V3 computing weights via pinv ...
2025-10-26 02:09:24 [INFO] [FM] ROI V3 weights computed in 0.1s
2025-10-26 02:09:24 [INFO] [FM] ROI V3 fold 2/6
2025-10-26 02:09:24 [INFO] [FM] ROI V3 computing weights via pinv ...
2025-10-26 02:09:24 [INFO] [FM] ROI V3 weights computed in 0.1s
2025-10-26 02:09:24 [INFO] [FM] ROI V3 fold 3/6
2025-10-26 02:09:24 [INFO] [FM] ROI V3 computing weights via pinv ...
2025-10-26 02:09:24 [INFO] [FM] ROI V3 weights computed in 0.1s
2025-10-26 02:09:24 [INFO] [FM] ROI V3 fold 4/6
2025-10-26 02:09:24 [INFO] [FM] ROI V3 computing weights via pinv ...
2025-10-26 02:09:24 [INFO] [FM] ROI V3 weights computed in 0.1s
2025-10-26 02:09:24 [INFO] [FM] ROI V3 fold 5/6
2025-10-26 02:09:24 [INFO] [FM] ROI V3 computing weights via pinv ...
2025-10-26 02:09:24 [INFO] [FM] ROI V3 weights computed in 0.1s
2025-10-26 02:09:24 [INFO] [FM] ROI V3 fold 6/6
2025-10-26 02:09:24 [INFO] [FM] ROI V3 computing weights via pinv ...
2025-10-26 02:09:24 [INFO] [FM] ROI V3 weights computed in 0.1s
[OK] V3 mean accuracy: 0.125
2025-10-26 02:09:24 [INFO] [OK] V3 mean accuracy: 0.125

[ROI] Processing hV4 ...
2025-10-26 02:09:24 [INFO] 
[ROI] Processing hV4 ...
2025-10-26 02:09:24 [INFO] [FM] ROI hV4 fold 1/6
2025-10-26 02:09:24 [INFO] [FM] ROI hV4 computing weights via pinv ...
2025-10-26 02:09:24 [INFO] [FM] ROI hV4 weights computed in 0.1s
2025-10-26 02:09:24 [INFO] [FM] ROI hV4 fold 2/6
2025-10-26 02:09:24 [INFO] [FM] ROI hV4 computing weights via pinv ...
2025-10-26 02:09:24 [INFO] [FM] ROI hV4 weights computed in 0.1s
2025-10-26 02:09:24 [INFO] [FM] ROI hV4 fold 3/6
2025-10-26 02:09:24 [INFO] [FM] ROI hV4 computing weights via pinv ...
2025-10-26 02:09:24 [INFO] [FM] ROI hV4 weights computed in 0.1s
2025-10-26 02:09:24 [INFO] [FM] ROI hV4 fold 4/6
2025-10-26 02:09:24 [INFO] [FM] ROI hV4 computing weights via pinv ...
2025-10-26 02:09:24 [INFO] [FM] ROI hV4 weights computed in 0.1s
2025-10-26 02:09:24 [INFO] [FM] ROI hV4 fold 5/6
2025-10-26 02:09:24 [INFO] [FM] ROI hV4 computing weights via pinv ...
2025-10-26 02:09:24 [INFO] [FM] ROI hV4 weights computed in 0.1s
2025-10-26 02:09:24 [INFO] [FM] ROI hV4 fold 6/6
2025-10-26 02:09:24 [INFO] [FM] ROI hV4 computing weights via pinv ...
2025-10-26 02:09:24 [INFO] [FM] ROI hV4 weights computed in 0.1s
[OK] hV4 mean accuracy: 0.125
2025-10-26 02:09:24 [INFO] [OK] hV4 mean accuracy: 0.125
[OK] Forward model completed in 199.9s
2025-10-26 02:09:24 [INFO] [OK] Forward model completed in 199.9s
[OK] Forward model done in 199.9s
2025-10-26 02:09:24 [INFO] [OK] Forward model done in 199.9s

[4/5] Skipping permutation tests (set RUN_PERMUTATION=1 to enable)
2025-10-26 02:09:24 [INFO] 
[4/5] Skipping permutation tests (set RUN_PERMUTATION=1 to enable)

[5/5] Generating visualizations...
2025-10-26 02:09:24 [INFO] 
[5/5] Generating visualizations...

================================================================================
2025-10-26 02:09:26 [INFO] 
================================================================================
PART 2: Voxel-Level Analysis
2025-10-26 02:09:26 [INFO] PART 2: Voxel-Level Analysis
================================================================================
2025-10-26 02:09:26 [INFO] ================================================================================

[1/3] Analyzing voxel preferences...

Processing V1...
/scratch/connectome/haba6030/colorBlind/bh_anal.py:486: FutureWarning: 'force_resample' will be set to 'True' by default in Nilearn 0.13.0.
Use 'force_resample=True' to suppress this warning.
  resampled_mask = image.resample_img(
/scratch/connectome/haba6030/colorBlind/bh_anal.py:486: FutureWarning: From release 0.13.0 onwards, this function will, by default, copy the header of the input image to the output. Currently, the header is reset to the default Nifti1Header. To suppress this warning and use the new behavior, set `copy_header=True`.
  resampled_mask = image.resample_img(
/scratch/connectome/haba6030/colorBlind/bh_stats.py:110: RuntimeWarning: invalid value encountered in scalar divide
  selectivity_idx = ((mean_responses.max() - mean_responses.min()) /
/home/connectome/haba6030/.conda/envs/nilearn/lib/python3.10/site-packages/numpy/lib/_function_base_impl.py:3045: RuntimeWarning: invalid value encountered in divide
  c /= stddev[:, None]
Traceback (most recent call last):
  File "/scratch/connectome/haba6030/colorBlind/run_comprehensive_analysis.py", line 609, in <module>
    summary = main()
  File "/scratch/connectome/haba6030/colorBlind/run_comprehensive_analysis.py", line 154, in main
    voxel_results = perform_voxel_analysis(roi_data, results_dir)
  File "/scratch/connectome/haba6030/colorBlind/run_comprehensive_analysis.py", line 223, in perform_voxel_analysis
    half1_data.append(responses[:, r1*n_colors:(r1+1)*n_colors][:, v])
IndexError: index 8 is out of bounds for axis 1 with size 8
ERROR conda.cli.main_run:execute(39): Subprocess for 'conda run ['python', 'run_comprehensive_analysis.py']' command failed.  Stderr was:
/scratch/connectome/haba6030/colorBlind/bh_anal.py:486: FutureWarning: 'force_resample' will be set to 'True' by default in Nilearn 0.13.0.
Use 'force_resample=True' to suppress this warning.
  resampled_mask = image.resample_img(
/scratch/connectome/haba6030/colorBlind/bh_anal.py:486: FutureWarning: From release 0.13.0 onwards, this function will, by default, copy the header of the input image to the output. Currently, the header is reset to the default Nifti1Header. To suppress this warning and use the new behavior, set `copy_header=True`.
  resampled_mask = image.resample_img(
/scratch/connectome/haba6030/colorBlind/bh_stats.py:110: RuntimeWarning: invalid value encountered in scalar divide
  selectivity_idx = ((mean_responses.max() - mean_responses.min()) /
/home/connectome/haba6030/.conda/envs/nilearn/lib/python3.10/site-packages/numpy/lib/_function_base_impl.py:3045: RuntimeWarning: invalid value encountered in divide
  c /= stddev[:, None]
Traceback (most recent call last):
  File "/scratch/connectome/haba6030/colorBlind/run_comprehensive_analysis.py", line 609, in <module>
    summary = main()
  File "/scratch/connectome/haba6030/colorBlind/run_comprehensive_analysis.py", line 154, in main
    voxel_results = perform_voxel_analysis(roi_data, results_dir)
  File "/scratch/connectome/haba6030/colorBlind/run_comprehensive_analysis.py", line 223, in perform_voxel_analysis
    half1_data.append(responses[:, r1*n_colors:(r1+1)*n_colors][:, v])
IndexError: index 8 is out of bounds for axis 1 with size 8

2025-10-26 02:10:37 [INFO] [INIT] Starting comprehensive analysis script
2025-10-26 02:10:38 [INFO] ================================================================================
2025-10-26 02:10:38 [INFO] ColorBlind Analysis - Comprehensive Results
2025-10-26 02:10:38 [INFO] ================================================================================
2025-10-26 02:10:38 [INFO] 
================================================================================
2025-10-26 02:10:38 [INFO] PART 1: ROI-Level Analysis
2025-10-26 02:10:38 [INFO] ================================================================================
2025-10-26 02:10:38 [INFO] 
[1/5] Extracting ROI responses...
2025-10-26 02:10:38 [INFO] [START] Extracting ROI responses from beta image
2025-10-26 02:10:38 [INFO] [OK] Extracted V1 responses: (8, 5539)
2025-10-26 02:10:38 [INFO] [OK] Extracted V2 responses: (8, 3180)
2025-10-26 02:10:38 [INFO] [OK] Extracted V3 responses: (8, 532)
2025-10-26 02:10:38 [INFO] [OK] Extracted hV4 responses: (8, 500)
2025-10-26 02:10:38 [INFO] [OK] ROI data extracted in 1.0s
2025-10-26 02:10:38 [INFO] [OK] ROI extraction done in 1.0s
2025-10-26 02:10:38 [INFO] 
[2/5] Analyzing color selectivity...
2025-10-26 02:10:39 [INFO] [OK] Color selectivity done in 0.5s
2025-10-26 02:10:39 [INFO] 
[3/5] Running forward modeling...
2025-10-26 02:10:39 [INFO] [START] Forward model (B&H 2009)
2025-10-26 02:10:39 [INFO] 
[ROI] Processing V1 ...
2025-10-26 02:10:39 [INFO] [FM] ROI V1 fold 1/6
2025-10-26 02:10:39 [INFO] [FM] ROI V1 computing weights via pinv ...
2025-10-26 02:11:03 [INFO] [FM] ROI V1 weights computed in 24.0s
2025-10-26 02:11:03 [INFO] [FM] ROI V1 fold 2/6
2025-10-26 02:11:03 [INFO] [FM] ROI V1 computing weights via pinv ...
2025-10-26 02:11:26 [INFO] [FM] ROI V1 weights computed in 23.0s
2025-10-26 02:11:26 [INFO] [FM] ROI V1 fold 3/6
2025-10-26 02:11:26 [INFO] [FM] ROI V1 computing weights via pinv ...
2025-10-26 02:11:53 [INFO] [FM] ROI V1 weights computed in 26.6s
2025-10-26 02:11:53 [INFO] [FM] ROI V1 fold 4/6
2025-10-26 02:11:53 [INFO] [FM] ROI V1 computing weights via pinv ...
2025-10-26 02:12:22 [INFO] [FM] ROI V1 weights computed in 29.1s
2025-10-26 02:12:22 [INFO] [FM] ROI V1 fold 5/6
2025-10-26 02:12:22 [INFO] [FM] ROI V1 computing weights via pinv ...
2025-10-26 02:12:49 [INFO] [FM] ROI V1 weights computed in 27.4s
2025-10-26 02:12:49 [INFO] [FM] ROI V1 fold 6/6
2025-10-26 02:12:49 [INFO] [FM] ROI V1 computing weights via pinv ...
2025-10-26 02:13:20 [INFO] [FM] ROI V1 weights computed in 31.3s
2025-10-26 02:13:20 [INFO] [OK] V1 mean accuracy: 0.125
2025-10-26 02:13:20 [INFO] 
[ROI] Processing V2 ...
2025-10-26 02:13:20 [INFO] [FM] ROI V2 fold 1/6
2025-10-26 02:13:20 [INFO] [FM] ROI V2 computing weights via pinv ...
2025-10-26 02:13:24 [INFO] [FM] ROI V2 weights computed in 4.0s
2025-10-26 02:13:24 [INFO] [FM] ROI V2 fold 2/6
2025-10-26 02:13:24 [INFO] [FM] ROI V2 computing weights via pinv ...
2025-10-26 02:13:29 [INFO] [FM] ROI V2 weights computed in 4.4s
2025-10-26 02:13:29 [INFO] [FM] ROI V2 fold 3/6
2025-10-26 02:13:29 [INFO] [FM] ROI V2 computing weights via pinv ...
2025-10-26 02:13:33 [INFO] [FM] ROI V2 weights computed in 4.2s
2025-10-26 02:13:33 [INFO] [FM] ROI V2 fold 4/6
2025-10-26 02:13:33 [INFO] [FM] ROI V2 computing weights via pinv ...
2025-10-26 02:13:41 [INFO] [FM] ROI V2 weights computed in 8.4s
2025-10-26 02:13:41 [INFO] [FM] ROI V2 fold 5/6
2025-10-26 02:13:41 [INFO] [FM] ROI V2 computing weights via pinv ...
2025-10-26 02:13:45 [INFO] [FM] ROI V2 weights computed in 4.1s
2025-10-26 02:13:45 [INFO] [FM] ROI V2 fold 6/6
2025-10-26 02:13:45 [INFO] [FM] ROI V2 computing weights via pinv ...
2025-10-26 02:13:49 [INFO] [FM] ROI V2 weights computed in 3.9s
2025-10-26 02:13:49 [INFO] [OK] V2 mean accuracy: 0.125
2025-10-26 02:13:49 [INFO] 
[ROI] Processing V3 ...
2025-10-26 02:13:49 [INFO] [FM] ROI V3 fold 1/6
2025-10-26 02:13:49 [INFO] [FM] ROI V3 computing weights via pinv ...
2025-10-26 02:13:49 [INFO] [FM] ROI V3 weights computed in 0.1s
2025-10-26 02:13:49 [INFO] [FM] ROI V3 fold 2/6
2025-10-26 02:13:49 [INFO] [FM] ROI V3 computing weights via pinv ...
2025-10-26 02:13:49 [INFO] [FM] ROI V3 weights computed in 0.1s
2025-10-26 02:13:49 [INFO] [FM] ROI V3 fold 3/6
2025-10-26 02:13:49 [INFO] [FM] ROI V3 computing weights via pinv ...
2025-10-26 02:13:50 [INFO] [FM] ROI V3 weights computed in 0.1s
2025-10-26 02:13:50 [INFO] [FM] ROI V3 fold 4/6
2025-10-26 02:13:50 [INFO] [FM] ROI V3 computing weights via pinv ...
2025-10-26 02:13:50 [INFO] [FM] ROI V3 weights computed in 0.1s
2025-10-26 02:13:50 [INFO] [FM] ROI V3 fold 5/6
2025-10-26 02:13:50 [INFO] [FM] ROI V3 computing weights via pinv ...
2025-10-26 02:13:50 [INFO] [FM] ROI V3 weights computed in 0.1s
2025-10-26 02:13:50 [INFO] [FM] ROI V3 fold 6/6
2025-10-26 02:13:50 [INFO] [FM] ROI V3 computing weights via pinv ...
2025-10-26 02:13:50 [INFO] [FM] ROI V3 weights computed in 0.1s
2025-10-26 02:13:50 [INFO] [OK] V3 mean accuracy: 0.125
2025-10-26 02:13:50 [INFO] 
[ROI] Processing hV4 ...
2025-10-26 02:13:50 [INFO] [FM] ROI hV4 fold 1/6
2025-10-26 02:13:50 [INFO] [FM] ROI hV4 computing weights via pinv ...
2025-10-26 02:13:50 [INFO] [FM] ROI hV4 weights computed in 0.1s
2025-10-26 02:13:50 [INFO] [FM] ROI hV4 fold 2/6
2025-10-26 02:13:50 [INFO] [FM] ROI hV4 computing weights via pinv ...
2025-10-26 02:13:50 [INFO] [FM] ROI hV4 weights computed in 0.1s
2025-10-26 02:13:50 [INFO] [FM] ROI hV4 fold 3/6
2025-10-26 02:13:50 [INFO] [FM] ROI hV4 computing weights via pinv ...
2025-10-26 02:13:50 [INFO] [FM] ROI hV4 weights computed in 0.1s
2025-10-26 02:13:50 [INFO] [FM] ROI hV4 fold 4/6
2025-10-26 02:13:50 [INFO] [FM] ROI hV4 computing weights via pinv ...
2025-10-26 02:13:50 [INFO] [FM] ROI hV4 weights computed in 0.1s
2025-10-26 02:13:50 [INFO] [FM] ROI hV4 fold 5/6
2025-10-26 02:13:50 [INFO] [FM] ROI hV4 computing weights via pinv ...
2025-10-26 02:13:50 [INFO] [FM] ROI hV4 weights computed in 0.1s
2025-10-26 02:13:50 [INFO] [FM] ROI hV4 fold 6/6
2025-10-26 02:13:50 [INFO] [FM] ROI hV4 computing weights via pinv ...
2025-10-26 02:13:50 [INFO] [FM] ROI hV4 weights computed in 0.1s
2025-10-26 02:13:50 [INFO] [OK] hV4 mean accuracy: 0.125
2025-10-26 02:13:50 [INFO] [OK] Forward model completed in 191.2s
2025-10-26 02:13:50 [INFO] [OK] Forward model done in 191.2s
2025-10-26 02:13:50 [INFO] 
[4/5] Skipping permutation tests (set RUN_PERMUTATION=1 to enable)
2025-10-26 02:13:50 [INFO] 
[5/5] Generating visualizations...
2025-10-26 02:13:52 [INFO] 
================================================================================
2025-10-26 02:13:52 [INFO] PART 2: Voxel-Level Analysis
2025-10-26 02:13:52 [INFO] ================================================================================
2025-10-26 02:13:53 [INFO] [OK] Voxel-level analysis done in 1.1s
2025-10-26 02:13:53 [INFO] 
================================================================================
2025-10-26 02:13:53 [INFO] PART 3: Performance Summary
2025-10-26 02:13:53 [INFO] ================================================================================
[INIT] Starting comprehensive analysis script
2025-10-26 02:10:37 [INFO] [INIT] Starting comprehensive analysis script
================================================================================
2025-10-26 02:10:38 [INFO] ================================================================================
ColorBlind Analysis - Comprehensive Results
2025-10-26 02:10:38 [INFO] ColorBlind Analysis - Comprehensive Results
================================================================================
2025-10-26 02:10:38 [INFO] ================================================================================

================================================================================
2025-10-26 02:10:38 [INFO] 
================================================================================
PART 1: ROI-Level Analysis
2025-10-26 02:10:38 [INFO] PART 1: ROI-Level Analysis
================================================================================
2025-10-26 02:10:38 [INFO] ================================================================================

[1/5] Extracting ROI responses...
2025-10-26 02:10:38 [INFO] 
[1/5] Extracting ROI responses...
[START] Extracting ROI responses from beta image
2025-10-26 02:10:38 [INFO] [START] Extracting ROI responses from beta image
[OK] Extracted V1 responses: (8, 5539)
2025-10-26 02:10:38 [INFO] [OK] Extracted V1 responses: (8, 5539)
[OK] Extracted V2 responses: (8, 3180)
2025-10-26 02:10:38 [INFO] [OK] Extracted V2 responses: (8, 3180)
[OK] Extracted V3 responses: (8, 532)
2025-10-26 02:10:38 [INFO] [OK] Extracted V3 responses: (8, 532)
[OK] Extracted hV4 responses: (8, 500)
2025-10-26 02:10:38 [INFO] [OK] Extracted hV4 responses: (8, 500)
[OK] ROI data extracted in 1.0s
2025-10-26 02:10:38 [INFO] [OK] ROI data extracted in 1.0s
[OK] ROI extraction done in 1.0s
2025-10-26 02:10:38 [INFO] [OK] ROI extraction done in 1.0s

[2/5] Analyzing color selectivity...
2025-10-26 02:10:38 [INFO] 
[2/5] Analyzing color selectivity...

Analyzing V1...
Selectivity index: nan
Tuning width: 0.000
Response reliability: nan

Analyzing V2...
Selectivity index: nan
Tuning width: 0.000
Response reliability: nan

Analyzing V3...
Selectivity index: nan
Tuning width: 0.000
Response reliability: nan

Analyzing hV4...
Selectivity index: nan
Tuning width: 0.000
Response reliability: nan
[OK] Color selectivity done in 0.5s
2025-10-26 02:10:39 [INFO] [OK] Color selectivity done in 0.5s

[3/5] Running forward modeling...
2025-10-26 02:10:39 [INFO] 
[3/5] Running forward modeling...
[START] Forward model (B&H 2009)
2025-10-26 02:10:39 [INFO] [START] Forward model (B&H 2009)

[ROI] Processing V1 ...
2025-10-26 02:10:39 [INFO] 
[ROI] Processing V1 ...
2025-10-26 02:10:39 [INFO] [FM] ROI V1 fold 1/6
2025-10-26 02:10:39 [INFO] [FM] ROI V1 computing weights via pinv ...
2025-10-26 02:11:03 [INFO] [FM] ROI V1 weights computed in 24.0s
2025-10-26 02:11:03 [INFO] [FM] ROI V1 fold 2/6
2025-10-26 02:11:03 [INFO] [FM] ROI V1 computing weights via pinv ...
2025-10-26 02:11:26 [INFO] [FM] ROI V1 weights computed in 23.0s
2025-10-26 02:11:26 [INFO] [FM] ROI V1 fold 3/6
2025-10-26 02:11:26 [INFO] [FM] ROI V1 computing weights via pinv ...
2025-10-26 02:11:53 [INFO] [FM] ROI V1 weights computed in 26.6s
2025-10-26 02:11:53 [INFO] [FM] ROI V1 fold 4/6
2025-10-26 02:11:53 [INFO] [FM] ROI V1 computing weights via pinv ...
2025-10-26 02:12:22 [INFO] [FM] ROI V1 weights computed in 29.1s
2025-10-26 02:12:22 [INFO] [FM] ROI V1 fold 5/6
2025-10-26 02:12:22 [INFO] [FM] ROI V1 computing weights via pinv ...
2025-10-26 02:12:49 [INFO] [FM] ROI V1 weights computed in 27.4s
2025-10-26 02:12:49 [INFO] [FM] ROI V1 fold 6/6
2025-10-26 02:12:49 [INFO] [FM] ROI V1 computing weights via pinv ...
2025-10-26 02:13:20 [INFO] [FM] ROI V1 weights computed in 31.3s
[OK] V1 mean accuracy: 0.125
2025-10-26 02:13:20 [INFO] [OK] V1 mean accuracy: 0.125

[ROI] Processing V2 ...
2025-10-26 02:13:20 [INFO] 
[ROI] Processing V2 ...
2025-10-26 02:13:20 [INFO] [FM] ROI V2 fold 1/6
2025-10-26 02:13:20 [INFO] [FM] ROI V2 computing weights via pinv ...
2025-10-26 02:13:24 [INFO] [FM] ROI V2 weights computed in 4.0s
2025-10-26 02:13:24 [INFO] [FM] ROI V2 fold 2/6
2025-10-26 02:13:24 [INFO] [FM] ROI V2 computing weights via pinv ...
2025-10-26 02:13:29 [INFO] [FM] ROI V2 weights computed in 4.4s
2025-10-26 02:13:29 [INFO] [FM] ROI V2 fold 3/6
2025-10-26 02:13:29 [INFO] [FM] ROI V2 computing weights via pinv ...
2025-10-26 02:13:33 [INFO] [FM] ROI V2 weights computed in 4.2s
2025-10-26 02:13:33 [INFO] [FM] ROI V2 fold 4/6
2025-10-26 02:13:33 [INFO] [FM] ROI V2 computing weights via pinv ...
2025-10-26 02:13:41 [INFO] [FM] ROI V2 weights computed in 8.4s
2025-10-26 02:13:41 [INFO] [FM] ROI V2 fold 5/6
2025-10-26 02:13:41 [INFO] [FM] ROI V2 computing weights via pinv ...
2025-10-26 02:13:45 [INFO] [FM] ROI V2 weights computed in 4.1s
2025-10-26 02:13:45 [INFO] [FM] ROI V2 fold 6/6
2025-10-26 02:13:45 [INFO] [FM] ROI V2 computing weights via pinv ...
2025-10-26 02:13:49 [INFO] [FM] ROI V2 weights computed in 3.9s
[OK] V2 mean accuracy: 0.125
2025-10-26 02:13:49 [INFO] [OK] V2 mean accuracy: 0.125

[ROI] Processing V3 ...
2025-10-26 02:13:49 [INFO] 
[ROI] Processing V3 ...
2025-10-26 02:13:49 [INFO] [FM] ROI V3 fold 1/6
2025-10-26 02:13:49 [INFO] [FM] ROI V3 computing weights via pinv ...
2025-10-26 02:13:49 [INFO] [FM] ROI V3 weights computed in 0.1s
2025-10-26 02:13:49 [INFO] [FM] ROI V3 fold 2/6
2025-10-26 02:13:49 [INFO] [FM] ROI V3 computing weights via pinv ...
2025-10-26 02:13:49 [INFO] [FM] ROI V3 weights computed in 0.1s
2025-10-26 02:13:49 [INFO] [FM] ROI V3 fold 3/6
2025-10-26 02:13:49 [INFO] [FM] ROI V3 computing weights via pinv ...
2025-10-26 02:13:50 [INFO] [FM] ROI V3 weights computed in 0.1s
2025-10-26 02:13:50 [INFO] [FM] ROI V3 fold 4/6
2025-10-26 02:13:50 [INFO] [FM] ROI V3 computing weights via pinv ...
2025-10-26 02:13:50 [INFO] [FM] ROI V3 weights computed in 0.1s
2025-10-26 02:13:50 [INFO] [FM] ROI V3 fold 5/6
2025-10-26 02:13:50 [INFO] [FM] ROI V3 computing weights via pinv ...
2025-10-26 02:13:50 [INFO] [FM] ROI V3 weights computed in 0.1s
2025-10-26 02:13:50 [INFO] [FM] ROI V3 fold 6/6
2025-10-26 02:13:50 [INFO] [FM] ROI V3 computing weights via pinv ...
2025-10-26 02:13:50 [INFO] [FM] ROI V3 weights computed in 0.1s
[OK] V3 mean accuracy: 0.125
2025-10-26 02:13:50 [INFO] [OK] V3 mean accuracy: 0.125

[ROI] Processing hV4 ...
2025-10-26 02:13:50 [INFO] 
[ROI] Processing hV4 ...
2025-10-26 02:13:50 [INFO] [FM] ROI hV4 fold 1/6
2025-10-26 02:13:50 [INFO] [FM] ROI hV4 computing weights via pinv ...
2025-10-26 02:13:50 [INFO] [FM] ROI hV4 weights computed in 0.1s
2025-10-26 02:13:50 [INFO] [FM] ROI hV4 fold 2/6
2025-10-26 02:13:50 [INFO] [FM] ROI hV4 computing weights via pinv ...
2025-10-26 02:13:50 [INFO] [FM] ROI hV4 weights computed in 0.1s
2025-10-26 02:13:50 [INFO] [FM] ROI hV4 fold 3/6
2025-10-26 02:13:50 [INFO] [FM] ROI hV4 computing weights via pinv ...
2025-10-26 02:13:50 [INFO] [FM] ROI hV4 weights computed in 0.1s
2025-10-26 02:13:50 [INFO] [FM] ROI hV4 fold 4/6
2025-10-26 02:13:50 [INFO] [FM] ROI hV4 computing weights via pinv ...
2025-10-26 02:13:50 [INFO] [FM] ROI hV4 weights computed in 0.1s
2025-10-26 02:13:50 [INFO] [FM] ROI hV4 fold 5/6
2025-10-26 02:13:50 [INFO] [FM] ROI hV4 computing weights via pinv ...
2025-10-26 02:13:50 [INFO] [FM] ROI hV4 weights computed in 0.1s
2025-10-26 02:13:50 [INFO] [FM] ROI hV4 fold 6/6
2025-10-26 02:13:50 [INFO] [FM] ROI hV4 computing weights via pinv ...
2025-10-26 02:13:50 [INFO] [FM] ROI hV4 weights computed in 0.1s
[OK] hV4 mean accuracy: 0.125
2025-10-26 02:13:50 [INFO] [OK] hV4 mean accuracy: 0.125
[OK] Forward model completed in 191.2s
2025-10-26 02:13:50 [INFO] [OK] Forward model completed in 191.2s
[OK] Forward model done in 191.2s
2025-10-26 02:13:50 [INFO] [OK] Forward model done in 191.2s

[4/5] Skipping permutation tests (set RUN_PERMUTATION=1 to enable)
2025-10-26 02:13:50 [INFO] 
[4/5] Skipping permutation tests (set RUN_PERMUTATION=1 to enable)

[5/5] Generating visualizations...
2025-10-26 02:13:50 [INFO] 
[5/5] Generating visualizations...

================================================================================
2025-10-26 02:13:52 [INFO] 
================================================================================
PART 2: Voxel-Level Analysis
2025-10-26 02:13:52 [INFO] PART 2: Voxel-Level Analysis
================================================================================
2025-10-26 02:13:52 [INFO] ================================================================================

[1/3] Analyzing voxel preferences...

Processing V1...
  Voxels: 5539
  Mean selectivity: 0.000
  Mean reliability: nan

Processing V2...
  Voxels: 3180
  Mean selectivity: 0.000
  Mean reliability: nan

Processing V3...
  Voxels: 532
  Mean selectivity: 0.000
  Mean reliability: nan

Processing hV4...
  Voxels: 500
  Mean selectivity: 0.000
  Mean reliability: nan
[OK] Voxel-level analysis done in 1.1s
2025-10-26 02:13:53 [INFO] [OK] Voxel-level analysis done in 1.1s

================================================================================
2025-10-26 02:13:53 [INFO] 
================================================================================
PART 3: Performance Summary
2025-10-26 02:13:53 [INFO] PART 3: Performance Summary
================================================================================
2025-10-26 02:13:53 [INFO] ================================================================================
/scratch/connectome/haba6030/colorBlind/bh_anal.py:486: FutureWarning: 'force_resample' will be set to 'True' by default in Nilearn 0.13.0.
Use 'force_resample=True' to suppress this warning.
  resampled_mask = image.resample_img(
/scratch/connectome/haba6030/colorBlind/bh_anal.py:486: FutureWarning: From release 0.13.0 onwards, this function will, by default, copy the header of the input image to the output. Currently, the header is reset to the default Nifti1Header. To suppress this warning and use the new behavior, set `copy_header=True`.
  resampled_mask = image.resample_img(
/scratch/connectome/haba6030/colorBlind/bh_stats.py:110: RuntimeWarning: invalid value encountered in scalar divide
  selectivity_idx = ((mean_responses.max() - mean_responses.min()) /
/home/connectome/haba6030/.conda/envs/nilearn/lib/python3.10/site-packages/numpy/lib/_function_base_impl.py:3045: RuntimeWarning: invalid value encountered in divide
  c /= stddev[:, None]
Traceback (most recent call last):
  File "/scratch/connectome/haba6030/colorBlind/run_comprehensive_analysis.py", line 624, in <module>
    summary = main()
  File "/scratch/connectome/haba6030/colorBlind/run_comprehensive_analysis.py", line 164, in main
    summary = compile_results(roi_data, model_results, selectivity, 
  File "/scratch/connectome/haba6030/colorBlind/run_comprehensive_analysis.py", line 294, in compile_results
    'p_value': p_values[roi],
KeyError: 'V1'
ERROR conda.cli.main_run:execute(39): Subprocess for 'conda run ['python', 'run_comprehensive_analysis.py']' command failed.  Stderr was:
/scratch/connectome/haba6030/colorBlind/bh_anal.py:486: FutureWarning: 'force_resample' will be set to 'True' by default in Nilearn 0.13.0.
Use 'force_resample=True' to suppress this warning.
  resampled_mask = image.resample_img(
/scratch/connectome/haba6030/colorBlind/bh_anal.py:486: FutureWarning: From release 0.13.0 onwards, this function will, by default, copy the header of the input image to the output. Currently, the header is reset to the default Nifti1Header. To suppress this warning and use the new behavior, set `copy_header=True`.
  resampled_mask = image.resample_img(
/scratch/connectome/haba6030/colorBlind/bh_stats.py:110: RuntimeWarning: invalid value encountered in scalar divide
  selectivity_idx = ((mean_responses.max() - mean_responses.min()) /
/home/connectome/haba6030/.conda/envs/nilearn/lib/python3.10/site-packages/numpy/lib/_function_base_impl.py:3045: RuntimeWarning: invalid value encountered in divide
  c /= stddev[:, None]
Traceback (most recent call last):
  File "/scratch/connectome/haba6030/colorBlind/run_comprehensive_analysis.py", line 624, in <module>
    summary = main()
  File "/scratch/connectome/haba6030/colorBlind/run_comprehensive_analysis.py", line 164, in main
    summary = compile_results(roi_data, model_results, selectivity, 
  File "/scratch/connectome/haba6030/colorBlind/run_comprehensive_analysis.py", line 294, in compile_results
    'p_value': p_values[roi],
KeyError: 'V1'

2025-10-26 02:14:20 [INFO] [INIT] Starting comprehensive analysis script
2025-10-26 02:14:21 [INFO] ================================================================================
2025-10-26 02:14:21 [INFO] ColorBlind Analysis - Comprehensive Results
2025-10-26 02:14:21 [INFO] ================================================================================
2025-10-26 02:14:21 [INFO] 
================================================================================
2025-10-26 02:14:21 [INFO] PART 1: ROI-Level Analysis
2025-10-26 02:14:21 [INFO] ================================================================================
2025-10-26 02:14:21 [INFO] 
[1/5] Extracting ROI responses...
2025-10-26 02:14:21 [INFO] [START] Extracting ROI responses from beta image
2025-10-26 02:14:21 [INFO] [OK] Extracted V1 responses: (8, 5539)
2025-10-26 02:14:21 [INFO] [OK] Extracted V2 responses: (8, 3180)
2025-10-26 02:14:21 [INFO] [OK] Extracted V3 responses: (8, 532)
2025-10-26 02:14:22 [INFO] [OK] Extracted hV4 responses: (8, 500)
2025-10-26 02:14:22 [INFO] [OK] ROI data extracted in 1.0s
2025-10-26 02:14:22 [INFO] [OK] ROI extraction done in 1.0s
2025-10-26 02:14:22 [INFO] 
[2/5] Analyzing color selectivity...
2025-10-26 02:14:22 [INFO] [OK] Color selectivity done in 0.5s
2025-10-26 02:14:22 [INFO] 
[3/5] Running forward modeling...
2025-10-26 02:14:22 [INFO] [START] Forward model (B&H 2009)
2025-10-26 02:14:22 [INFO] 
[ROI] Processing V1 ...
2025-10-26 02:14:22 [INFO] [FM] ROI V1 fold 1/6
2025-10-26 02:14:22 [INFO] [FM] ROI V1 computing weights via pinv ...
2025-10-26 02:14:47 [INFO] [FM] ROI V1 weights computed in 24.8s
2025-10-26 02:14:47 [INFO] [FM] ROI V1 fold 2/6
2025-10-26 02:14:47 [INFO] [FM] ROI V1 computing weights via pinv ...
2025-10-26 02:15:16 [INFO] [FM] ROI V1 weights computed in 29.0s
2025-10-26 02:15:16 [INFO] [FM] ROI V1 fold 3/6
2025-10-26 02:15:16 [INFO] [FM] ROI V1 computing weights via pinv ...
2025-10-26 02:15:45 [INFO] [FM] ROI V1 weights computed in 29.3s
2025-10-26 02:15:45 [INFO] [FM] ROI V1 fold 4/6
2025-10-26 02:15:45 [INFO] [FM] ROI V1 computing weights via pinv ...
2025-10-26 02:16:19 [INFO] [FM] ROI V1 weights computed in 33.9s
2025-10-26 02:16:19 [INFO] [FM] ROI V1 fold 5/6
2025-10-26 02:16:19 [INFO] [FM] ROI V1 computing weights via pinv ...
2025-10-26 02:16:55 [INFO] [FM] ROI V1 weights computed in 35.9s
2025-10-26 02:16:55 [INFO] [FM] ROI V1 fold 6/6
2025-10-26 02:16:55 [INFO] [FM] ROI V1 computing weights via pinv ...
2025-10-26 02:17:24 [INFO] [FM] ROI V1 weights computed in 28.6s
2025-10-26 02:17:24 [INFO] [OK] V1 mean accuracy: 0.125
2025-10-26 02:17:24 [INFO] 
[ROI] Processing V2 ...
2025-10-26 02:17:24 [INFO] [FM] ROI V2 fold 1/6
2025-10-26 02:17:24 [INFO] [FM] ROI V2 computing weights via pinv ...
2025-10-26 02:17:28 [INFO] [FM] ROI V2 weights computed in 3.8s
2025-10-26 02:17:28 [INFO] [FM] ROI V2 fold 2/6
2025-10-26 02:17:28 [INFO] [FM] ROI V2 computing weights via pinv ...
2025-10-26 02:17:31 [INFO] [FM] ROI V2 weights computed in 3.9s
2025-10-26 02:17:31 [INFO] [FM] ROI V2 fold 3/6
2025-10-26 02:17:31 [INFO] [FM] ROI V2 computing weights via pinv ...
2025-10-26 02:17:36 [INFO] [FM] ROI V2 weights computed in 4.1s
2025-10-26 02:17:36 [INFO] [FM] ROI V2 fold 4/6
2025-10-26 02:17:36 [INFO] [FM] ROI V2 computing weights via pinv ...
2025-10-26 02:17:40 [INFO] [FM] ROI V2 weights computed in 4.1s
2025-10-26 02:17:40 [INFO] [FM] ROI V2 fold 5/6
2025-10-26 02:17:40 [INFO] [FM] ROI V2 computing weights via pinv ...
2025-10-26 02:17:43 [INFO] [FM] ROI V2 weights computed in 3.8s
2025-10-26 02:17:43 [INFO] [FM] ROI V2 fold 6/6
2025-10-26 02:17:43 [INFO] [FM] ROI V2 computing weights via pinv ...
2025-10-26 02:17:47 [INFO] [FM] ROI V2 weights computed in 3.7s
2025-10-26 02:17:47 [INFO] [OK] V2 mean accuracy: 0.125
2025-10-26 02:17:47 [INFO] 
[ROI] Processing V3 ...
2025-10-26 02:17:47 [INFO] [FM] ROI V3 fold 1/6
2025-10-26 02:17:47 [INFO] [FM] ROI V3 computing weights via pinv ...
2025-10-26 02:17:47 [INFO] [FM] ROI V3 weights computed in 0.1s
2025-10-26 02:17:47 [INFO] [FM] ROI V3 fold 2/6
2025-10-26 02:17:47 [INFO] [FM] ROI V3 computing weights via pinv ...
2025-10-26 02:17:47 [INFO] [FM] ROI V3 weights computed in 0.1s
2025-10-26 02:17:47 [INFO] [FM] ROI V3 fold 3/6
2025-10-26 02:17:47 [INFO] [FM] ROI V3 computing weights via pinv ...
2025-10-26 02:17:47 [INFO] [FM] ROI V3 weights computed in 0.1s
2025-10-26 02:17:47 [INFO] [FM] ROI V3 fold 4/6
2025-10-26 02:17:47 [INFO] [FM] ROI V3 computing weights via pinv ...
2025-10-26 02:17:47 [INFO] [FM] ROI V3 weights computed in 0.1s
2025-10-26 02:17:47 [INFO] [FM] ROI V3 fold 5/6
2025-10-26 02:17:47 [INFO] [FM] ROI V3 computing weights via pinv ...
2025-10-26 02:17:48 [INFO] [FM] ROI V3 weights computed in 0.1s
2025-10-26 02:17:48 [INFO] [FM] ROI V3 fold 6/6
2025-10-26 02:17:48 [INFO] [FM] ROI V3 computing weights via pinv ...
2025-10-26 02:17:48 [INFO] [FM] ROI V3 weights computed in 0.1s
2025-10-26 02:17:48 [INFO] [OK] V3 mean accuracy: 0.125
2025-10-26 02:17:48 [INFO] 
[ROI] Processing hV4 ...
2025-10-26 02:17:48 [INFO] [FM] ROI hV4 fold 1/6
2025-10-26 02:17:48 [INFO] [FM] ROI hV4 computing weights via pinv ...
2025-10-26 02:17:48 [INFO] [FM] ROI hV4 weights computed in 0.1s
2025-10-26 02:17:48 [INFO] [FM] ROI hV4 fold 2/6
2025-10-26 02:17:48 [INFO] [FM] ROI hV4 computing weights via pinv ...
2025-10-26 02:17:48 [INFO] [FM] ROI hV4 weights computed in 0.1s
2025-10-26 02:17:48 [INFO] [FM] ROI hV4 fold 3/6
2025-10-26 02:17:48 [INFO] [FM] ROI hV4 computing weights via pinv ...
2025-10-26 02:17:48 [INFO] [FM] ROI hV4 weights computed in 0.1s
2025-10-26 02:17:48 [INFO] [FM] ROI hV4 fold 4/6
2025-10-26 02:17:48 [INFO] [FM] ROI hV4 computing weights via pinv ...
2025-10-26 02:17:48 [INFO] [FM] ROI hV4 weights computed in 0.1s
2025-10-26 02:17:48 [INFO] [FM] ROI hV4 fold 5/6
2025-10-26 02:17:48 [INFO] [FM] ROI hV4 computing weights via pinv ...
2025-10-26 02:17:48 [INFO] [FM] ROI hV4 weights computed in 0.1s
2025-10-26 02:17:48 [INFO] [FM] ROI hV4 fold 6/6
2025-10-26 02:17:48 [INFO] [FM] ROI hV4 computing weights via pinv ...
2025-10-26 02:17:48 [INFO] [FM] ROI hV4 weights computed in 0.1s
2025-10-26 02:17:48 [INFO] [OK] hV4 mean accuracy: 0.125
2025-10-26 02:17:48 [INFO] [OK] Forward model completed in 205.8s
2025-10-26 02:17:48 [INFO] [OK] Forward model done in 205.8s
2025-10-26 02:17:48 [INFO] 
[4/5] Skipping permutation tests (set RUN_PERMUTATION=1 to enable)
2025-10-26 02:17:48 [INFO] 
[5/5] Generating visualizations...
2025-10-26 02:17:50 [INFO] 
================================================================================
2025-10-26 02:17:50 [INFO] PART 2: Voxel-Level Analysis
2025-10-26 02:17:50 [INFO] ================================================================================
2025-10-26 02:17:51 [INFO] [OK] Voxel-level analysis done in 1.1s
2025-10-26 02:17:51 [INFO] 
================================================================================
2025-10-26 02:17:51 [INFO] PART 3: Performance Summary
2025-10-26 02:17:51 [INFO] ================================================================================
2025-10-26 02:17:51 [INFO] 
[Final] Generating reports...
[INIT] Starting comprehensive analysis script
2025-10-26 02:14:20 [INFO] [INIT] Starting comprehensive analysis script
================================================================================
2025-10-26 02:14:21 [INFO] ================================================================================
ColorBlind Analysis - Comprehensive Results
2025-10-26 02:14:21 [INFO] ColorBlind Analysis - Comprehensive Results
================================================================================
2025-10-26 02:14:21 [INFO] ================================================================================

================================================================================
2025-10-26 02:14:21 [INFO] 
================================================================================
PART 1: ROI-Level Analysis
2025-10-26 02:14:21 [INFO] PART 1: ROI-Level Analysis
================================================================================
2025-10-26 02:14:21 [INFO] ================================================================================

[1/5] Extracting ROI responses...
2025-10-26 02:14:21 [INFO] 
[1/5] Extracting ROI responses...
[START] Extracting ROI responses from beta image
2025-10-26 02:14:21 [INFO] [START] Extracting ROI responses from beta image
[OK] Extracted V1 responses: (8, 5539)
2025-10-26 02:14:21 [INFO] [OK] Extracted V1 responses: (8, 5539)
[OK] Extracted V2 responses: (8, 3180)
2025-10-26 02:14:21 [INFO] [OK] Extracted V2 responses: (8, 3180)
[OK] Extracted V3 responses: (8, 532)
2025-10-26 02:14:21 [INFO] [OK] Extracted V3 responses: (8, 532)
[OK] Extracted hV4 responses: (8, 500)
2025-10-26 02:14:22 [INFO] [OK] Extracted hV4 responses: (8, 500)
[OK] ROI data extracted in 1.0s
2025-10-26 02:14:22 [INFO] [OK] ROI data extracted in 1.0s
[OK] ROI extraction done in 1.0s
2025-10-26 02:14:22 [INFO] [OK] ROI extraction done in 1.0s

[2/5] Analyzing color selectivity...
2025-10-26 02:14:22 [INFO] 
[2/5] Analyzing color selectivity...

Analyzing V1...
Selectivity index: nan
Tuning width: 0.000
Response reliability: nan

Analyzing V2...
Selectivity index: nan
Tuning width: 0.000
Response reliability: nan

Analyzing V3...
Selectivity index: nan
Tuning width: 0.000
Response reliability: nan

Analyzing hV4...
Selectivity index: nan
Tuning width: 0.000
Response reliability: nan
[OK] Color selectivity done in 0.5s
2025-10-26 02:14:22 [INFO] [OK] Color selectivity done in 0.5s

[3/5] Running forward modeling...
2025-10-26 02:14:22 [INFO] 
[3/5] Running forward modeling...
[START] Forward model (B&H 2009)
2025-10-26 02:14:22 [INFO] [START] Forward model (B&H 2009)

[ROI] Processing V1 ...
2025-10-26 02:14:22 [INFO] 
[ROI] Processing V1 ...
2025-10-26 02:14:22 [INFO] [FM] ROI V1 fold 1/6
2025-10-26 02:14:22 [INFO] [FM] ROI V1 computing weights via pinv ...
2025-10-26 02:14:47 [INFO] [FM] ROI V1 weights computed in 24.8s
2025-10-26 02:14:47 [INFO] [FM] ROI V1 fold 2/6
2025-10-26 02:14:47 [INFO] [FM] ROI V1 computing weights via pinv ...
2025-10-26 02:15:16 [INFO] [FM] ROI V1 weights computed in 29.0s
2025-10-26 02:15:16 [INFO] [FM] ROI V1 fold 3/6
2025-10-26 02:15:16 [INFO] [FM] ROI V1 computing weights via pinv ...
2025-10-26 02:15:45 [INFO] [FM] ROI V1 weights computed in 29.3s
2025-10-26 02:15:45 [INFO] [FM] ROI V1 fold 4/6
2025-10-26 02:15:45 [INFO] [FM] ROI V1 computing weights via pinv ...
2025-10-26 02:16:19 [INFO] [FM] ROI V1 weights computed in 33.9s
2025-10-26 02:16:19 [INFO] [FM] ROI V1 fold 5/6
2025-10-26 02:16:19 [INFO] [FM] ROI V1 computing weights via pinv ...
2025-10-26 02:16:55 [INFO] [FM] ROI V1 weights computed in 35.9s
2025-10-26 02:16:55 [INFO] [FM] ROI V1 fold 6/6
2025-10-26 02:16:55 [INFO] [FM] ROI V1 computing weights via pinv ...
2025-10-26 02:17:24 [INFO] [FM] ROI V1 weights computed in 28.6s
[OK] V1 mean accuracy: 0.125
2025-10-26 02:17:24 [INFO] [OK] V1 mean accuracy: 0.125

[ROI] Processing V2 ...
2025-10-26 02:17:24 [INFO] 
[ROI] Processing V2 ...
2025-10-26 02:17:24 [INFO] [FM] ROI V2 fold 1/6
2025-10-26 02:17:24 [INFO] [FM] ROI V2 computing weights via pinv ...
2025-10-26 02:17:28 [INFO] [FM] ROI V2 weights computed in 3.8s
2025-10-26 02:17:28 [INFO] [FM] ROI V2 fold 2/6
2025-10-26 02:17:28 [INFO] [FM] ROI V2 computing weights via pinv ...
2025-10-26 02:17:31 [INFO] [FM] ROI V2 weights computed in 3.9s
2025-10-26 02:17:31 [INFO] [FM] ROI V2 fold 3/6
2025-10-26 02:17:31 [INFO] [FM] ROI V2 computing weights via pinv ...
2025-10-26 02:17:36 [INFO] [FM] ROI V2 weights computed in 4.1s
2025-10-26 02:17:36 [INFO] [FM] ROI V2 fold 4/6
2025-10-26 02:17:36 [INFO] [FM] ROI V2 computing weights via pinv ...
2025-10-26 02:17:40 [INFO] [FM] ROI V2 weights computed in 4.1s
2025-10-26 02:17:40 [INFO] [FM] ROI V2 fold 5/6
2025-10-26 02:17:40 [INFO] [FM] ROI V2 computing weights via pinv ...
2025-10-26 02:17:43 [INFO] [FM] ROI V2 weights computed in 3.8s
2025-10-26 02:17:43 [INFO] [FM] ROI V2 fold 6/6
2025-10-26 02:17:43 [INFO] [FM] ROI V2 computing weights via pinv ...
2025-10-26 02:17:47 [INFO] [FM] ROI V2 weights computed in 3.7s
[OK] V2 mean accuracy: 0.125
2025-10-26 02:17:47 [INFO] [OK] V2 mean accuracy: 0.125

[ROI] Processing V3 ...
2025-10-26 02:17:47 [INFO] 
[ROI] Processing V3 ...
2025-10-26 02:17:47 [INFO] [FM] ROI V3 fold 1/6
2025-10-26 02:17:47 [INFO] [FM] ROI V3 computing weights via pinv ...
2025-10-26 02:17:47 [INFO] [FM] ROI V3 weights computed in 0.1s
2025-10-26 02:17:47 [INFO] [FM] ROI V3 fold 2/6
2025-10-26 02:17:47 [INFO] [FM] ROI V3 computing weights via pinv ...
2025-10-26 02:17:47 [INFO] [FM] ROI V3 weights computed in 0.1s
2025-10-26 02:17:47 [INFO] [FM] ROI V3 fold 3/6
2025-10-26 02:17:47 [INFO] [FM] ROI V3 computing weights via pinv ...
2025-10-26 02:17:47 [INFO] [FM] ROI V3 weights computed in 0.1s
2025-10-26 02:17:47 [INFO] [FM] ROI V3 fold 4/6
2025-10-26 02:17:47 [INFO] [FM] ROI V3 computing weights via pinv ...
2025-10-26 02:17:47 [INFO] [FM] ROI V3 weights computed in 0.1s
2025-10-26 02:17:47 [INFO] [FM] ROI V3 fold 5/6
2025-10-26 02:17:47 [INFO] [FM] ROI V3 computing weights via pinv ...
2025-10-26 02:17:48 [INFO] [FM] ROI V3 weights computed in 0.1s
2025-10-26 02:17:48 [INFO] [FM] ROI V3 fold 6/6
2025-10-26 02:17:48 [INFO] [FM] ROI V3 computing weights via pinv ...
2025-10-26 02:17:48 [INFO] [FM] ROI V3 weights computed in 0.1s
[OK] V3 mean accuracy: 0.125
2025-10-26 02:17:48 [INFO] [OK] V3 mean accuracy: 0.125

[ROI] Processing hV4 ...
2025-10-26 02:17:48 [INFO] 
[ROI] Processing hV4 ...
2025-10-26 02:17:48 [INFO] [FM] ROI hV4 fold 1/6
2025-10-26 02:17:48 [INFO] [FM] ROI hV4 computing weights via pinv ...
2025-10-26 02:17:48 [INFO] [FM] ROI hV4 weights computed in 0.1s
2025-10-26 02:17:48 [INFO] [FM] ROI hV4 fold 2/6
2025-10-26 02:17:48 [INFO] [FM] ROI hV4 computing weights via pinv ...
2025-10-26 02:17:48 [INFO] [FM] ROI hV4 weights computed in 0.1s
2025-10-26 02:17:48 [INFO] [FM] ROI hV4 fold 3/6
2025-10-26 02:17:48 [INFO] [FM] ROI hV4 computing weights via pinv ...
2025-10-26 02:17:48 [INFO] [FM] ROI hV4 weights computed in 0.1s
2025-10-26 02:17:48 [INFO] [FM] ROI hV4 fold 4/6
2025-10-26 02:17:48 [INFO] [FM] ROI hV4 computing weights via pinv ...
2025-10-26 02:17:48 [INFO] [FM] ROI hV4 weights computed in 0.1s
2025-10-26 02:17:48 [INFO] [FM] ROI hV4 fold 5/6
2025-10-26 02:17:48 [INFO] [FM] ROI hV4 computing weights via pinv ...
2025-10-26 02:17:48 [INFO] [FM] ROI hV4 weights computed in 0.1s
2025-10-26 02:17:48 [INFO] [FM] ROI hV4 fold 6/6
2025-10-26 02:17:48 [INFO] [FM] ROI hV4 computing weights via pinv ...
2025-10-26 02:17:48 [INFO] [FM] ROI hV4 weights computed in 0.1s
[OK] hV4 mean accuracy: 0.125
2025-10-26 02:17:48 [INFO] [OK] hV4 mean accuracy: 0.125
[OK] Forward model completed in 205.8s
2025-10-26 02:17:48 [INFO] [OK] Forward model completed in 205.8s
[OK] Forward model done in 205.8s
2025-10-26 02:17:48 [INFO] [OK] Forward model done in 205.8s

[4/5] Skipping permutation tests (set RUN_PERMUTATION=1 to enable)
2025-10-26 02:17:48 [INFO] 
[4/5] Skipping permutation tests (set RUN_PERMUTATION=1 to enable)

[5/5] Generating visualizations...
2025-10-26 02:17:48 [INFO] 
[5/5] Generating visualizations...

================================================================================
2025-10-26 02:17:50 [INFO] 
================================================================================
PART 2: Voxel-Level Analysis
2025-10-26 02:17:50 [INFO] PART 2: Voxel-Level Analysis
================================================================================
2025-10-26 02:17:50 [INFO] ================================================================================

[1/3] Analyzing voxel preferences...

Processing V1...
  Voxels: 5539
  Mean selectivity: 0.000
  Mean reliability: nan

Processing V2...
  Voxels: 3180
  Mean selectivity: 0.000
  Mean reliability: nan

Processing V3...
  Voxels: 532
  Mean selectivity: 0.000
  Mean reliability: nan

Processing hV4...
  Voxels: 500
  Mean selectivity: 0.000
  Mean reliability: nan
[OK] Voxel-level analysis done in 1.1s
2025-10-26 02:17:51 [INFO] [OK] Voxel-level analysis done in 1.1s

================================================================================
2025-10-26 02:17:51 [INFO] 
================================================================================
PART 3: Performance Summary
2025-10-26 02:17:51 [INFO] PART 3: Performance Summary
================================================================================
2025-10-26 02:17:51 [INFO] ================================================================================

[Final] Generating reports...
2025-10-26 02:17:51 [INFO] 
[Final] Generating reports...
/scratch/connectome/haba6030/colorBlind/bh_anal.py:486: FutureWarning: 'force_resample' will be set to 'True' by default in Nilearn 0.13.0.
Use 'force_resample=True' to suppress this warning.
  resampled_mask = image.resample_img(
/scratch/connectome/haba6030/colorBlind/bh_anal.py:486: FutureWarning: From release 0.13.0 onwards, this function will, by default, copy the header of the input image to the output. Currently, the header is reset to the default Nifti1Header. To suppress this warning and use the new behavior, set `copy_header=True`.
  resampled_mask = image.resample_img(
/scratch/connectome/haba6030/colorBlind/bh_stats.py:110: RuntimeWarning: invalid value encountered in scalar divide
  selectivity_idx = ((mean_responses.max() - mean_responses.min()) /
/home/connectome/haba6030/.conda/envs/nilearn/lib/python3.10/site-packages/numpy/lib/_function_base_impl.py:3045: RuntimeWarning: invalid value encountered in divide
  c /= stddev[:, None]
Traceback (most recent call last):
  File "/scratch/connectome/haba6030/colorBlind/run_comprehensive_analysis.py", line 625, in <module>
    summary = main()
  File "/scratch/connectome/haba6030/colorBlind/run_comprehensive_analysis.py", line 181, in main
    generate_markdown_report(summary, results_dir)
  File "/scratch/connectome/haba6030/colorBlind/run_comprehensive_analysis.py", line 325, in generate_markdown_report
    eng_report = generate_english_report(summary)
  File "/scratch/connectome/haba6030/colorBlind/run_comprehensive_analysis.py", line 363, in generate_english_report
    report += f"""
TypeError: unsupported format string passed to NoneType.__format__
ERROR conda.cli.main_run:execute(39): Subprocess for 'conda run ['python', 'run_comprehensive_analysis.py']' command failed.  Stderr was:
/scratch/connectome/haba6030/colorBlind/bh_anal.py:486: FutureWarning: 'force_resample' will be set to 'True' by default in Nilearn 0.13.0.
Use 'force_resample=True' to suppress this warning.
  resampled_mask = image.resample_img(
/scratch/connectome/haba6030/colorBlind/bh_anal.py:486: FutureWarning: From release 0.13.0 onwards, this function will, by default, copy the header of the input image to the output. Currently, the header is reset to the default Nifti1Header. To suppress this warning and use the new behavior, set `copy_header=True`.
  resampled_mask = image.resample_img(
/scratch/connectome/haba6030/colorBlind/bh_stats.py:110: RuntimeWarning: invalid value encountered in scalar divide
  selectivity_idx = ((mean_responses.max() - mean_responses.min()) /
/home/connectome/haba6030/.conda/envs/nilearn/lib/python3.10/site-packages/numpy/lib/_function_base_impl.py:3045: RuntimeWarning: invalid value encountered in divide
  c /= stddev[:, None]
Traceback (most recent call last):
  File "/scratch/connectome/haba6030/colorBlind/run_comprehensive_analysis.py", line 625, in <module>
    summary = main()
  File "/scratch/connectome/haba6030/colorBlind/run_comprehensive_analysis.py", line 181, in main
    generate_markdown_report(summary, results_dir)
  File "/scratch/connectome/haba6030/colorBlind/run_comprehensive_analysis.py", line 325, in generate_markdown_report
    eng_report = generate_english_report(summary)
  File "/scratch/connectome/haba6030/colorBlind/run_comprehensive_analysis.py", line 363, in generate_english_report
    report += f"""
TypeError: unsupported format string passed to NoneType.__format__

2025-10-26 02:18:43 [INFO] [INIT] Starting comprehensive analysis script
2025-10-26 02:18:43 [INFO] ================================================================================
2025-10-26 02:18:43 [INFO] ColorBlind Analysis - Comprehensive Results
2025-10-26 02:18:43 [INFO] ================================================================================
2025-10-26 02:18:43 [INFO] 
================================================================================
2025-10-26 02:18:43 [INFO] PART 1: ROI-Level Analysis
2025-10-26 02:18:43 [INFO] ================================================================================
2025-10-26 02:18:43 [INFO] 
[1/5] Extracting ROI responses...
2025-10-26 02:18:43 [INFO] [START] Extracting ROI responses from beta image
2025-10-26 02:18:43 [INFO] [OK] Extracted V1 responses: (8, 5539)
2025-10-26 02:18:44 [INFO] [OK] Extracted V2 responses: (8, 3180)
2025-10-26 02:18:44 [INFO] [OK] Extracted V3 responses: (8, 532)
2025-10-26 02:18:44 [INFO] [OK] Extracted hV4 responses: (8, 500)
2025-10-26 02:18:44 [INFO] [OK] ROI data extracted in 1.0s
2025-10-26 02:18:44 [INFO] [OK] ROI extraction done in 1.0s
2025-10-26 02:18:44 [INFO] 
[2/5] Analyzing color selectivity...
2025-10-26 02:18:45 [INFO] [OK] Color selectivity done in 0.5s
2025-10-26 02:18:45 [INFO] 
[3/5] Running forward modeling...
2025-10-26 02:18:45 [INFO] [START] Forward model (B&H 2009)
2025-10-26 02:18:45 [INFO] 
[ROI] Processing V1 ...
2025-10-26 02:18:45 [INFO] [FM] ROI V1 fold 1/6
2025-10-26 02:18:45 [INFO] [FM] ROI V1 computing weights via pinv ...
2025-10-26 02:19:06 [INFO] [FM] ROI V1 weights computed in 21.1s
2025-10-26 02:19:06 [INFO] [FM] ROI V1 fold 2/6
2025-10-26 02:19:06 [INFO] [FM] ROI V1 computing weights via pinv ...
2025-10-26 02:19:28 [INFO] [FM] ROI V1 weights computed in 22.7s
2025-10-26 02:19:28 [INFO] [FM] ROI V1 fold 3/6
2025-10-26 02:19:28 [INFO] [FM] ROI V1 computing weights via pinv ...
2025-10-26 02:19:53 [INFO] [FM] ROI V1 weights computed in 24.4s
2025-10-26 02:19:53 [INFO] [FM] ROI V1 fold 4/6
2025-10-26 02:19:53 [INFO] [FM] ROI V1 computing weights via pinv ...
2025-10-26 02:20:25 [INFO] [FM] ROI V1 weights computed in 32.4s
2025-10-26 02:20:25 [INFO] [FM] ROI V1 fold 5/6
2025-10-26 02:20:25 [INFO] [FM] ROI V1 computing weights via pinv ...
2025-10-26 02:20:58 [INFO] [FM] ROI V1 weights computed in 32.4s
2025-10-26 02:20:58 [INFO] [FM] ROI V1 fold 6/6
2025-10-26 02:20:58 [INFO] [FM] ROI V1 computing weights via pinv ...
2025-10-26 02:21:23 [INFO] [FM] ROI V1 weights computed in 25.3s
2025-10-26 02:21:23 [INFO] [OK] V1 mean accuracy: 0.125
2025-10-26 02:21:23 [INFO] 
[ROI] Processing V2 ...
2025-10-26 02:21:23 [INFO] [FM] ROI V2 fold 1/6
2025-10-26 02:21:23 [INFO] [FM] ROI V2 computing weights via pinv ...
2025-10-26 02:21:27 [INFO] [FM] ROI V2 weights computed in 4.1s
2025-10-26 02:21:27 [INFO] [FM] ROI V2 fold 2/6
2025-10-26 02:21:27 [INFO] [FM] ROI V2 computing weights via pinv ...
2025-10-26 02:21:31 [INFO] [FM] ROI V2 weights computed in 4.1s
2025-10-26 02:21:31 [INFO] [FM] ROI V2 fold 3/6
2025-10-26 02:21:31 [INFO] [FM] ROI V2 computing weights via pinv ...
2025-10-26 02:21:35 [INFO] [FM] ROI V2 weights computed in 4.1s
2025-10-26 02:21:35 [INFO] [FM] ROI V2 fold 4/6
2025-10-26 02:21:35 [INFO] [FM] ROI V2 computing weights via pinv ...
2025-10-26 02:21:39 [INFO] [FM] ROI V2 weights computed in 4.0s
2025-10-26 02:21:39 [INFO] [FM] ROI V2 fold 5/6
2025-10-26 02:21:39 [INFO] [FM] ROI V2 computing weights via pinv ...
2025-10-26 02:21:43 [INFO] [FM] ROI V2 weights computed in 4.1s
2025-10-26 02:21:43 [INFO] [FM] ROI V2 fold 6/6
2025-10-26 02:21:43 [INFO] [FM] ROI V2 computing weights via pinv ...
2025-10-26 02:21:47 [INFO] [FM] ROI V2 weights computed in 3.8s
2025-10-26 02:21:47 [INFO] [OK] V2 mean accuracy: 0.125
2025-10-26 02:21:47 [INFO] 
[ROI] Processing V3 ...
2025-10-26 02:21:47 [INFO] [FM] ROI V3 fold 1/6
2025-10-26 02:21:47 [INFO] [FM] ROI V3 computing weights via pinv ...
2025-10-26 02:21:47 [INFO] [FM] ROI V3 weights computed in 0.1s
2025-10-26 02:21:47 [INFO] [FM] ROI V3 fold 2/6
2025-10-26 02:21:47 [INFO] [FM] ROI V3 computing weights via pinv ...
2025-10-26 02:21:47 [INFO] [FM] ROI V3 weights computed in 0.1s
2025-10-26 02:21:47 [INFO] [FM] ROI V3 fold 3/6
2025-10-26 02:21:47 [INFO] [FM] ROI V3 computing weights via pinv ...
2025-10-26 02:21:47 [INFO] [FM] ROI V3 weights computed in 0.1s
2025-10-26 02:21:47 [INFO] [FM] ROI V3 fold 4/6
2025-10-26 02:21:47 [INFO] [FM] ROI V3 computing weights via pinv ...
2025-10-26 02:21:47 [INFO] [FM] ROI V3 weights computed in 0.1s
2025-10-26 02:21:47 [INFO] [FM] ROI V3 fold 5/6
2025-10-26 02:21:47 [INFO] [FM] ROI V3 computing weights via pinv ...
2025-10-26 02:21:48 [INFO] [FM] ROI V3 weights computed in 0.1s
2025-10-26 02:21:48 [INFO] [FM] ROI V3 fold 6/6
2025-10-26 02:21:48 [INFO] [FM] ROI V3 computing weights via pinv ...
2025-10-26 02:21:48 [INFO] [FM] ROI V3 weights computed in 0.1s
2025-10-26 02:21:48 [INFO] [OK] V3 mean accuracy: 0.125
2025-10-26 02:21:48 [INFO] 
[ROI] Processing hV4 ...
2025-10-26 02:21:48 [INFO] [FM] ROI hV4 fold 1/6
2025-10-26 02:21:48 [INFO] [FM] ROI hV4 computing weights via pinv ...
2025-10-26 02:21:48 [INFO] [FM] ROI hV4 weights computed in 0.1s
2025-10-26 02:21:48 [INFO] [FM] ROI hV4 fold 2/6
2025-10-26 02:21:48 [INFO] [FM] ROI hV4 computing weights via pinv ...
2025-10-26 02:21:48 [INFO] [FM] ROI hV4 weights computed in 0.1s
2025-10-26 02:21:48 [INFO] [FM] ROI hV4 fold 3/6
2025-10-26 02:21:48 [INFO] [FM] ROI hV4 computing weights via pinv ...
2025-10-26 02:21:48 [INFO] [FM] ROI hV4 weights computed in 0.1s
2025-10-26 02:21:48 [INFO] [FM] ROI hV4 fold 4/6
2025-10-26 02:21:48 [INFO] [FM] ROI hV4 computing weights via pinv ...
2025-10-26 02:21:48 [INFO] [FM] ROI hV4 weights computed in 0.1s
2025-10-26 02:21:48 [INFO] [FM] ROI hV4 fold 5/6
2025-10-26 02:21:48 [INFO] [FM] ROI hV4 computing weights via pinv ...
2025-10-26 02:21:48 [INFO] [FM] ROI hV4 weights computed in 0.1s
2025-10-26 02:21:48 [INFO] [FM] ROI hV4 fold 6/6
2025-10-26 02:21:48 [INFO] [FM] ROI hV4 computing weights via pinv ...
2025-10-26 02:21:48 [INFO] [FM] ROI hV4 weights computed in 0.1s
2025-10-26 02:21:48 [INFO] [OK] hV4 mean accuracy: 0.125
2025-10-26 02:21:48 [INFO] [OK] Forward model completed in 183.4s
2025-10-26 02:21:48 [INFO] [OK] Forward model done in 183.4s
2025-10-26 02:21:48 [INFO] 
[4/5] Skipping permutation tests (set RUN_PERMUTATION=1 to enable)
2025-10-26 02:21:48 [INFO] 
[5/5] Generating visualizations...
2025-10-26 02:21:50 [INFO] 
================================================================================
2025-10-26 02:21:50 [INFO] PART 2: Voxel-Level Analysis
2025-10-26 02:21:50 [INFO] ================================================================================
2025-10-26 02:21:51 [INFO] [OK] Voxel-level analysis done in 1.0s
2025-10-26 02:21:51 [INFO] 
================================================================================
2025-10-26 02:21:51 [INFO] PART 3: Performance Summary
2025-10-26 02:21:51 [INFO] ================================================================================
2025-10-26 02:21:51 [INFO] 
[Final] Generating reports...
2025-10-26 02:21:51 [INFO] [OK] Reports generated in 0.0s
2025-10-26 02:21:51 [INFO] 
================================================================================
2025-10-26 02:21:51 [INFO] Analysis complete! Results saved to: /scratch/connectome/haba6030/colorBlind/derivatives/sub-01/comprehensive_results
2025-10-26 02:21:51 [INFO] ================================================================================
[INIT] Starting comprehensive analysis script
2025-10-26 02:18:43 [INFO] [INIT] Starting comprehensive analysis script
================================================================================
2025-10-26 02:18:43 [INFO] ================================================================================
ColorBlind Analysis - Comprehensive Results
2025-10-26 02:18:43 [INFO] ColorBlind Analysis - Comprehensive Results
================================================================================
2025-10-26 02:18:43 [INFO] ================================================================================

================================================================================
2025-10-26 02:18:43 [INFO] 
================================================================================
PART 1: ROI-Level Analysis
2025-10-26 02:18:43 [INFO] PART 1: ROI-Level Analysis
================================================================================
2025-10-26 02:18:43 [INFO] ================================================================================

[1/5] Extracting ROI responses...
2025-10-26 02:18:43 [INFO] 
[1/5] Extracting ROI responses...
[START] Extracting ROI responses from beta image
2025-10-26 02:18:43 [INFO] [START] Extracting ROI responses from beta image
[OK] Extracted V1 responses: (8, 5539)
2025-10-26 02:18:43 [INFO] [OK] Extracted V1 responses: (8, 5539)
[OK] Extracted V2 responses: (8, 3180)
2025-10-26 02:18:44 [INFO] [OK] Extracted V2 responses: (8, 3180)
[OK] Extracted V3 responses: (8, 532)
2025-10-26 02:18:44 [INFO] [OK] Extracted V3 responses: (8, 532)
[OK] Extracted hV4 responses: (8, 500)
2025-10-26 02:18:44 [INFO] [OK] Extracted hV4 responses: (8, 500)
[OK] ROI data extracted in 1.0s
2025-10-26 02:18:44 [INFO] [OK] ROI data extracted in 1.0s
[OK] ROI extraction done in 1.0s
2025-10-26 02:18:44 [INFO] [OK] ROI extraction done in 1.0s

[2/5] Analyzing color selectivity...
2025-10-26 02:18:44 [INFO] 
[2/5] Analyzing color selectivity...

Analyzing V1...
Selectivity index: nan
Tuning width: 0.000
Response reliability: nan

Analyzing V2...
Selectivity index: nan
Tuning width: 0.000
Response reliability: nan

Analyzing V3...
Selectivity index: nan
Tuning width: 0.000
Response reliability: nan

Analyzing hV4...
Selectivity index: nan
Tuning width: 0.000
Response reliability: nan
[OK] Color selectivity done in 0.5s
2025-10-26 02:18:45 [INFO] [OK] Color selectivity done in 0.5s

[3/5] Running forward modeling...
2025-10-26 02:18:45 [INFO] 
[3/5] Running forward modeling...
[START] Forward model (B&H 2009)
2025-10-26 02:18:45 [INFO] [START] Forward model (B&H 2009)

[ROI] Processing V1 ...
2025-10-26 02:18:45 [INFO] 
[ROI] Processing V1 ...
2025-10-26 02:18:45 [INFO] [FM] ROI V1 fold 1/6
2025-10-26 02:18:45 [INFO] [FM] ROI V1 computing weights via pinv ...
2025-10-26 02:19:06 [INFO] [FM] ROI V1 weights computed in 21.1s
2025-10-26 02:19:06 [INFO] [FM] ROI V1 fold 2/6
2025-10-26 02:19:06 [INFO] [FM] ROI V1 computing weights via pinv ...
2025-10-26 02:19:28 [INFO] [FM] ROI V1 weights computed in 22.7s
2025-10-26 02:19:28 [INFO] [FM] ROI V1 fold 3/6
2025-10-26 02:19:28 [INFO] [FM] ROI V1 computing weights via pinv ...
2025-10-26 02:19:53 [INFO] [FM] ROI V1 weights computed in 24.4s
2025-10-26 02:19:53 [INFO] [FM] ROI V1 fold 4/6
2025-10-26 02:19:53 [INFO] [FM] ROI V1 computing weights via pinv ...
2025-10-26 02:20:25 [INFO] [FM] ROI V1 weights computed in 32.4s
2025-10-26 02:20:25 [INFO] [FM] ROI V1 fold 5/6
2025-10-26 02:20:25 [INFO] [FM] ROI V1 computing weights via pinv ...
2025-10-26 02:20:58 [INFO] [FM] ROI V1 weights computed in 32.4s
2025-10-26 02:20:58 [INFO] [FM] ROI V1 fold 6/6
2025-10-26 02:20:58 [INFO] [FM] ROI V1 computing weights via pinv ...
2025-10-26 02:21:23 [INFO] [FM] ROI V1 weights computed in 25.3s
[OK] V1 mean accuracy: 0.125
2025-10-26 02:21:23 [INFO] [OK] V1 mean accuracy: 0.125

[ROI] Processing V2 ...
2025-10-26 02:21:23 [INFO] 
[ROI] Processing V2 ...
2025-10-26 02:21:23 [INFO] [FM] ROI V2 fold 1/6
2025-10-26 02:21:23 [INFO] [FM] ROI V2 computing weights via pinv ...
2025-10-26 02:21:27 [INFO] [FM] ROI V2 weights computed in 4.1s
2025-10-26 02:21:27 [INFO] [FM] ROI V2 fold 2/6
2025-10-26 02:21:27 [INFO] [FM] ROI V2 computing weights via pinv ...
2025-10-26 02:21:31 [INFO] [FM] ROI V2 weights computed in 4.1s
2025-10-26 02:21:31 [INFO] [FM] ROI V2 fold 3/6
2025-10-26 02:21:31 [INFO] [FM] ROI V2 computing weights via pinv ...
2025-10-26 02:21:35 [INFO] [FM] ROI V2 weights computed in 4.1s
2025-10-26 02:21:35 [INFO] [FM] ROI V2 fold 4/6
2025-10-26 02:21:35 [INFO] [FM] ROI V2 computing weights via pinv ...
2025-10-26 02:21:39 [INFO] [FM] ROI V2 weights computed in 4.0s
2025-10-26 02:21:39 [INFO] [FM] ROI V2 fold 5/6
2025-10-26 02:21:39 [INFO] [FM] ROI V2 computing weights via pinv ...
2025-10-26 02:21:43 [INFO] [FM] ROI V2 weights computed in 4.1s
2025-10-26 02:21:43 [INFO] [FM] ROI V2 fold 6/6
2025-10-26 02:21:43 [INFO] [FM] ROI V2 computing weights via pinv ...
2025-10-26 02:21:47 [INFO] [FM] ROI V2 weights computed in 3.8s
[OK] V2 mean accuracy: 0.125
2025-10-26 02:21:47 [INFO] [OK] V2 mean accuracy: 0.125

[ROI] Processing V3 ...
2025-10-26 02:21:47 [INFO] 
[ROI] Processing V3 ...
2025-10-26 02:21:47 [INFO] [FM] ROI V3 fold 1/6
2025-10-26 02:21:47 [INFO] [FM] ROI V3 computing weights via pinv ...
2025-10-26 02:21:47 [INFO] [FM] ROI V3 weights computed in 0.1s
2025-10-26 02:21:47 [INFO] [FM] ROI V3 fold 2/6
2025-10-26 02:21:47 [INFO] [FM] ROI V3 computing weights via pinv ...
2025-10-26 02:21:47 [INFO] [FM] ROI V3 weights computed in 0.1s
2025-10-26 02:21:47 [INFO] [FM] ROI V3 fold 3/6
2025-10-26 02:21:47 [INFO] [FM] ROI V3 computing weights via pinv ...
2025-10-26 02:21:47 [INFO] [FM] ROI V3 weights computed in 0.1s
2025-10-26 02:21:47 [INFO] [FM] ROI V3 fold 4/6
2025-10-26 02:21:47 [INFO] [FM] ROI V3 computing weights via pinv ...
2025-10-26 02:21:47 [INFO] [FM] ROI V3 weights computed in 0.1s
2025-10-26 02:21:47 [INFO] [FM] ROI V3 fold 5/6
2025-10-26 02:21:47 [INFO] [FM] ROI V3 computing weights via pinv ...
2025-10-26 02:21:48 [INFO] [FM] ROI V3 weights computed in 0.1s
2025-10-26 02:21:48 [INFO] [FM] ROI V3 fold 6/6
2025-10-26 02:21:48 [INFO] [FM] ROI V3 computing weights via pinv ...
2025-10-26 02:21:48 [INFO] [FM] ROI V3 weights computed in 0.1s
[OK] V3 mean accuracy: 0.125
2025-10-26 02:21:48 [INFO] [OK] V3 mean accuracy: 0.125

[ROI] Processing hV4 ...
2025-10-26 02:21:48 [INFO] 
[ROI] Processing hV4 ...
2025-10-26 02:21:48 [INFO] [FM] ROI hV4 fold 1/6
2025-10-26 02:21:48 [INFO] [FM] ROI hV4 computing weights via pinv ...
2025-10-26 02:21:48 [INFO] [FM] ROI hV4 weights computed in 0.1s
2025-10-26 02:21:48 [INFO] [FM] ROI hV4 fold 2/6
2025-10-26 02:21:48 [INFO] [FM] ROI hV4 computing weights via pinv ...
2025-10-26 02:21:48 [INFO] [FM] ROI hV4 weights computed in 0.1s
2025-10-26 02:21:48 [INFO] [FM] ROI hV4 fold 3/6
2025-10-26 02:21:48 [INFO] [FM] ROI hV4 computing weights via pinv ...
2025-10-26 02:21:48 [INFO] [FM] ROI hV4 weights computed in 0.1s
2025-10-26 02:21:48 [INFO] [FM] ROI hV4 fold 4/6
2025-10-26 02:21:48 [INFO] [FM] ROI hV4 computing weights via pinv ...
2025-10-26 02:21:48 [INFO] [FM] ROI hV4 weights computed in 0.1s
2025-10-26 02:21:48 [INFO] [FM] ROI hV4 fold 5/6
2025-10-26 02:21:48 [INFO] [FM] ROI hV4 computing weights via pinv ...
2025-10-26 02:21:48 [INFO] [FM] ROI hV4 weights computed in 0.1s
2025-10-26 02:21:48 [INFO] [FM] ROI hV4 fold 6/6
2025-10-26 02:21:48 [INFO] [FM] ROI hV4 computing weights via pinv ...
2025-10-26 02:21:48 [INFO] [FM] ROI hV4 weights computed in 0.1s
[OK] hV4 mean accuracy: 0.125
2025-10-26 02:21:48 [INFO] [OK] hV4 mean accuracy: 0.125
[OK] Forward model completed in 183.4s
2025-10-26 02:21:48 [INFO] [OK] Forward model completed in 183.4s
[OK] Forward model done in 183.4s
2025-10-26 02:21:48 [INFO] [OK] Forward model done in 183.4s

[4/5] Skipping permutation tests (set RUN_PERMUTATION=1 to enable)
2025-10-26 02:21:48 [INFO] 
[4/5] Skipping permutation tests (set RUN_PERMUTATION=1 to enable)

[5/5] Generating visualizations...
2025-10-26 02:21:48 [INFO] 
[5/5] Generating visualizations...

================================================================================
2025-10-26 02:21:50 [INFO] 
================================================================================
PART 2: Voxel-Level Analysis
2025-10-26 02:21:50 [INFO] PART 2: Voxel-Level Analysis
================================================================================
2025-10-26 02:21:50 [INFO] ================================================================================

[1/3] Analyzing voxel preferences...

Processing V1...
  Voxels: 5539
  Mean selectivity: 0.000
  Mean reliability: nan

Processing V2...
  Voxels: 3180
  Mean selectivity: 0.000
  Mean reliability: nan

Processing V3...
  Voxels: 532
  Mean selectivity: 0.000
  Mean reliability: nan

Processing hV4...
  Voxels: 500
  Mean selectivity: 0.000
  Mean reliability: nan
[OK] Voxel-level analysis done in 1.0s
2025-10-26 02:21:51 [INFO] [OK] Voxel-level analysis done in 1.0s

================================================================================
2025-10-26 02:21:51 [INFO] 
================================================================================
PART 3: Performance Summary
2025-10-26 02:21:51 [INFO] PART 3: Performance Summary
================================================================================
2025-10-26 02:21:51 [INFO] ================================================================================

[Final] Generating reports...
2025-10-26 02:21:51 [INFO] 
[Final] Generating reports...

Reports generated:
  - English: /scratch/connectome/haba6030/colorBlind/derivatives/sub-01/comprehensive_results/results_report_EN.md
  - Korean: /scratch/connectome/haba6030/colorBlind/derivatives/sub-01/comprehensive_results/results_report_KR.md
[OK] Reports generated in 0.0s
2025-10-26 02:21:51 [INFO] [OK] Reports generated in 0.0s

================================================================================
2025-10-26 02:21:51 [INFO] 
================================================================================
Analysis complete! Results saved to: /scratch/connectome/haba6030/colorBlind/derivatives/sub-01/comprehensive_results
2025-10-26 02:21:51 [INFO] Analysis complete! Results saved to: /scratch/connectome/haba6030/colorBlind/derivatives/sub-01/comprehensive_results
================================================================================
2025-10-26 02:21:51 [INFO] ================================================================================
/scratch/connectome/haba6030/colorBlind/bh_anal.py:486: FutureWarning: 'force_resample' will be set to 'True' by default in Nilearn 0.13.0.
Use 'force_resample=True' to suppress this warning.
  resampled_mask = image.resample_img(
/scratch/connectome/haba6030/colorBlind/bh_anal.py:486: FutureWarning: From release 0.13.0 onwards, this function will, by default, copy the header of the input image to the output. Currently, the header is reset to the default Nifti1Header. To suppress this warning and use the new behavior, set `copy_header=True`.
  resampled_mask = image.resample_img(
/scratch/connectome/haba6030/colorBlind/bh_stats.py:110: RuntimeWarning: invalid value encountered in scalar divide
  selectivity_idx = ((mean_responses.max() - mean_responses.min()) /
/home/connectome/haba6030/.conda/envs/nilearn/lib/python3.10/site-packages/numpy/lib/_function_base_impl.py:3045: RuntimeWarning: invalid value encountered in divide
  c /= stddev[:, None]
2025-10-27 01:17:23 [INFO] [INIT] Starting comprehensive analysis script
Traceback (most recent call last):
  File "/scratch/connectome/haba6030/colorBlind/run_comprehensive_analysis.py", line 76, in <module>
    from bh_anal import BHAnalysisPipeline
  File "/scratch/connectome/haba6030/colorBlind/bh_anal.py", line 235
    mean_hirf = np.mean(np.array(hirfs), axis=0)  # (hirf_len, voxels)
                                                                      ^
IndentationError: unindent does not match any outer indentation level
ERROR conda.cli.main_run:execute(39): Subprocess for 'conda run ['python', 'run_comprehensive_analysis.py']' command failed.  Stderr was:
Traceback (most recent call last):
  File "/scratch/connectome/haba6030/colorBlind/run_comprehensive_analysis.py", line 76, in <module>
    from bh_anal import BHAnalysisPipeline
  File "/scratch/connectome/haba6030/colorBlind/bh_anal.py", line 235
    mean_hirf = np.mean(np.array(hirfs), axis=0)  # (hirf_len, voxels)
                                                                      ^
IndentationError: unindent does not match any outer indentation level

[INIT] Starting comprehensive analysis script
2025-10-27 01:17:23 [INFO] [INIT] Starting comprehensive analysis script
2025-10-27 01:31:57 [INFO] [START] Deconvolution GLM for 6 runs
2025-10-27 01:31:57 [INFO] [GLM] Loading data for run 1/6
2025-10-27 01:32:02 [INFO] [GLM] Loading data for run 2/6
2025-10-27 01:32:07 [INFO] [GLM] Loading data for run 3/6
2025-10-27 01:32:12 [INFO] [GLM] Loading data for run 4/6
2025-10-27 01:32:17 [INFO] [GLM] Loading data for run 5/6
2025-10-27 01:32:22 [INFO] [GLM] Loading data for run 6/6
2025-10-27 01:32:27 [INFO] [GLM] HIRF deconvolution run 1/6
2025-10-27 01:32:42 [INFO] [GLM] Run 1 motion shape (284, 6), data (1082035, 284)
2025-10-27 01:32:42 [INFO] [GLM] Run 1 motion 2D shape (284, 6)
2025-10-27 01:33:11 [INFO] [GLM] Run 1 motion regression done in 28.6s
2025-10-27 01:33:11 [INFO] [GLM] Run 1 deconvolving HIRF via pinv ...
2025-10-27 01:33:11 [INFO] [GLM] Run 1 HIRF pinv done in 0.1s
2025-10-27 01:33:11 [INFO] [GLM] HIRF deconvolution run 2/6
2025-10-27 01:33:35 [INFO] [GLM] Run 2 motion shape (271, 6), data (1082035, 271)
2025-10-27 01:33:35 [INFO] [GLM] Run 2 motion 2D shape (271, 6)
2025-10-27 01:34:06 [INFO] [GLM] Run 2 motion regression done in 31.1s
2025-10-27 01:34:06 [INFO] [GLM] Run 2 deconvolving HIRF via pinv ...
2025-10-27 01:34:07 [INFO] [GLM] Run 2 HIRF pinv done in 0.6s
2025-10-27 01:34:07 [INFO] [GLM] HIRF deconvolution run 3/6
2025-10-27 01:35:50 [INFO] [GLM] Run 3 motion shape (271, 6), data (1082035, 271)
2025-10-27 01:35:50 [INFO] [GLM] Run 3 motion 2D shape (271, 6)
2025-10-27 01:36:42 [INFO] [GLM] Run 3 motion regression done in 51.9s
2025-10-27 01:36:42 [INFO] [GLM] Run 3 deconvolving HIRF via pinv ...
2025-10-27 01:36:42 [INFO] [GLM] Run 3 HIRF pinv done in 0.6s
2025-10-27 01:36:42 [INFO] [GLM] HIRF deconvolution run 4/6
2025-10-27 01:37:55 [INFO] [GLM] Run 4 motion shape (271, 6), data (1082035, 271)
2025-10-27 01:37:55 [INFO] [GLM] Run 4 motion 2D shape (271, 6)
2025-10-27 01:38:31 [INFO] [GLM] Run 4 motion regression done in 36.7s
2025-10-27 01:38:31 [INFO] [GLM] Run 4 deconvolving HIRF via pinv ...
2025-10-27 01:38:33 [INFO] [GLM] Run 4 HIRF pinv done in 1.2s
2025-10-27 01:38:33 [INFO] [GLM] HIRF deconvolution run 5/6
2025-10-27 01:39:30 [INFO] [GLM] Run 5 motion shape (271, 6), data (1082035, 271)
2025-10-27 01:39:30 [INFO] [GLM] Run 5 motion 2D shape (271, 6)
2025-10-27 01:40:08 [INFO] [GLM] Run 5 motion regression done in 37.4s
2025-10-27 01:40:08 [INFO] [GLM] Run 5 deconvolving HIRF via pinv ...
2025-10-27 01:40:09 [INFO] [GLM] Run 5 HIRF pinv done in 1.2s
2025-10-27 01:40:09 [INFO] [GLM] HIRF deconvolution run 6/6
2025-10-27 01:41:05 [INFO] [GLM] Run 6 motion shape (271, 6), data (1082035, 271)
2025-10-27 01:41:05 [INFO] [GLM] Run 6 motion 2D shape (271, 6)
2025-10-27 01:41:33 [INFO] [GLM] Run 6 motion regression done in 28.2s
2025-10-27 01:41:33 [INFO] [GLM] Run 6 deconvolving HIRF via pinv ...
2025-10-27 01:41:34 [INFO] [GLM] Run 6 HIRF pinv done in 1.3s
2025-10-27 01:41:37 [INFO] [GLM] Estimating color-wise betas run 1/6
2025-10-27 01:42:03 [INFO] [GLM] Run 1 motion shape (284, 6), data (1082035, 284)
2025-10-27 01:42:03 [INFO] [GLM] Run 1 motion 2D shape (284, 6)
2025-10-27 01:42:32 [INFO] [GLM] Run 1 motion regression done in 29.5s
2025-10-27 01:42:32 [INFO] [GLM] Run 1 computing pseudoinverse for betas ...
2025-10-27 01:42:33 [INFO] [GLM] Run 1 beta pinv done in 0.8s
2025-10-27 01:42:33 [INFO] [GLM] Saved per-run betas: /scratch/connectome/haba6030/colorBlind/derivatives/sub-01/sub-01_rsvp_deconv_betas_run-1.nii.gz
2025-10-27 01:42:34 [INFO] [GLM] Saved per-run beta: /scratch/connectome/haba6030/colorBlind/derivatives/sub-01/sub-01_rsvp_deconv_betas_run-1.nii.gz
2025-10-27 01:42:34 [INFO] [GLM] Estimating color-wise betas run 2/6
2025-10-27 01:42:54 [INFO] [GLM] Run 2 motion shape (271, 6), data (1082035, 271)
2025-10-27 01:42:54 [INFO] [GLM] Run 2 motion 2D shape (271, 6)
2025-10-27 01:43:26 [INFO] [GLM] Run 2 motion regression done in 31.3s
2025-10-27 01:43:26 [INFO] [GLM] Run 2 computing pseudoinverse for betas ...
2025-10-27 01:43:26 [INFO] [GLM] Run 2 beta pinv done in 0.8s
2025-10-27 01:43:27 [INFO] [GLM] Saved per-run betas: /scratch/connectome/haba6030/colorBlind/derivatives/sub-01/sub-01_rsvp_deconv_betas_run-2.nii.gz
2025-10-27 01:43:27 [INFO] [GLM] Saved per-run beta: /scratch/connectome/haba6030/colorBlind/derivatives/sub-01/sub-01_rsvp_deconv_betas_run-2.nii.gz
2025-10-27 01:43:27 [INFO] [GLM] Estimating color-wise betas run 3/6
2025-10-27 01:43:49 [INFO] [GLM] Run 3 motion shape (271, 6), data (1082035, 271)
2025-10-27 01:43:49 [INFO] [GLM] Run 3 motion 2D shape (271, 6)
2025-10-27 01:44:29 [INFO] [GLM] Run 3 motion regression done in 39.2s
2025-10-27 01:44:29 [INFO] [GLM] Run 3 computing pseudoinverse for betas ...
2025-10-27 01:44:29 [INFO] [GLM] Run 3 beta pinv done in 0.8s
2025-10-27 01:44:30 [INFO] [GLM] Saved per-run betas: /scratch/connectome/haba6030/colorBlind/derivatives/sub-01/sub-01_rsvp_deconv_betas_run-3.nii.gz
2025-10-27 01:44:30 [INFO] [GLM] Saved per-run beta: /scratch/connectome/haba6030/colorBlind/derivatives/sub-01/sub-01_rsvp_deconv_betas_run-3.nii.gz
2025-10-27 01:44:30 [INFO] [GLM] Estimating color-wise betas run 4/6
2025-10-27 01:45:07 [INFO] [GLM] Run 4 motion shape (271, 6), data (1082035, 271)
2025-10-27 01:45:07 [INFO] [GLM] Run 4 motion 2D shape (271, 6)
2025-10-27 01:45:38 [INFO] [GLM] Run 4 motion regression done in 30.7s
2025-10-27 01:45:38 [INFO] [GLM] Run 4 computing pseudoinverse for betas ...
2025-10-27 01:45:40 [INFO] [GLM] Run 4 beta pinv done in 1.4s
2025-10-27 01:45:40 [INFO] [GLM] Saved per-run betas: /scratch/connectome/haba6030/colorBlind/derivatives/sub-01/sub-01_rsvp_deconv_betas_run-4.nii.gz
2025-10-27 01:45:40 [INFO] [GLM] Saved per-run beta: /scratch/connectome/haba6030/colorBlind/derivatives/sub-01/sub-01_rsvp_deconv_betas_run-4.nii.gz
2025-10-27 01:45:40 [INFO] [GLM] Estimating color-wise betas run 5/6
2025-10-27 01:46:19 [INFO] [GLM] Run 5 motion shape (271, 6), data (1082035, 271)
2025-10-27 01:46:19 [INFO] [GLM] Run 5 motion 2D shape (271, 6)
2025-10-27 01:46:57 [INFO] [GLM] Run 5 motion regression done in 38.7s
2025-10-27 01:46:57 [INFO] [GLM] Run 5 computing pseudoinverse for betas ...
2025-10-27 01:46:58 [INFO] [GLM] Run 5 beta pinv done in 0.8s
2025-10-27 01:46:58 [INFO] [GLM] Saved per-run betas: /scratch/connectome/haba6030/colorBlind/derivatives/sub-01/sub-01_rsvp_deconv_betas_run-5.nii.gz
2025-10-27 01:46:59 [INFO] [GLM] Saved per-run beta: /scratch/connectome/haba6030/colorBlind/derivatives/sub-01/sub-01_rsvp_deconv_betas_run-5.nii.gz
2025-10-27 01:46:59 [INFO] [GLM] Estimating color-wise betas run 6/6
2025-10-27 01:47:33 [INFO] [GLM] Run 6 motion shape (271, 6), data (1082035, 271)
2025-10-27 01:47:33 [INFO] [GLM] Run 6 motion 2D shape (271, 6)
2025-10-27 01:47:58 [INFO] [GLM] Run 6 motion regression done in 24.8s
2025-10-27 01:47:58 [INFO] [GLM] Run 6 computing pseudoinverse for betas ...
2025-10-27 01:47:59 [INFO] [GLM] Run 6 beta pinv done in 1.2s
2025-10-27 01:48:00 [INFO] [GLM] Saved per-run betas: /scratch/connectome/haba6030/colorBlind/derivatives/sub-01/sub-01_rsvp_deconv_betas_run-6.nii.gz
2025-10-27 01:48:00 [INFO] [GLM] Saved per-run beta: /scratch/connectome/haba6030/colorBlind/derivatives/sub-01/sub-01_rsvp_deconv_betas_run-6.nii.gz
2025-10-27 01:48:05 [INFO] [OK] Deconvolution-based GLM analysis completed in 967.6s
2025-10-27 01:48:06 [INFO] [START] Extracting ROI responses from beta image
2025-10-27 01:48:08 [INFO] [OK] Extracted V1 per-run responses: (48, 5539)
2025-10-27 01:48:10 [INFO] [OK] Extracted V2 per-run responses: (48, 3180)
2025-10-27 01:48:12 [INFO] [OK] Extracted V3 per-run responses: (48, 532)
2025-10-27 01:48:14 [INFO] [OK] Extracted hV4 per-run responses: (48, 500)
2025-10-27 01:48:14 [INFO] [OK] ROI data extracted in 8.1s
2025-10-27 01:48:15 [INFO] [WARN] WholeBrain union mask empty; skipping WholeBrain extraction
2025-10-27 01:48:15 [INFO] [OK] ROI data extracted in 9.2s
2025-10-27 02:09:50 [INFO] [START] Extracting ROI responses from beta image
2025-10-27 02:09:56 [INFO] [OK] Extracted V1 per-run responses: (48, 5539)
2025-10-27 02:10:02 [INFO] [OK] Extracted V2 per-run responses: (48, 3180)
2025-10-27 02:10:08 [INFO] [OK] Extracted V3 per-run responses: (48, 532)
2025-10-27 02:10:13 [INFO] [OK] Extracted hV4 per-run responses: (48, 500)
2025-10-27 02:10:13 [INFO] [OK] ROI data extracted in 23.3s
2025-10-27 02:10:14 [INFO] [WARN] WholeBrain union mask empty; skipping WholeBrain extraction
2025-10-27 02:10:14 [INFO] [OK] ROI data extracted in 24.3s
2025-10-27 02:10:14 [INFO] [START] Forward model (B&H 2009)
2025-10-27 02:10:14 [INFO] 
[ROI] Processing V1 ...
2025-10-27 02:10:14 [INFO] [FM] ROI V1 fold 1/6
2025-10-27 02:10:14 [INFO] [FM] ROI V1 fold 2/6
2025-10-27 02:10:14 [INFO] [FM] ROI V1 fold 3/6
2025-10-27 02:10:14 [INFO] [FM] ROI V1 fold 4/6
2025-10-27 02:10:14 [INFO] [FM] ROI V1 fold 5/6
2025-10-27 02:10:14 [INFO] [FM] ROI V1 fold 6/6
2025-10-27 02:10:14 [INFO] [OK] V1 mean accuracy: 0.125
2025-10-27 02:10:14 [INFO] 
[ROI] Processing V2 ...
2025-10-27 02:10:14 [INFO] [FM] ROI V2 fold 1/6
2025-10-27 02:10:14 [INFO] [FM] ROI V2 fold 2/6
2025-10-27 02:10:14 [INFO] [FM] ROI V2 fold 3/6
2025-10-27 02:10:14 [INFO] [FM] ROI V2 fold 4/6
2025-10-27 02:10:14 [INFO] [FM] ROI V2 fold 5/6
2025-10-27 02:10:14 [INFO] [FM] ROI V2 fold 6/6
2025-10-27 02:10:15 [INFO] [OK] V2 mean accuracy: 0.125
2025-10-27 02:10:15 [INFO] 
[ROI] Processing V3 ...
2025-10-27 02:10:15 [INFO] [FM] ROI V3 fold 1/6
2025-10-27 02:10:15 [INFO] [FM] ROI V3 fold 2/6
2025-10-27 02:10:15 [INFO] [FM] ROI V3 fold 3/6
2025-10-27 02:10:15 [INFO] [FM] ROI V3 fold 4/6
2025-10-27 02:10:15 [INFO] [FM] ROI V3 fold 5/6
2025-10-27 02:10:15 [INFO] [FM] ROI V3 fold 6/6
2025-10-27 02:10:15 [INFO] [OK] V3 mean accuracy: 0.125
2025-10-27 02:10:15 [INFO] 
[ROI] Processing hV4 ...
2025-10-27 02:10:15 [INFO] [FM] ROI hV4 fold 1/6
2025-10-27 02:10:15 [INFO] [FM] ROI hV4 fold 2/6
2025-10-27 02:10:15 [INFO] [FM] ROI hV4 fold 3/6
2025-10-27 02:10:15 [INFO] [FM] ROI hV4 fold 4/6
2025-10-27 02:10:15 [INFO] [FM] ROI hV4 fold 5/6
2025-10-27 02:10:15 [INFO] [FM] ROI hV4 fold 6/6
2025-10-27 02:10:15 [INFO] [OK] hV4 mean accuracy: 0.125
2025-10-27 02:10:15 [INFO] [OK] Forward model completed in 0.6s
2025-10-27 02:25:31 [INFO] [START] Deconvolution GLM for 6 runs
2025-10-27 02:25:31 [INFO] [GLM] Loading data for run 1/6
2025-10-27 02:25:35 [INFO] [GLM] Loading data for run 2/6
2025-10-27 02:25:41 [INFO] [GLM] Loading data for run 3/6
2025-10-27 02:25:45 [INFO] [GLM] Loading data for run 4/6
2025-10-27 02:25:51 [INFO] [GLM] Loading data for run 5/6
2025-10-27 02:25:57 [INFO] [GLM] Loading data for run 6/6
2025-10-27 02:26:03 [INFO] [GLM] HIRF deconvolution run 1/6
2025-10-27 02:26:33 [INFO] [GLM] Run 1 motion shape (284, 6), data (1082035, 284)
2025-10-27 02:26:33 [INFO] [GLM] Run 1 motion 2D shape (284, 6)
2025-10-27 02:26:57 [INFO] [GLM] Run 1 motion regression done in 24.7s
2025-10-27 02:26:57 [INFO] [GLM] Run 1 deconvolving HIRF via pinv ...
2025-10-27 02:26:58 [INFO] [GLM] Run 1 HIRF pinv done in 1.0s
2025-10-27 02:26:58 [INFO] [GLM] HIRF deconvolution run 2/6
2025-10-27 02:27:33 [INFO] [GLM] Run 2 motion shape (271, 6), data (1082035, 271)
2025-10-27 02:27:33 [INFO] [GLM] Run 2 motion 2D shape (271, 6)
2025-10-27 02:27:55 [INFO] [GLM] Run 2 motion regression done in 22.0s
2025-10-27 02:27:55 [INFO] [GLM] Run 2 deconvolving HIRF via pinv ...
2025-10-27 02:27:56 [INFO] [GLM] Run 2 HIRF pinv done in 0.7s
2025-10-27 02:27:56 [INFO] [GLM] HIRF deconvolution run 3/6
2025-10-27 02:28:43 [INFO] [GLM] Run 3 motion shape (271, 6), data (1082035, 271)
2025-10-27 02:28:43 [INFO] [GLM] Run 3 motion 2D shape (271, 6)
2025-10-27 02:29:07 [INFO] [GLM] Run 3 motion regression done in 24.1s
2025-10-27 02:29:07 [INFO] [GLM] Run 3 deconvolving HIRF via pinv ...
2025-10-27 02:29:07 [INFO] [GLM] Run 3 HIRF pinv done in 0.5s
2025-10-27 02:29:07 [INFO] [GLM] HIRF deconvolution run 4/6
2025-10-27 02:29:53 [INFO] [GLM] Run 4 motion shape (271, 6), data (1082035, 271)
2025-10-27 02:29:53 [INFO] [GLM] Run 4 motion 2D shape (271, 6)
2025-10-27 02:30:23 [INFO] [GLM] Run 4 motion regression done in 30.6s
2025-10-27 02:30:23 [INFO] [GLM] Run 4 deconvolving HIRF via pinv ...
2025-10-27 02:30:24 [INFO] [GLM] Run 4 HIRF pinv done in 0.8s
2025-10-27 02:30:24 [INFO] [GLM] HIRF deconvolution run 5/6
2025-10-27 02:30:58 [INFO] [GLM] Run 5 motion shape (271, 6), data (1082035, 271)
2025-10-27 02:30:58 [INFO] [GLM] Run 5 motion 2D shape (271, 6)
2025-10-27 02:31:20 [INFO] [GLM] Run 5 motion regression done in 22.3s
2025-10-27 02:31:20 [INFO] [GLM] Run 5 deconvolving HIRF via pinv ...
2025-10-27 02:31:22 [INFO] [GLM] Run 5 HIRF pinv done in 1.3s
2025-10-27 02:31:22 [INFO] [GLM] HIRF deconvolution run 6/6
2025-10-27 02:31:58 [INFO] [GLM] Run 6 motion shape (271, 6), data (1082035, 271)
2025-10-27 02:31:58 [INFO] [GLM] Run 6 motion 2D shape (271, 6)
2025-10-27 02:32:17 [INFO] [GLM] Run 6 motion regression done in 18.4s
2025-10-27 02:32:17 [INFO] [GLM] Run 6 deconvolving HIRF via pinv ...
2025-10-27 02:32:18 [INFO] [GLM] Run 6 HIRF pinv done in 1.0s
2025-10-27 02:32:20 [INFO] [GLM] Estimating color-wise betas run 1/6
2025-10-27 02:32:42 [INFO] [GLM] Run 1 motion shape (284, 6), data (1082035, 284)
2025-10-27 02:32:42 [INFO] [GLM] Run 1 motion 2D shape (284, 6)
2025-10-27 02:33:03 [INFO] [GLM] Run 1 motion regression done in 21.1s
2025-10-27 02:33:03 [INFO] [GLM] Run 1 computing pseudoinverse for betas ...
2025-10-27 02:33:05 [INFO] [GLM] Run 1 beta pinv done in 1.3s
2025-10-27 02:33:05 [INFO] [GLM] Saved per-run betas: /scratch/connectome/haba6030/colorBlind/derivatives/sub-01/sub-01_rsvp_deconv_betas_run-1.nii.gz
2025-10-27 02:33:06 [INFO] [GLM] Saved per-run beta: /scratch/connectome/haba6030/colorBlind/derivatives/sub-01/sub-01_rsvp_deconv_betas_run-1.nii.gz
2025-10-27 02:33:06 [INFO] [GLM] Estimating color-wise betas run 2/6
2025-10-27 02:33:32 [INFO] [GLM] Run 2 motion shape (271, 6), data (1082035, 271)
2025-10-27 02:33:32 [INFO] [GLM] Run 2 motion 2D shape (271, 6)
2025-10-27 02:34:03 [INFO] [GLM] Run 2 motion regression done in 31.3s
2025-10-27 02:34:03 [INFO] [GLM] Run 2 computing pseudoinverse for betas ...
2025-10-27 02:34:04 [INFO] [GLM] Run 2 beta pinv done in 0.9s
2025-10-27 02:34:05 [INFO] [GLM] Saved per-run betas: /scratch/connectome/haba6030/colorBlind/derivatives/sub-01/sub-01_rsvp_deconv_betas_run-2.nii.gz
2025-10-27 02:34:06 [INFO] [GLM] Saved per-run beta: /scratch/connectome/haba6030/colorBlind/derivatives/sub-01/sub-01_rsvp_deconv_betas_run-2.nii.gz
2025-10-27 02:34:06 [INFO] [GLM] Estimating color-wise betas run 3/6
2025-10-27 02:34:35 [INFO] [GLM] Run 3 motion shape (271, 6), data (1082035, 271)
2025-10-27 02:34:35 [INFO] [GLM] Run 3 motion 2D shape (271, 6)
2025-10-27 02:34:55 [INFO] [GLM] Run 3 motion regression done in 19.9s
2025-10-27 02:34:55 [INFO] [GLM] Run 3 computing pseudoinverse for betas ...
2025-10-27 02:34:56 [INFO] [GLM] Run 3 beta pinv done in 1.2s
2025-10-27 02:34:57 [INFO] [GLM] Saved per-run betas: /scratch/connectome/haba6030/colorBlind/derivatives/sub-01/sub-01_rsvp_deconv_betas_run-3.nii.gz
2025-10-27 02:34:58 [INFO] [GLM] Saved per-run beta: /scratch/connectome/haba6030/colorBlind/derivatives/sub-01/sub-01_rsvp_deconv_betas_run-3.nii.gz
2025-10-27 02:34:58 [INFO] [GLM] Estimating color-wise betas run 4/6
2025-10-27 02:35:25 [INFO] [GLM] Run 4 motion shape (271, 6), data (1082035, 271)
2025-10-27 02:35:25 [INFO] [GLM] Run 4 motion 2D shape (271, 6)
2025-10-27 02:35:52 [INFO] [GLM] Run 4 motion regression done in 26.6s
2025-10-27 02:35:52 [INFO] [GLM] Run 4 computing pseudoinverse for betas ...
2025-10-27 02:35:53 [INFO] [GLM] Run 4 beta pinv done in 0.8s
2025-10-27 02:35:54 [INFO] [GLM] Saved per-run betas: /scratch/connectome/haba6030/colorBlind/derivatives/sub-01/sub-01_rsvp_deconv_betas_run-4.nii.gz
2025-10-27 02:35:55 [INFO] [GLM] Saved per-run beta: /scratch/connectome/haba6030/colorBlind/derivatives/sub-01/sub-01_rsvp_deconv_betas_run-4.nii.gz
2025-10-27 02:35:55 [INFO] [GLM] Estimating color-wise betas run 5/6
2025-10-27 02:36:25 [INFO] [GLM] Run 5 motion shape (271, 6), data (1082035, 271)
2025-10-27 02:36:25 [INFO] [GLM] Run 5 motion 2D shape (271, 6)
2025-10-27 02:36:46 [INFO] [GLM] Run 5 motion regression done in 20.3s
2025-10-27 02:36:46 [INFO] [GLM] Run 5 computing pseudoinverse for betas ...
2025-10-27 02:36:47 [INFO] [GLM] Run 5 beta pinv done in 1.3s
2025-10-27 02:36:48 [INFO] [GLM] Saved per-run betas: /scratch/connectome/haba6030/colorBlind/derivatives/sub-01/sub-01_rsvp_deconv_betas_run-5.nii.gz
2025-10-27 02:36:49 [INFO] [GLM] Saved per-run beta: /scratch/connectome/haba6030/colorBlind/derivatives/sub-01/sub-01_rsvp_deconv_betas_run-5.nii.gz
2025-10-27 02:36:49 [INFO] [GLM] Estimating color-wise betas run 6/6
2025-10-27 02:37:20 [INFO] [GLM] Run 6 motion shape (271, 6), data (1082035, 271)
2025-10-27 02:37:20 [INFO] [GLM] Run 6 motion 2D shape (271, 6)
2025-10-27 02:37:38 [INFO] [GLM] Run 6 motion regression done in 18.0s
2025-10-27 02:37:38 [INFO] [GLM] Run 6 computing pseudoinverse for betas ...
2025-10-27 02:37:38 [INFO] [GLM] Run 6 beta pinv done in 0.7s
2025-10-27 02:37:39 [INFO] [GLM] Saved per-run betas: /scratch/connectome/haba6030/colorBlind/derivatives/sub-01/sub-01_rsvp_deconv_betas_run-6.nii.gz
2025-10-27 02:37:40 [INFO] [GLM] Saved per-run beta: /scratch/connectome/haba6030/colorBlind/derivatives/sub-01/sub-01_rsvp_deconv_betas_run-6.nii.gz
2025-10-27 02:37:45 [INFO] [OK] Deconvolution-based GLM analysis completed in 734.1s
2025-10-27 07:32:13 [INFO] [START] Extracting ROI responses from beta image
2025-10-27 07:32:15 [INFO] [OK] Extracted V1 per-run responses: (48, 5539)
2025-10-27 07:32:17 [INFO] [OK] Extracted V2 per-run responses: (48, 3180)
2025-10-27 07:32:20 [INFO] [OK] Extracted V3 per-run responses: (48, 532)
2025-10-27 07:32:22 [INFO] [OK] Extracted hV4 per-run responses: (48, 500)
2025-10-27 07:32:22 [INFO] [OK] ROI data extracted in 8.6s
2025-10-27 07:32:31 [INFO] [OK] Extracted WholeBrain per-run responses: (48, 427580)
2025-10-27 07:32:31 [INFO] [OK] ROI data extracted in 17.9s
2025-10-27 07:32:31 [INFO] [START] Forward model (B&H 2009)
2025-10-27 07:32:31 [INFO] 
[ROI] Processing V1 ...
2025-10-27 07:32:31 [INFO] [FM] ROI V1 fold 1/6
2025-10-27 07:33:21 [INFO] [FM] ROI V1 fold 2/6
2025-10-27 07:33:59 [INFO] [FM] ROI V1 fold 3/6
2025-10-27 07:34:57 [INFO] [FM] ROI V1 fold 4/6
2025-10-27 07:35:41 [INFO] [FM] ROI V1 fold 5/6
2025-10-27 07:36:32 [INFO] [FM] ROI V1 fold 6/6
2025-10-27 07:37:29 [INFO] [OK] V1 mean accuracy: 0.104
2025-10-27 07:37:29 [INFO] 
[ROI] Processing V2 ...
2025-10-27 07:37:29 [INFO] [FM] ROI V2 fold 1/6
2025-10-27 07:39:27 [INFO] [FM] ROI V2 fold 2/6
2025-10-27 07:40:50 [INFO] [FM] ROI V2 fold 3/6
2025-10-27 07:42:59 [INFO] [FM] ROI V2 fold 4/6
2025-10-27 07:44:38 [INFO] [FM] ROI V2 fold 5/6
2025-10-27 07:45:52 [INFO] [FM] ROI V2 fold 6/6
2025-10-27 07:47:43 [INFO] [OK] V2 mean accuracy: 0.167
2025-10-27 07:47:43 [INFO] 
[ROI] Processing V3 ...
2025-10-27 07:47:43 [INFO] [FM] ROI V3 fold 1/6
2025-10-27 07:47:44 [INFO] [FM] ROI V3 fold 2/6
2025-10-27 07:47:44 [INFO] [FM] ROI V3 fold 3/6
2025-10-27 07:47:45 [INFO] [FM] ROI V3 fold 4/6
2025-10-27 07:47:45 [INFO] [FM] ROI V3 fold 5/6
2025-10-27 07:47:46 [INFO] [FM] ROI V3 fold 6/6
2025-10-27 07:47:46 [INFO] [OK] V3 mean accuracy: 0.146
2025-10-27 07:47:46 [INFO] 
[ROI] Processing hV4 ...
2025-10-27 07:47:46 [INFO] [FM] ROI hV4 fold 1/6
2025-10-27 07:47:47 [INFO] [FM] ROI hV4 fold 2/6
2025-10-27 07:47:47 [INFO] [FM] ROI hV4 fold 3/6
2025-10-27 07:47:48 [INFO] [FM] ROI hV4 fold 4/6
2025-10-27 07:47:48 [INFO] [FM] ROI hV4 fold 5/6
2025-10-27 07:47:49 [INFO] [FM] ROI hV4 fold 6/6
2025-10-27 07:47:49 [INFO] [OK] hV4 mean accuracy: 0.167
2025-10-27 07:47:49 [INFO] 
[ROI] Processing WholeBrain ...
2025-10-27 07:47:49 [INFO] [FM] ROI WholeBrain fold 1/6
2025-10-27 07:49:28 [INFO] [FM] ROI WholeBrain fold 2/6
2025-10-27 07:50:46 [INFO] [FM] ROI WholeBrain fold 3/6
2025-10-27 07:52:03 [INFO] [FM] ROI WholeBrain fold 4/6
2025-10-27 07:53:47 [INFO] [FM] ROI WholeBrain fold 5/6
2025-10-27 07:55:17 [INFO] [FM] ROI WholeBrain fold 6/6
2025-10-27 07:57:32 [INFO] [OK] WholeBrain mean accuracy: 0.104
2025-10-27 07:57:32 [INFO] [OK] Forward model completed in 1500.8s
2025-10-27 08:15:19 [INFO] [START] Building structural ROI masks from /scratch/connectome/haba6030/colorBlind/output/pilot/sub-01/anat
2025-10-27 08:15:21 [INFO] [OK] Applied brain_mask intersection for acq-mprage_desc-preproc_T1w_anat
2025-10-27 08:15:21 [INFO] [OK] Created structural ROI mask: /scratch/connectome/haba6030/colorBlind/derivatives/sub-01/roi/sub-01_acq-mprage_desc-preproc_T1w_anat_mask.nii.gz
2025-10-27 08:15:21 [INFO] [OK] Applied brain_mask intersection for acq-mprage_desc-ribbon_anat
2025-10-27 08:15:21 [INFO] [OK] Created structural ROI mask: /scratch/connectome/haba6030/colorBlind/derivatives/sub-01/roi/sub-01_acq-mprage_desc-ribbon_anat_mask.nii.gz
2025-10-27 08:15:22 [INFO] [OK] Applied brain_mask intersection for acq-mprage_dseg_anat
2025-10-27 08:15:22 [INFO] [OK] Created structural ROI mask: /scratch/connectome/haba6030/colorBlind/derivatives/sub-01/roi/sub-01_acq-mprage_dseg_anat_mask.nii.gz
2025-10-27 08:15:22 [INFO] [OK] Applied brain_mask intersection for acq-mprage_space-MNI152NLin2009cAsym_res-2_desc-preproc_T1w_anat
2025-10-27 08:15:22 [INFO] [OK] Created structural ROI mask: /scratch/connectome/haba6030/colorBlind/derivatives/sub-01/roi/sub-01_acq-mprage_space-MNI152NLin2009cAsym_res-2_desc-preproc_T1w_anat_mask.nii.gz
2025-10-27 08:15:22 [INFO] [OK] Applied brain_mask intersection for acq-mprage_space-MNI152NLin2009cAsym_res-2_dseg_anat
2025-10-27 08:15:22 [INFO] [OK] Created structural ROI mask: /scratch/connectome/haba6030/colorBlind/derivatives/sub-01/roi/sub-01_acq-mprage_space-MNI152NLin2009cAsym_res-2_dseg_anat_mask.nii.gz
2025-10-27 08:15:22 [INFO] [OK] Structural ROI masks created in 3.2s
2025-10-27 08:15:22 [INFO] [START] Extracting ROI responses from beta image
2025-10-27 08:15:24 [INFO] [OK] Extracted V1 per-run responses: (48, 5539)
2025-10-27 08:15:26 [INFO] [OK] Extracted V2 per-run responses: (48, 3180)
2025-10-27 08:15:29 [INFO] [OK] Extracted V3 per-run responses: (48, 532)
2025-10-27 08:15:31 [INFO] [OK] Extracted hV4 per-run responses: (48, 500)
2025-10-27 08:15:31 [INFO] [OK] ROI data extracted in 8.5s
2025-10-27 08:15:31 [INFO] [OK] ROI data extracted in 8.5s
2025-10-27 08:15:31 [INFO] [START] Forward model (B&H 2009)
2025-10-27 08:15:31 [INFO] 
[ROI] Processing V1 ...
2025-10-27 08:15:31 [INFO] [FM] ROI V1 fold 1/6
2025-10-27 08:16:12 [INFO] [FM] ROI V1 fold 2/6
2025-10-27 08:16:48 [INFO] [FM] ROI V1 fold 3/6
2025-10-27 08:32:28 [INFO] [START] Extracting ROI responses from beta image
2025-10-27 08:32:30 [INFO] [OK] Extracted V1 per-run responses: (48, 5539)
2025-10-27 08:32:32 [INFO] [OK] Extracted V2 per-run responses: (48, 3180)
2025-10-27 08:32:34 [INFO] [OK] Extracted V3 per-run responses: (48, 532)
2025-10-27 08:32:36 [INFO] [OK] Extracted hV4 per-run responses: (48, 500)
2025-10-27 08:32:36 [INFO] [OK] ROI data extracted in 8.6s
2025-10-27 08:32:45 [INFO] [OK] Extracted WholeBrain per-run responses: (48, 427580)
2025-10-27 08:32:45 [INFO] [OK] ROI data extracted in 17.9s
2025-10-27 08:32:46 [INFO] [START] Forward model (B&H 2009)
2025-10-27 08:32:46 [INFO] 
[ROI] Processing V1 ...
2025-10-27 08:32:46 [INFO] [FM] ROI V1 fold 1/6
2025-10-28 08:07:24 [INFO] 
=== Starting ColorBlind Analysis Pipeline ===

2025-10-28 08:07:24 [INFO] 
--- Running forward_model stage ---
2025-10-28 08:07:24 [INFO] [START] Forward model (B&H 2009)
2025-10-28 08:07:24 [INFO] 
[ROI] Processing V1 ...
2025-10-28 08:07:24 [INFO] [FM] ROI V1 only mean betas available — running prototype check
2025-10-28 08:07:24 [INFO] [OK] V1 mean accuracy: 0.125
2025-10-28 08:07:24 [INFO] 
[ROI] Processing V2 ...
2025-10-28 08:07:24 [INFO] [FM] ROI V2 only mean betas available — running prototype check
2025-10-28 08:07:24 [INFO] [OK] V2 mean accuracy: 0.125
2025-10-28 08:07:24 [INFO] 
[ROI] Processing V3 ...
2025-10-28 08:07:24 [INFO] [FM] ROI V3 only mean betas available — running prototype check
2025-10-28 08:07:24 [INFO] [OK] V3 mean accuracy: 0.125
2025-10-28 08:07:24 [INFO] 
[ROI] Processing hV4 ...
2025-10-28 08:07:24 [INFO] [FM] ROI hV4 only mean betas available — running prototype check
2025-10-28 08:07:24 [INFO] [OK] hV4 mean accuracy: 0.125
2025-10-28 08:07:25 [INFO] [OK] Forward model completed in 0.6s
2025-10-28 08:07:25 [INFO] 
--- Running qc stage ---
2025-10-28 08:12:05 [INFO] 
=== Starting ColorBlind Analysis Pipeline ===

2025-10-28 08:12:05 [INFO] 
--- Running extract_roi stage ---
2025-10-28 08:12:05 [INFO] [START] Extracting ROI responses from beta image
2025-10-28 08:12:07 [INFO] [OK] Extracted V1 per-run responses: (48, 5539)
2025-10-28 08:12:09 [INFO] [OK] Extracted V2 per-run responses: (48, 3180)
2025-10-28 08:12:11 [INFO] [OK] Extracted V3 per-run responses: (48, 532)
2025-10-28 08:12:13 [INFO] [OK] Extracted hV4 per-run responses: (48, 500)
2025-10-28 08:12:13 [INFO] [OK] ROI data extracted in 8.6s
2025-10-28 08:12:13 [INFO] [OK] ROI data extracted in 8.6s
2025-10-28 08:12:13 [INFO] 
--- Running forward_model stage ---
2025-10-28 08:12:13 [INFO] [START] Forward model (B&H 2009)
2025-10-28 08:12:13 [INFO] 
[ROI] Processing V1 ...
2025-10-28 08:12:13 [INFO] [FM] ROI V1 fold 1/6
2025-10-28 08:12:59 [INFO] [FM] ROI V1 fold 2/6
2025-10-28 08:13:36 [INFO] [FM] ROI V1 fold 3/6
2025-10-28 08:14:32 [INFO] [FM] ROI V1 fold 4/6
2025-10-28 08:15:19 [INFO] [FM] ROI V1 fold 5/6
2025-10-28 08:16:13 [INFO] [FM] ROI V1 fold 6/6
2025-10-28 08:17:08 [INFO] [OK] V1 mean accuracy: 0.104
2025-10-28 08:17:08 [INFO] 
[ROI] Processing V2 ...
2025-10-28 08:17:08 [INFO] [FM] ROI V2 fold 1/6
2025-11-03 19:10:14 [INFO] 
=== Starting ColorBlind Analysis Pipeline ===

2025-11-03 19:10:14 [INFO] 
--- Running design stage ---
2025-11-03 19:10:14 [INFO] [START] Design matrices for 6 runs
2025-11-03 19:10:14 [INFO] [Design] Building design for run 1/6
2025-11-03 19:10:14 [INFO] [OK] Created design matrix for run 1
2025-11-03 19:10:14 [INFO] [Design] Building design for run 2/6
2025-11-03 19:10:15 [INFO] [OK] Created design matrix for run 2
2025-11-03 19:10:15 [INFO] [Design] Building design for run 3/6
2025-11-03 19:10:16 [INFO] [OK] Created design matrix for run 3
2025-11-03 19:10:16 [INFO] [Design] Building design for run 4/6
2025-11-03 19:10:16 [INFO] [OK] Created design matrix for run 4
2025-11-03 19:10:16 [INFO] [Design] Building design for run 5/6
2025-11-03 19:10:17 [INFO] [OK] Created design matrix for run 5
2025-11-03 19:10:17 [INFO] [Design] Building design for run 6/6
2025-11-03 19:10:17 [INFO] [OK] Created design matrix for run 6
2025-11-03 19:10:17 [INFO] [OK] Design matrices created in 3.6s
2025-11-03 19:10:17 [INFO] [OK] Stage design completed in 3.6s
2025-11-03 19:10:17 [INFO] 
--- Running deconv_glm stage ---
2025-11-03 19:10:17 [INFO] [START] Deconvolution GLM for 6 runs
2025-11-03 19:10:17 [INFO] [GLM] Loading data for run 1/6
2025-11-03 19:10:22 [INFO] [GLM] Loading data for run 2/6
2025-11-03 19:10:27 [INFO] [GLM] Loading data for run 3/6
2025-11-03 19:10:33 [INFO] [GLM] Loading data for run 4/6
2025-11-03 19:10:38 [INFO] [GLM] Loading data for run 5/6
2025-11-03 19:10:44 [INFO] [GLM] Loading data for run 6/6
2025-11-03 19:10:49 [INFO] [GLM] HIRF deconvolution run 1/6
2025-11-03 19:12:05 [INFO] [GLM] Run 1 motion shape (284, 6), data (1082035, 284)
2025-11-03 19:12:05 [INFO] [GLM] Run 1 motion 2D shape (284, 6)
2025-11-03 19:12:46 [INFO] [GLM] Run 1 motion regression done in 41.0s
2025-11-03 19:12:46 [INFO] [GLM] Run 1 deconvolving HIRF via pinv ...
2025-11-03 19:12:46 [INFO] [GLM] Run 1 HIRF pinv done in 0.4s
2025-11-03 19:12:46 [INFO] [GLM] HIRF deconvolution run 2/6
2025-11-03 19:13:59 [INFO] [GLM] Run 2 motion shape (271, 6), data (1082035, 271)
2025-11-03 19:13:59 [INFO] [GLM] Run 2 motion 2D shape (271, 6)
2025-11-03 19:14:41 [INFO] [GLM] Run 2 motion regression done in 42.6s
2025-11-03 19:14:41 [INFO] [GLM] Run 2 deconvolving HIRF via pinv ...
2025-11-03 19:14:43 [INFO] [GLM] Run 2 HIRF pinv done in 1.4s
2025-11-03 19:14:43 [INFO] [GLM] HIRF deconvolution run 3/6
2025-11-03 19:15:51 [INFO] [GLM] Run 3 motion shape (271, 6), data (1082035, 271)
2025-11-03 19:15:51 [INFO] [GLM] Run 3 motion 2D shape (271, 6)
2025-11-03 19:16:30 [INFO] [GLM] Run 3 motion regression done in 38.9s
2025-11-03 19:16:30 [INFO] [GLM] Run 3 deconvolving HIRF via pinv ...
2025-11-03 19:16:31 [INFO] [GLM] Run 3 HIRF pinv done in 1.2s
2025-11-03 19:16:31 [INFO] [GLM] HIRF deconvolution run 4/6
2025-11-03 19:17:36 [INFO] [GLM] Run 4 motion shape (271, 6), data (1082035, 271)
2025-11-03 19:17:36 [INFO] [GLM] Run 4 motion 2D shape (271, 6)
2025-11-03 19:18:16 [INFO] [GLM] Run 4 motion regression done in 40.8s
2025-11-03 19:18:16 [INFO] [GLM] Run 4 deconvolving HIRF via pinv ...
2025-11-03 19:18:17 [INFO] [GLM] Run 4 HIRF pinv done in 0.9s
2025-11-03 19:18:17 [INFO] [GLM] HIRF deconvolution run 5/6
2025-11-03 19:19:34 [INFO] [GLM] Run 5 motion shape (271, 6), data (1082035, 271)
2025-11-03 19:19:34 [INFO] [GLM] Run 5 motion 2D shape (271, 6)
2025-11-03 19:20:21 [INFO] [GLM] Run 5 motion regression done in 46.1s
2025-11-03 19:20:21 [INFO] [GLM] Run 5 deconvolving HIRF via pinv ...
2025-11-03 19:20:22 [INFO] [GLM] Run 5 HIRF pinv done in 1.8s
2025-11-03 19:20:22 [INFO] [GLM] HIRF deconvolution run 6/6
2025-11-03 19:21:28 [INFO] [GLM] Run 6 motion shape (271, 6), data (1082035, 271)
2025-11-03 19:21:28 [INFO] [GLM] Run 6 motion 2D shape (271, 6)
2025-11-03 19:22:13 [INFO] [GLM] Run 6 motion regression done in 45.2s
2025-11-03 19:22:13 [INFO] [GLM] Run 6 deconvolving HIRF via pinv ...
2025-11-03 19:22:14 [INFO] [GLM] Run 6 HIRF pinv done in 1.4s
2025-11-03 19:22:19 [INFO] [OK] Saved HIRF comparison plot: /scratch/connectome/haba6030/colorBlind/derivatives/sub-01/sub-01_hirf_vs_fir.png
2025-11-03 19:22:19 [INFO] [GLM] Estimating color-wise betas run 1/6
2025-11-03 19:23:11 [INFO] [GLM] Run 1 motion shape (284, 6), data (1082035, 284)
2025-11-03 19:23:11 [INFO] [GLM] Run 1 motion 2D shape (284, 6)
2025-11-03 19:23:52 [INFO] [GLM] Run 1 motion regression done in 41.5s
2025-11-03 19:23:52 [INFO] [GLM] Run 1 computing pseudoinverse for betas ...
2025-11-03 19:23:53 [INFO] [GLM] Run 1 beta pinv done in 1.0s
2025-11-03 19:23:54 [INFO] [GLM] Saved per-run betas: /scratch/connectome/haba6030/colorBlind/derivatives/sub-01/sub-01_rsvp_deconv_betas_run-1.nii.gz
2025-11-03 19:23:55 [INFO] [GLM] Saved per-run beta: /scratch/connectome/haba6030/colorBlind/derivatives/sub-01/sub-01_rsvp_deconv_betas_run-1.nii.gz
2025-11-03 19:23:55 [INFO] [GLM] Estimating color-wise betas run 2/6
2025-11-03 19:24:21 [INFO] [GLM] Run 2 motion shape (271, 6), data (1082035, 271)
2025-11-03 19:24:21 [INFO] [GLM] Run 2 motion 2D shape (271, 6)
2025-11-03 19:24:55 [INFO] [GLM] Run 2 motion regression done in 33.6s
2025-11-03 19:24:55 [INFO] [GLM] Run 2 computing pseudoinverse for betas ...
2025-11-03 19:24:55 [INFO] [GLM] Run 2 beta pinv done in 0.5s
2025-11-03 19:24:57 [INFO] [GLM] Saved per-run betas: /scratch/connectome/haba6030/colorBlind/derivatives/sub-01/sub-01_rsvp_deconv_betas_run-2.nii.gz
2025-11-03 19:24:58 [INFO] [GLM] Saved per-run beta: /scratch/connectome/haba6030/colorBlind/derivatives/sub-01/sub-01_rsvp_deconv_betas_run-2.nii.gz
2025-11-03 19:24:58 [INFO] [GLM] Estimating color-wise betas run 3/6
2025-11-03 19:25:29 [INFO] [GLM] Run 3 motion shape (271, 6), data (1082035, 271)
2025-11-03 19:25:29 [INFO] [GLM] Run 3 motion 2D shape (271, 6)
2025-11-03 19:26:01 [INFO] [GLM] Run 3 motion regression done in 31.8s
2025-11-03 19:26:01 [INFO] [GLM] Run 3 computing pseudoinverse for betas ...
2025-11-03 19:26:03 [INFO] [GLM] Run 3 beta pinv done in 1.7s
2025-11-03 19:26:04 [INFO] [GLM] Saved per-run betas: /scratch/connectome/haba6030/colorBlind/derivatives/sub-01/sub-01_rsvp_deconv_betas_run-3.nii.gz
2025-11-03 19:26:05 [INFO] [GLM] Saved per-run beta: /scratch/connectome/haba6030/colorBlind/derivatives/sub-01/sub-01_rsvp_deconv_betas_run-3.nii.gz
2025-11-03 19:26:05 [INFO] [GLM] Estimating color-wise betas run 4/6
2025-11-03 19:26:35 [INFO] [GLM] Run 4 motion shape (271, 6), data (1082035, 271)
2025-11-03 19:26:35 [INFO] [GLM] Run 4 motion 2D shape (271, 6)
2025-11-03 19:27:18 [INFO] [GLM] Run 4 motion regression done in 43.1s
2025-11-03 19:27:18 [INFO] [GLM] Run 4 computing pseudoinverse for betas ...
2025-11-03 19:27:22 [INFO] [GLM] Run 4 beta pinv done in 3.8s
2025-11-03 19:27:23 [INFO] [GLM] Saved per-run betas: /scratch/connectome/haba6030/colorBlind/derivatives/sub-01/sub-01_rsvp_deconv_betas_run-4.nii.gz
2025-11-03 19:27:24 [INFO] [GLM] Saved per-run beta: /scratch/connectome/haba6030/colorBlind/derivatives/sub-01/sub-01_rsvp_deconv_betas_run-4.nii.gz
2025-11-03 19:27:24 [INFO] [GLM] Estimating color-wise betas run 5/6
2025-11-03 19:28:12 [INFO] [GLM] Run 5 motion shape (271, 6), data (1082035, 271)
2025-11-03 19:28:12 [INFO] [GLM] Run 5 motion 2D shape (271, 6)
2025-11-03 19:28:57 [INFO] [GLM] Run 5 motion regression done in 45.0s
2025-11-03 19:28:57 [INFO] [GLM] Run 5 computing pseudoinverse for betas ...
2025-11-03 19:28:58 [INFO] [GLM] Run 5 beta pinv done in 1.2s
2025-11-03 19:29:04 [INFO] [GLM] Saved per-run betas: /scratch/connectome/haba6030/colorBlind/derivatives/sub-01/sub-01_rsvp_deconv_betas_run-5.nii.gz
2025-11-03 19:29:11 [INFO] [GLM] Saved per-run beta: /scratch/connectome/haba6030/colorBlind/derivatives/sub-01/sub-01_rsvp_deconv_betas_run-5.nii.gz
2025-11-03 19:29:11 [INFO] [GLM] Estimating color-wise betas run 6/6
2025-11-03 19:30:00 [INFO] [GLM] Run 6 motion shape (271, 6), data (1082035, 271)
2025-11-03 19:30:00 [INFO] [GLM] Run 6 motion 2D shape (271, 6)
2025-11-03 19:30:43 [INFO] [GLM] Run 6 motion regression done in 42.6s
2025-11-03 19:30:43 [INFO] [GLM] Run 6 computing pseudoinverse for betas ...
2025-11-03 19:30:44 [INFO] [GLM] Run 6 beta pinv done in 1.4s
2025-11-03 19:30:45 [INFO] [GLM] Saved per-run betas: /scratch/connectome/haba6030/colorBlind/derivatives/sub-01/sub-01_rsvp_deconv_betas_run-6.nii.gz
2025-11-03 19:30:46 [INFO] [GLM] Saved per-run beta: /scratch/connectome/haba6030/colorBlind/derivatives/sub-01/sub-01_rsvp_deconv_betas_run-6.nii.gz
2025-11-03 19:30:54 [INFO] [OK] Deconvolution-based GLM analysis completed in 1236.6s
2025-11-03 19:30:55 [INFO] [OK] Stage deconv_glm completed in 1237.9s
2025-11-03 19:30:55 [INFO] 
--- Running roi_build stage ---
2025-11-03 19:30:55 [INFO] [START] Building ROI masks (Wang atlas)
2025-11-03 19:30:55 [INFO] [OK] Loaded subject GM probseg (sub-01_acq-mprage_space-MNI152NLin2009cAsym_res-2_label-GM_probseg.nii.gz) with threshold 0.35
2025-11-03 19:30:55 [INFO] [OK] Loaded brain_mask for intersection
2025-11-03 19:30:56 [INFO] [OK] Applied brain_mask intersection for V1
2025-11-03 19:30:56 [INFO] [OK] Applied GM probseg intersection for V1
2025-11-03 19:30:56 [INFO] [INFO] No subject MNI ROI found for V1; using atlas mask only
2025-11-03 19:30:56 [INFO] [OK] Created V1 mask
2025-11-03 19:30:56 [INFO] [OK] Applied brain_mask intersection for V2
2025-11-03 19:30:56 [INFO] [OK] Applied GM probseg intersection for V2
2025-11-03 19:30:56 [INFO] [INFO] No subject MNI ROI found for V2; using atlas mask only
2025-11-03 19:30:56 [INFO] [OK] Created V2 mask
2025-11-03 19:30:56 [INFO] [OK] Applied brain_mask intersection for V3
2025-11-03 19:30:56 [INFO] [OK] Applied GM probseg intersection for V3
2025-11-03 19:30:56 [INFO] [INFO] No subject MNI ROI found for V3; using atlas mask only
2025-11-03 19:30:56 [INFO] [OK] Created V3 mask
2025-11-03 19:30:56 [INFO] [OK] Applied brain_mask intersection for hV4
2025-11-03 19:30:56 [INFO] [OK] Applied GM probseg intersection for hV4
2025-11-03 19:30:56 [INFO] [INFO] No subject MNI ROI found for hV4; using atlas mask only
2025-11-03 19:30:57 [INFO] [OK] Created hV4 mask
2025-11-03 19:30:57 [INFO] [OK] ROI masks created in 1.2s
2025-11-03 19:30:57 [INFO] [OK] Stage roi_build completed in 1.2s
2025-11-03 19:30:57 [INFO] 
--- Running extract_roi stage ---
2025-11-03 19:30:57 [INFO] [START] Extracting ROI responses from beta image
2025-11-03 19:30:59 [INFO] [OK] Extracted V1 per-run responses: (48, 511)
2025-11-03 19:31:01 [INFO] [OK] Extracted V2 per-run responses: (48, 310)
2025-11-03 19:31:03 [INFO] [OK] Extracted V3 per-run responses: (48, 89)
2025-11-03 19:31:05 [INFO] [OK] Extracted hV4 per-run responses: (48, 55)
2025-11-03 19:31:05 [INFO] [OK] ROI data extracted in 8.8s
2025-11-03 19:31:05 [INFO] [OK] ROI data extracted in 8.8s
2025-11-03 19:31:05 [INFO] 
--- Running classification stage ---
2025-11-03 19:31:05 [INFO] [Classify][V1] run 1/6: acc=0.250
2025-11-03 19:31:05 [INFO] [Classify][V1] run 2/6: acc=0.125
2025-11-03 19:31:05 [INFO] [Classify][V1] run 3/6: acc=0.000
2025-11-03 19:31:05 [INFO] [Classify][V1] run 4/6: acc=0.125
2025-11-03 19:31:05 [INFO] [Classify][V1] run 5/6: acc=0.125
2025-11-03 19:31:05 [INFO] [Classify][V1] run 6/6: acc=0.125
2025-11-03 19:31:05 [INFO] [Classify][V1] mean acc=0.125, best=color_2 (0.333), worst=color_1 (0.000)
2025-11-03 19:31:05 [INFO] [Classify][V2] run 1/6: acc=0.125
2025-11-03 19:31:05 [INFO] [Classify][V2] run 2/6: acc=0.250
2025-11-03 19:31:05 [INFO] [Classify][V2] run 3/6: acc=0.125
2025-11-03 19:31:05 [INFO] [Classify][V2] run 4/6: acc=0.125
2025-11-03 19:31:05 [INFO] [Classify][V2] run 5/6: acc=0.125
2025-11-03 19:31:05 [INFO] [Classify][V2] run 6/6: acc=0.000
2025-11-03 19:31:05 [INFO] [Classify][V2] mean acc=0.125, best=color_2 (0.500), worst=color_3 (0.000)
2025-11-03 19:31:05 [INFO] [Classify][V3] run 1/6: acc=0.250
2025-11-03 19:31:05 [INFO] [Classify][V3] run 2/6: acc=0.125
2025-11-03 19:31:05 [INFO] [Classify][V3] run 3/6: acc=0.125
2025-11-03 19:31:05 [INFO] [Classify][V3] run 4/6: acc=0.000
2025-11-03 19:31:05 [INFO] [Classify][V3] run 5/6: acc=0.125
2025-11-03 19:31:05 [INFO] [Classify][V3] run 6/6: acc=0.000
2025-11-03 19:31:05 [INFO] [Classify][V3] mean acc=0.104, best=color_7 (0.333), worst=color_3 (0.000)
2025-11-03 19:31:05 [INFO] [Classify][hV4] run 1/6: acc=0.250
2025-11-03 19:31:05 [INFO] [Classify][hV4] run 2/6: acc=0.250
2025-11-03 19:31:05 [INFO] [Classify][hV4] run 3/6: acc=0.000
2025-11-03 19:31:05 [INFO] [Classify][hV4] run 4/6: acc=0.125
2025-11-03 19:31:05 [INFO] [Classify][hV4] run 5/6: acc=0.125
2025-11-03 19:31:05 [INFO] [Classify][hV4] run 6/6: acc=0.125
2025-11-03 19:31:05 [INFO] [Classify][hV4] mean acc=0.146, best=color_2 (0.500), worst=color_3 (0.000)
2025-11-03 19:31:05 [INFO] [OK] Classification completed in 0.1s
2025-11-03 19:31:05 [INFO] 
--- Running forward_model stage ---
2025-11-03 19:31:05 [INFO] [START] Forward reconstruction ROI=V1 (runs=6, voxels=511)
2025-11-03 19:31:05 [INFO] [Forward][V1] run 1/6: hit=0.125, mae=92.12°
2025-11-03 19:31:05 [INFO] [Forward][V1] run 2/6: hit=0.125, mae=100.38°
2025-11-03 19:31:05 [INFO] [Forward][V1] run 3/6: hit=0.125, mae=96.50°
2025-11-03 19:31:05 [INFO] [Forward][V1] run 4/6: hit=0.125, mae=90.62°
2025-11-03 19:31:05 [INFO] [Forward][V1] run 5/6: hit=0.125, mae=90.00°
2025-11-03 19:31:05 [INFO] [Forward][V1] run 6/6: hit=0.125, mae=114.25°
2025-11-03 19:31:05 [INFO] [OK] ROI V1 mean hit=0.125, mean mae=97.31°
2025-11-03 19:31:05 [INFO] [START] Forward reconstruction ROI=V2 (runs=6, voxels=310)
2025-11-03 19:31:05 [INFO] [Forward][V2] run 1/6: hit=0.125, mae=97.62°
2025-11-03 19:31:05 [INFO] [Forward][V2] run 2/6: hit=0.125, mae=88.50°
2025-11-03 19:31:05 [INFO] [Forward][V2] run 3/6: hit=0.125, mae=98.75°
2025-11-03 19:31:05 [INFO] [Forward][V2] run 4/6: hit=0.250, mae=83.12°
2025-11-03 19:31:05 [INFO] [Forward][V2] run 5/6: hit=0.000, mae=107.12°
2025-11-03 19:31:05 [INFO] [Forward][V2] run 6/6: hit=0.250, mae=75.50°
2025-11-03 19:31:05 [INFO] [OK] ROI V2 mean hit=0.146, mean mae=91.77°
2025-11-03 19:31:05 [INFO] [START] Forward reconstruction ROI=V3 (runs=6, voxels=89)
2025-11-03 19:31:05 [INFO] [Forward][V3] run 1/6: hit=0.125, mae=90.62°
2025-11-03 19:31:05 [INFO] [Forward][V3] run 2/6: hit=0.125, mae=79.38°
2025-11-03 19:31:05 [INFO] [Forward][V3] run 3/6: hit=0.125, mae=91.75°
2025-11-03 19:31:05 [INFO] [Forward][V3] run 4/6: hit=0.125, mae=87.75°
2025-11-03 19:31:05 [INFO] [Forward][V3] run 5/6: hit=0.000, mae=100.25°
2025-11-03 19:31:05 [INFO] [Forward][V3] run 6/6: hit=0.125, mae=93.88°
2025-11-03 19:31:05 [INFO] [OK] ROI V3 mean hit=0.104, mean mae=90.60°
2025-11-03 19:31:05 [INFO] [START] Forward reconstruction ROI=hV4 (runs=6, voxels=55)
2025-11-03 19:31:05 [INFO] [Forward][hV4] run 1/6: hit=0.125, mae=118.62°
2025-11-03 19:31:05 [INFO] [Forward][hV4] run 2/6: hit=0.250, mae=79.62°
2025-11-03 19:31:05 [INFO] [Forward][hV4] run 3/6: hit=0.125, mae=97.38°
2025-11-03 19:31:05 [INFO] [Forward][hV4] run 4/6: hit=0.125, mae=101.25°
2025-11-03 19:31:05 [INFO] [Forward][hV4] run 5/6: hit=0.125, mae=90.00°
2025-11-03 19:31:05 [INFO] [Forward][hV4] run 6/6: hit=0.000, mae=135.50°
2025-11-03 19:31:05 [INFO] [OK] ROI hV4 mean hit=0.125, mean mae=103.73°
2025-11-03 19:31:05 [INFO] [OK] Forward reconstruction completed in 0.1s
2025-11-03 19:31:05 [INFO] 
--- Running qc stage ---
2025-11-03 20:14:12 [INFO] 
=== Starting ColorBlind Analysis Pipeline ===

2025-11-03 20:14:12 [INFO] 
--- Running design stage ---
2025-11-03 20:14:12 [INFO] [SKIP] Design matrices exist
2025-11-03 20:14:12 [INFO] [OK] Stage design completed in 0.0s
2025-11-03 20:14:12 [INFO] 
--- Running deconv_glm stage ---
2025-11-03 20:14:12 [INFO] [SKIP] GLM results exist (per-run betas present)
2025-11-03 20:14:12 [INFO] [OK] Stage deconv_glm completed in 0.0s
2025-11-03 20:14:12 [INFO] 
--- Running roi_build stage ---
2025-11-03 20:14:12 [INFO] [START] Building ROI masks (Wang atlas)
2025-11-03 20:14:12 [INFO] [OK] Loaded subject GM probseg (sub-01_acq-mprage_space-MNI152NLin2009cAsym_res-2_label-GM_probseg.nii.gz) with threshold 0.35
2025-11-03 20:14:12 [INFO] [OK] Loaded brain_mask for intersection
2025-11-03 20:14:12 [INFO] [OK] Saved brain mask ROI (BrainMask) to /scratch/connectome/haba6030/colorBlind/derivatives/sub-01/roi/sub-01_BrainMask_mask.nii.gz
2025-11-03 20:14:15 [INFO] [OK] Applied brain_mask intersection for V1
2025-11-03 20:14:15 [INFO] [OK] Applied GM probseg intersection for V1
2025-11-03 20:14:15 [INFO] [INFO] No subject MNI ROI found for V1; using atlas mask only
2025-11-03 20:14:15 [INFO] [OK] Created V1 mask
2025-11-03 20:14:18 [INFO] [OK] Applied brain_mask intersection for V2
2025-11-03 20:14:18 [INFO] [OK] Applied GM probseg intersection for V2
2025-11-03 20:14:18 [INFO] [INFO] No subject MNI ROI found for V2; using atlas mask only
2025-11-03 20:14:18 [INFO] [OK] Created V2 mask
2025-11-03 20:14:20 [INFO] [OK] Applied brain_mask intersection for V3
2025-11-03 20:14:20 [INFO] [OK] Applied GM probseg intersection for V3
2025-11-03 20:14:20 [INFO] [INFO] No subject MNI ROI found for V3; using atlas mask only
2025-11-03 20:14:20 [INFO] [OK] Created V3 mask
2025-11-03 20:14:21 [INFO] [OK] Applied brain_mask intersection for hV4
2025-11-03 20:14:21 [INFO] [OK] Applied GM probseg intersection for hV4
2025-11-03 20:14:21 [INFO] [INFO] No subject MNI ROI found for hV4; using atlas mask only
2025-11-03 20:14:21 [INFO] [OK] Created hV4 mask
2025-11-03 20:14:21 [INFO] [OK] ROI masks created in 9.4s
2025-11-03 20:14:21 [INFO] [OK] Stage roi_build completed in 9.4s
2025-11-03 20:14:21 [INFO] 
--- Running extract_roi stage ---
2025-11-03 20:14:21 [INFO] [START] Extracting ROI responses from beta image
2025-11-03 20:14:29 [INFO] [OK] Extracted V1 per-run responses: (48, 511)
2025-11-03 20:14:37 [INFO] [OK] Extracted V2 per-run responses: (48, 310)
2025-11-03 20:14:43 [INFO] [OK] Extracted V3 per-run responses: (48, 89)
2025-11-03 20:14:50 [INFO] [OK] Extracted hV4 per-run responses: (48, 55)
2025-11-03 20:15:00 [INFO] [OK] Extracted BrainMask per-run responses: (48, 230768)
2025-11-03 20:15:06 [INFO] [OK] ROI data extracted in 44.9s
2025-11-03 20:15:06 [INFO] [OK] ROI data extracted in 44.9s
2025-11-03 20:15:06 [INFO] 
--- Running classification stage ---
2025-11-03 20:15:09 [INFO] [Classify][BrainMask] run 1/6: acc=0.125
2025-11-03 20:15:12 [INFO] [Classify][BrainMask] run 2/6: acc=0.125
2025-11-03 20:15:15 [INFO] [Classify][BrainMask] run 3/6: acc=0.125
2025-11-03 20:15:17 [INFO] [Classify][BrainMask] run 4/6: acc=0.125
2025-11-03 20:15:19 [INFO] [Classify][BrainMask] run 5/6: acc=0.125
2025-11-03 20:15:23 [INFO] [Classify][BrainMask] run 6/6: acc=0.125
2025-11-03 20:15:23 [INFO] [Classify][BrainMask] mean acc=0.125, best=color_1 (0.333), worst=color_2 (0.000)
2025-11-03 20:15:23 [INFO] [Classify][V1] run 1/6: acc=0.250
2025-11-03 20:15:23 [INFO] [Classify][V1] run 2/6: acc=0.125
2025-11-03 20:15:23 [INFO] [Classify][V1] run 3/6: acc=0.000
2025-11-03 20:15:23 [INFO] [Classify][V1] run 4/6: acc=0.125
2025-11-03 20:15:23 [INFO] [Classify][V1] run 5/6: acc=0.125
2025-11-03 20:15:23 [INFO] [Classify][V1] run 6/6: acc=0.125
2025-11-03 20:15:23 [INFO] [Classify][V1] mean acc=0.125, best=color_2 (0.333), worst=color_1 (0.000)
2025-11-03 20:15:23 [INFO] [Classify][V2] run 1/6: acc=0.125
2025-11-03 20:15:23 [INFO] [Classify][V2] run 2/6: acc=0.250
2025-11-03 20:15:23 [INFO] [Classify][V2] run 3/6: acc=0.125
2025-11-03 20:15:23 [INFO] [Classify][V2] run 4/6: acc=0.125
2025-11-03 20:15:23 [INFO] [Classify][V2] run 5/6: acc=0.125
2025-11-03 20:15:23 [INFO] [Classify][V2] run 6/6: acc=0.000
2025-11-03 20:15:23 [INFO] [Classify][V2] mean acc=0.125, best=color_2 (0.500), worst=color_3 (0.000)
2025-11-03 20:15:23 [INFO] [Classify][V3] run 1/6: acc=0.250
2025-11-03 20:15:23 [INFO] [Classify][V3] run 2/6: acc=0.125
2025-11-03 20:15:23 [INFO] [Classify][V3] run 3/6: acc=0.125
2025-11-03 20:15:23 [INFO] [Classify][V3] run 4/6: acc=0.000
2025-11-03 20:15:23 [INFO] [Classify][V3] run 5/6: acc=0.125
2025-11-03 20:15:23 [INFO] [Classify][V3] run 6/6: acc=0.000
2025-11-03 20:15:23 [INFO] [Classify][V3] mean acc=0.104, best=color_7 (0.333), worst=color_3 (0.000)
2025-11-03 20:15:23 [INFO] [Classify][hV4] run 1/6: acc=0.250
2025-11-03 20:15:23 [INFO] [Classify][hV4] run 2/6: acc=0.250
2025-11-03 20:15:23 [INFO] [Classify][hV4] run 3/6: acc=0.000
2025-11-03 20:15:23 [INFO] [Classify][hV4] run 4/6: acc=0.125
2025-11-03 20:15:23 [INFO] [Classify][hV4] run 5/6: acc=0.125
2025-11-03 20:15:23 [INFO] [Classify][hV4] run 6/6: acc=0.125
2025-11-03 20:15:23 [INFO] [Classify][hV4] mean acc=0.146, best=color_2 (0.500), worst=color_3 (0.000)
2025-11-03 20:15:23 [INFO] [OK] Classification completed in 16.4s
2025-11-03 20:15:23 [INFO] 
--- Running forward_model stage ---
2025-11-03 20:15:23 [INFO] [START] Forward reconstruction ROI=BrainMask (runs=6, voxels=230768)
2025-11-03 20:15:24 [INFO] [Forward][BrainMask] run 1/6: hit=0.125, mae=113.00°
2025-11-03 20:15:25 [INFO] [Forward][BrainMask] run 2/6: hit=0.125, mae=90.00°
2025-11-03 20:15:25 [INFO] [Forward][BrainMask] run 3/6: hit=0.125, mae=101.88°
2025-11-03 20:15:26 [INFO] [Forward][BrainMask] run 4/6: hit=0.000, mae=101.88°
2025-11-03 20:15:27 [INFO] [Forward][BrainMask] run 5/6: hit=0.125, mae=98.12°
2025-11-03 20:15:28 [INFO] [Forward][BrainMask] run 6/6: hit=0.125, mae=96.75°
2025-11-03 20:15:28 [INFO] [OK] ROI BrainMask mean hit=0.104, mean mae=100.27°
2025-11-03 20:15:28 [INFO] [START] Forward reconstruction ROI=V1 (runs=6, voxels=511)
2025-11-03 20:15:28 [INFO] [Forward][V1] run 1/6: hit=0.125, mae=92.12°
2025-11-03 20:15:28 [INFO] [Forward][V1] run 2/6: hit=0.125, mae=100.38°
2025-11-03 20:15:28 [INFO] [Forward][V1] run 3/6: hit=0.125, mae=96.50°
2025-11-03 20:15:28 [INFO] [Forward][V1] run 4/6: hit=0.125, mae=90.62°
2025-11-03 20:15:28 [INFO] [Forward][V1] run 5/6: hit=0.125, mae=90.00°
2025-11-03 20:15:28 [INFO] [Forward][V1] run 6/6: hit=0.125, mae=114.25°
2025-11-03 20:15:28 [INFO] [OK] ROI V1 mean hit=0.125, mean mae=97.31°
2025-11-03 20:15:28 [INFO] [START] Forward reconstruction ROI=V2 (runs=6, voxels=310)
2025-11-03 20:15:28 [INFO] [Forward][V2] run 1/6: hit=0.125, mae=97.62°
2025-11-03 20:15:28 [INFO] [Forward][V2] run 2/6: hit=0.125, mae=88.50°
2025-11-03 20:15:28 [INFO] [Forward][V2] run 3/6: hit=0.125, mae=98.75°
2025-11-03 20:15:28 [INFO] [Forward][V2] run 4/6: hit=0.250, mae=83.12°
2025-11-03 20:15:28 [INFO] [Forward][V2] run 5/6: hit=0.000, mae=107.12°
2025-11-03 20:15:28 [INFO] [Forward][V2] run 6/6: hit=0.250, mae=75.50°
2025-11-03 20:15:28 [INFO] [OK] ROI V2 mean hit=0.146, mean mae=91.77°
2025-11-03 20:15:28 [INFO] [START] Forward reconstruction ROI=V3 (runs=6, voxels=89)
2025-11-03 20:15:28 [INFO] [Forward][V3] run 1/6: hit=0.125, mae=90.62°
2025-11-03 20:15:28 [INFO] [Forward][V3] run 2/6: hit=0.125, mae=79.38°
2025-11-03 20:15:28 [INFO] [Forward][V3] run 3/6: hit=0.125, mae=91.75°
2025-11-03 20:15:28 [INFO] [Forward][V3] run 4/6: hit=0.125, mae=87.75°
2025-11-03 20:15:28 [INFO] [Forward][V3] run 5/6: hit=0.000, mae=100.25°
2025-11-03 20:15:28 [INFO] [Forward][V3] run 6/6: hit=0.125, mae=93.88°
2025-11-03 20:15:28 [INFO] [OK] ROI V3 mean hit=0.104, mean mae=90.60°
2025-11-03 20:15:28 [INFO] [START] Forward reconstruction ROI=hV4 (runs=6, voxels=55)
2025-11-03 20:15:28 [INFO] [Forward][hV4] run 1/6: hit=0.125, mae=118.62°
2025-11-03 20:15:28 [INFO] [Forward][hV4] run 2/6: hit=0.250, mae=79.62°
2025-11-03 20:15:28 [INFO] [Forward][hV4] run 3/6: hit=0.125, mae=97.38°
2025-11-03 20:15:28 [INFO] [Forward][hV4] run 4/6: hit=0.125, mae=101.25°
2025-11-03 20:15:28 [INFO] [Forward][hV4] run 5/6: hit=0.125, mae=90.00°
2025-11-03 20:15:28 [INFO] [Forward][hV4] run 6/6: hit=0.000, mae=135.50°
2025-11-03 20:15:28 [INFO] [OK] ROI hV4 mean hit=0.125, mean mae=103.73°
2025-11-03 20:15:28 [INFO] [OK] Forward reconstruction completed in 4.9s
2025-11-03 20:15:28 [INFO] 
--- Running qc stage ---
2025-11-03 20:15:29 [INFO] [OK] Stage qc completed in 1.6s
2025-11-03 20:22:01 [INFO] 
=== Starting ColorBlind Analysis Pipeline ===

2025-11-03 20:22:01 [INFO] 
--- Running design stage ---
2025-11-03 20:22:01 [INFO] [SKIP] Design matrices exist
2025-11-03 20:22:01 [INFO] [OK] Stage design completed in 0.1s
2025-11-03 20:22:01 [INFO] 
--- Running deconv_glm stage ---
2025-11-03 20:22:01 [INFO] [SKIP] GLM results exist (per-run betas present)
2025-11-03 20:22:01 [INFO] [OK] Stage deconv_glm completed in 0.2s
2025-11-03 20:22:01 [INFO] 
--- Running roi_build stage ---
2025-11-03 20:22:02 [INFO] [START] Building ROI masks (Wang atlas)
2025-11-03 20:22:02 [INFO] [OK] Loaded subject GM probseg (sub-01_acq-mprage_space-MNI152NLin2009cAsym_res-2_label-GM_probseg.nii.gz) with threshold 0.35
2025-11-03 20:22:02 [INFO] [OK] Loaded brain_mask for intersection
2025-11-03 20:22:06 [INFO] [OK] Saved brain mask ROI (BrainMask) to /scratch/connectome/haba6030/colorBlind/derivatives/sub-01/roi/sub-01_BrainMask_mask.nii.gz
2025-11-03 20:22:11 [INFO] [OK] Applied brain_mask intersection for V1
2025-11-03 20:22:11 [INFO] [OK] Applied GM probseg intersection for V1
2025-11-03 20:22:11 [INFO] [INFO] No subject MNI ROI found for V1; using atlas mask only
2025-11-03 20:22:11 [INFO] [OK] Created V1 mask
2025-11-03 20:22:26 [INFO] 
=== Starting ColorBlind Analysis Pipeline ===

2025-11-03 20:22:26 [INFO] 
--- Running design stage ---
2025-11-03 20:22:27 [INFO] [SKIP] Design matrices exist
2025-11-03 20:22:27 [INFO] [OK] Stage design completed in 0.2s
2025-11-03 20:22:27 [INFO] 
--- Running deconv_glm stage ---
2025-11-03 20:22:27 [INFO] [SKIP] GLM results exist (per-run betas present)
2025-11-03 20:22:27 [INFO] [OK] Stage deconv_glm completed in 0.2s
2025-11-03 20:22:27 [INFO] 
--- Running roi_build stage ---
2025-11-03 20:22:27 [INFO] [START] Building ROI masks (Wang atlas)
2025-11-03 20:22:27 [INFO] [OK] Loaded subject GM probseg (sub-01_acq-mprage_space-MNI152NLin2009cAsym_res-2_label-GM_probseg.nii.gz) with threshold 0.35
2025-11-03 20:22:28 [INFO] [OK] Loaded brain_mask for intersection
2025-11-03 20:22:30 [INFO] [OK] Saved brain mask ROI (BrainMask) to /scratch/connectome/haba6030/colorBlind/derivatives/sub-01/roi/sub-01_BrainMask_mask.nii.gz
2025-11-03 20:22:34 [INFO] [OK] Applied brain_mask intersection for V1
2025-11-03 20:22:34 [INFO] [OK] Applied GM probseg intersection for V1
2025-11-03 20:22:34 [INFO] [INFO] No subject MNI ROI found for V1; using atlas mask only
2025-11-03 20:22:34 [INFO] [OK] Created V1 mask
2025-11-03 20:22:37 [INFO] [OK] Applied brain_mask intersection for V2
2025-11-03 20:22:37 [INFO] [OK] Applied GM probseg intersection for V2
2025-11-03 20:22:37 [INFO] [INFO] No subject MNI ROI found for V2; using atlas mask only
2025-11-03 20:22:38 [INFO] [OK] Created V2 mask
2025-11-03 20:22:46 [INFO] [OK] Applied brain_mask intersection for V3
2025-11-03 20:22:46 [INFO] [OK] Applied GM probseg intersection for V3
2025-11-03 20:22:46 [INFO] [INFO] No subject MNI ROI found for V3; using atlas mask only
2025-11-03 20:22:46 [INFO] [OK] Created V3 mask
2025-11-03 20:22:48 [INFO] [OK] Applied brain_mask intersection for hV4
2025-11-03 20:22:48 [INFO] [OK] Applied GM probseg intersection for hV4
2025-11-03 20:22:48 [INFO] [INFO] No subject MNI ROI found for hV4; using atlas mask only
2025-11-03 20:22:48 [INFO] [OK] Created hV4 mask
2025-11-03 20:22:48 [INFO] [OK] ROI masks created in 21.3s
2025-11-03 20:22:48 [INFO] [OK] Stage roi_build completed in 21.6s
2025-11-03 20:22:49 [INFO] 
--- Running extract_roi stage ---
2025-11-03 20:22:49 [INFO] [START] Extracting ROI responses from beta image
2025-11-03 20:22:56 [INFO] [OK] Extracted V1 per-run responses: (48, 511)
2025-11-03 20:23:03 [INFO] [OK] Extracted V2 per-run responses: (48, 310)
2025-11-03 20:23:10 [INFO] [OK] Extracted V3 per-run responses: (48, 89)
2025-11-03 20:23:17 [INFO] [OK] Extracted hV4 per-run responses: (48, 55)
2025-11-03 20:23:25 [INFO] [OK] Extracted BrainMask per-run responses: (48, 230768)
2025-11-03 20:23:31 [INFO] [OK] ROI data extracted in 42.0s
2025-11-03 20:23:31 [INFO] [OK] ROI data extracted in 42.0s
2025-11-03 20:23:31 [INFO] 
--- Running classification stage ---
2025-11-03 20:25:37 [INFO] 
=== Starting ColorBlind Analysis Pipeline ===

2025-11-03 20:25:37 [INFO] 
--- Running design stage ---
2025-11-03 20:25:37 [INFO] [SKIP] Design matrices exist
2025-11-03 20:25:37 [INFO] [OK] Stage design completed in 0.0s
2025-11-03 20:25:37 [INFO] 
--- Running deconv_glm stage ---
2025-11-03 20:25:37 [INFO] [SKIP] GLM results exist (per-run betas present)
2025-11-03 20:25:37 [INFO] [OK] Stage deconv_glm completed in 0.0s
2025-11-03 20:25:37 [INFO] 
--- Running roi_build stage ---
2025-11-03 20:25:37 [INFO] [SKIP] ROI masks exist (10)
2025-11-03 20:25:37 [INFO] [OK] Stage roi_build completed in 0.0s
2025-11-03 20:25:37 [INFO] 
--- Running extract_roi stage ---
2025-11-03 20:25:37 [INFO] [START] Extracting ROI responses from beta image
2025-11-03 20:25:47 [INFO] [OK] Extracted V1 per-run responses: (48, 511)
2025-11-03 20:25:56 [INFO] [OK] Extracted V2 per-run responses: (48, 310)
2025-11-03 20:26:04 [INFO] [OK] Extracted V3 per-run responses: (48, 89)
2025-11-03 20:26:18 [INFO] [OK] Extracted hV4 per-run responses: (48, 55)
2025-11-03 20:26:29 [INFO] [OK] Extracted BrainMask per-run responses: (48, 230768)
2025-11-03 20:26:40 [INFO] [OK] ROI data extracted in 63.1s
2025-11-03 20:26:40 [INFO] [OK] ROI data extracted in 63.1s
2025-11-03 20:26:40 [INFO] 
--- Running classification stage ---
2025-11-03 20:26:43 [INFO] [Classify][BrainMask] run 1/6: acc=0.125
2025-11-03 20:26:46 [INFO] [Classify][BrainMask] run 2/6: acc=0.125
2025-11-03 20:26:49 [INFO] [Classify][BrainMask] run 3/6: acc=0.125
2025-11-03 20:26:51 [INFO] [Classify][BrainMask] run 4/6: acc=0.125
2025-11-03 20:26:53 [INFO] [Classify][BrainMask] run 5/6: acc=0.125
2025-11-03 20:26:55 [INFO] [Classify][BrainMask] run 6/6: acc=0.125
2025-11-03 20:26:55 [INFO] [Classify][BrainMask] mean acc=0.125, best=color_1 (0.333), worst=color_2 (0.000)
2025-11-03 20:26:55 [INFO] [Classify][V1] run 1/6: acc=0.250
2025-11-03 20:26:55 [INFO] [Classify][V1] run 2/6: acc=0.125
2025-11-03 20:26:55 [INFO] [Classify][V1] run 3/6: acc=0.000
2025-11-03 20:26:55 [INFO] [Classify][V1] run 4/6: acc=0.125
2025-11-03 20:26:55 [INFO] [Classify][V1] run 5/6: acc=0.125
2025-11-03 20:26:55 [INFO] [Classify][V1] run 6/6: acc=0.125
2025-11-03 20:26:55 [INFO] [Classify][V1] mean acc=0.125, best=color_2 (0.333), worst=color_1 (0.000)
2025-11-03 20:26:55 [INFO] [Classify][V2] run 1/6: acc=0.125
2025-11-03 20:26:55 [INFO] [Classify][V2] run 2/6: acc=0.250
2025-11-03 20:26:55 [INFO] [Classify][V2] run 3/6: acc=0.125
2025-11-03 20:26:55 [INFO] [Classify][V2] run 4/6: acc=0.125
2025-11-03 20:26:55 [INFO] [Classify][V2] run 5/6: acc=0.125
2025-11-03 20:26:55 [INFO] [Classify][V2] run 6/6: acc=0.000
2025-11-03 20:26:55 [INFO] [Classify][V2] mean acc=0.125, best=color_2 (0.500), worst=color_3 (0.000)
2025-11-03 20:26:55 [INFO] [Classify][V3] run 1/6: acc=0.250
2025-11-03 20:26:55 [INFO] [Classify][V3] run 2/6: acc=0.125
2025-11-03 20:26:55 [INFO] [Classify][V3] run 3/6: acc=0.125
2025-11-03 20:26:55 [INFO] [Classify][V3] run 4/6: acc=0.000
2025-11-03 20:26:55 [INFO] [Classify][V3] run 5/6: acc=0.125
2025-11-03 20:26:55 [INFO] [Classify][V3] run 6/6: acc=0.000
2025-11-03 20:26:55 [INFO] [Classify][V3] mean acc=0.104, best=color_7 (0.333), worst=color_3 (0.000)
2025-11-03 20:26:55 [INFO] [Classify][hV4] run 1/6: acc=0.250
2025-11-03 20:26:55 [INFO] [Classify][hV4] run 2/6: acc=0.250
2025-11-03 20:26:55 [INFO] [Classify][hV4] run 3/6: acc=0.000
2025-11-03 20:26:55 [INFO] [Classify][hV4] run 4/6: acc=0.125
2025-11-03 20:26:55 [INFO] [Classify][hV4] run 5/6: acc=0.125
2025-11-03 20:26:55 [INFO] [Classify][hV4] run 6/6: acc=0.125
2025-11-03 20:26:55 [INFO] [Classify][hV4] mean acc=0.146, best=color_2 (0.500), worst=color_3 (0.000)
2025-11-03 20:26:55 [INFO] [OK] Classification completed in 15.1s
2025-11-03 20:26:55 [INFO] 
--- Running forward_model stage ---
2025-11-03 20:26:55 [INFO] [START] Forward reconstruction ROI=BrainMask (runs=6, voxels=230768)
2025-11-03 20:26:56 [INFO] [Forward][BrainMask] run 1/6: hit=0.125, mae=113.00°
2025-11-03 20:26:57 [INFO] [Forward][BrainMask] run 2/6: hit=0.125, mae=90.00°
2025-11-03 20:26:57 [INFO] [Forward][BrainMask] run 3/6: hit=0.125, mae=101.88°
2025-11-03 20:26:58 [INFO] [Forward][BrainMask] run 4/6: hit=0.000, mae=101.88°
2025-11-03 20:26:59 [INFO] [Forward][BrainMask] run 5/6: hit=0.125, mae=98.12°
2025-11-03 20:27:00 [INFO] [Forward][BrainMask] run 6/6: hit=0.125, mae=96.75°
2025-11-03 20:27:00 [INFO] [OK] ROI BrainMask mean hit=0.104, mean mae=100.27°
2025-11-03 20:27:00 [INFO] [START] Forward reconstruction ROI=V1 (runs=6, voxels=511)
2025-11-03 20:27:00 [INFO] [Forward][V1] run 1/6: hit=0.125, mae=92.12°
2025-11-03 20:27:00 [INFO] [Forward][V1] run 2/6: hit=0.125, mae=100.38°
2025-11-03 20:27:00 [INFO] [Forward][V1] run 3/6: hit=0.125, mae=96.50°
2025-11-03 20:27:00 [INFO] [Forward][V1] run 4/6: hit=0.125, mae=90.62°
2025-11-03 20:27:00 [INFO] [Forward][V1] run 5/6: hit=0.125, mae=90.00°
2025-11-03 20:27:00 [INFO] [Forward][V1] run 6/6: hit=0.125, mae=114.25°
2025-11-03 20:27:00 [INFO] [OK] ROI V1 mean hit=0.125, mean mae=97.31°
2025-11-03 20:27:00 [INFO] [START] Forward reconstruction ROI=V2 (runs=6, voxels=310)
2025-11-03 20:27:00 [INFO] [Forward][V2] run 1/6: hit=0.125, mae=97.62°
2025-11-03 20:27:00 [INFO] [Forward][V2] run 2/6: hit=0.125, mae=88.50°
2025-11-03 20:27:00 [INFO] [Forward][V2] run 3/6: hit=0.125, mae=98.75°
2025-11-03 20:27:00 [INFO] [Forward][V2] run 4/6: hit=0.250, mae=83.12°
2025-11-03 20:27:00 [INFO] [Forward][V2] run 5/6: hit=0.000, mae=107.12°
2025-11-03 20:27:00 [INFO] [Forward][V2] run 6/6: hit=0.250, mae=75.50°
2025-11-03 20:27:00 [INFO] [OK] ROI V2 mean hit=0.146, mean mae=91.77°
2025-11-03 20:27:00 [INFO] [START] Forward reconstruction ROI=V3 (runs=6, voxels=89)
2025-11-03 20:27:00 [INFO] [Forward][V3] run 1/6: hit=0.125, mae=90.62°
2025-11-03 20:27:00 [INFO] [Forward][V3] run 2/6: hit=0.125, mae=79.38°
2025-11-03 20:27:00 [INFO] [Forward][V3] run 3/6: hit=0.125, mae=91.75°
2025-11-03 20:27:00 [INFO] [Forward][V3] run 4/6: hit=0.125, mae=87.75°
2025-11-03 20:27:00 [INFO] [Forward][V3] run 5/6: hit=0.000, mae=100.25°
2025-11-03 20:27:00 [INFO] [Forward][V3] run 6/6: hit=0.125, mae=93.88°
2025-11-03 20:27:00 [INFO] [OK] ROI V3 mean hit=0.104, mean mae=90.60°
2025-11-03 20:27:00 [INFO] [START] Forward reconstruction ROI=hV4 (runs=6, voxels=55)
2025-11-03 20:27:00 [INFO] [Forward][hV4] run 1/6: hit=0.125, mae=118.62°
2025-11-03 20:27:00 [INFO] [Forward][hV4] run 2/6: hit=0.250, mae=79.62°
2025-11-03 20:27:00 [INFO] [Forward][hV4] run 3/6: hit=0.125, mae=97.38°
2025-11-03 20:27:00 [INFO] [Forward][hV4] run 4/6: hit=0.125, mae=101.25°
2025-11-03 20:27:00 [INFO] [Forward][hV4] run 5/6: hit=0.125, mae=90.00°
2025-11-03 20:27:00 [INFO] [Forward][hV4] run 6/6: hit=0.000, mae=135.50°
2025-11-03 20:27:00 [INFO] [OK] ROI hV4 mean hit=0.125, mean mae=103.73°
2025-11-03 20:27:00 [INFO] [OK] Forward reconstruction completed in 4.4s
2025-11-03 20:27:00 [INFO] 
--- Running qc stage ---
2025-11-03 20:27:02 [INFO] [OK] Stage qc completed in 1.7s
2025-11-03 20:27:56 [INFO] 
=== Starting ColorBlind Analysis Pipeline ===

2025-11-03 20:27:56 [INFO] 
--- Running design stage ---
2025-11-03 20:27:56 [INFO] [SKIP] Design matrices exist
2025-11-03 20:27:56 [INFO] [OK] Stage design completed in 0.0s
2025-11-03 20:27:56 [INFO] 
--- Running deconv_glm stage ---
2025-11-03 20:27:56 [INFO] [SKIP] GLM results exist (per-run betas present)
2025-11-03 20:27:56 [INFO] [OK] Stage deconv_glm completed in 0.0s
2025-11-03 20:27:56 [INFO] 
--- Running roi_build stage ---
2025-11-03 20:27:56 [INFO] [SKIP] ROI masks exist (10)
2025-11-03 20:27:56 [INFO] [OK] Stage roi_build completed in 0.0s
2025-11-03 20:27:56 [INFO] 
--- Running extract_roi stage ---
2025-11-03 20:27:56 [INFO] [START] Extracting ROI responses from beta image
2025-11-03 20:28:04 [INFO] [OK] Extracted V1 per-run responses: (48, 511)
2025-11-03 20:28:11 [INFO] [OK] Extracted V2 per-run responses: (48, 310)
2025-11-03 20:28:18 [INFO] [OK] Extracted V3 per-run responses: (48, 89)
2025-11-03 20:28:24 [INFO] [OK] Extracted hV4 per-run responses: (48, 55)
2025-11-03 20:28:37 [INFO] [OK] Extracted BrainMask per-run responses: (48, 230768)
2025-11-03 20:28:44 [INFO] [OK] ROI data extracted in 47.6s
2025-11-03 20:28:44 [INFO] [OK] ROI data extracted in 47.6s
2025-11-03 20:28:44 [INFO] 
--- Running classification stage ---
2025-11-03 20:28:44 [INFO] [Classify][BrainMask] run 1/6: acc=0.125
2025-11-03 20:28:44 [INFO] [Classify][BrainMask] run 2/6: acc=0.125
2025-11-03 20:28:44 [INFO] [Classify][BrainMask] run 3/6: acc=0.125
2025-11-03 20:28:44 [INFO] [Classify][BrainMask] run 4/6: acc=0.125
2025-11-03 20:28:49 [INFO] [Classify][BrainMask] run 5/6: acc=0.125
2025-11-03 20:28:50 [INFO] [Classify][BrainMask] run 6/6: acc=0.125
2025-11-03 20:28:50 [INFO] [Classify][BrainMask] mean acc=0.125, best=color_1 (0.333), worst=color_2 (0.000)
2025-11-03 20:28:50 [INFO] [Classify][V1] run 1/6: acc=0.250
2025-11-03 20:28:50 [INFO] [Classify][V1] run 2/6: acc=0.125
2025-11-03 20:28:50 [INFO] [Classify][V1] run 3/6: acc=0.000
2025-11-03 20:28:50 [INFO] [Classify][V1] run 4/6: acc=0.125
2025-11-03 20:28:50 [INFO] [Classify][V1] run 5/6: acc=0.125
2025-11-03 20:28:50 [INFO] [Classify][V1] run 6/6: acc=0.125
2025-11-03 20:28:50 [INFO] [Classify][V1] mean acc=0.125, best=color_2 (0.333), worst=color_1 (0.000)
2025-11-03 20:28:50 [INFO] [Classify][V2] run 1/6: acc=0.125
2025-11-03 20:28:50 [INFO] [Classify][V2] run 2/6: acc=0.250
2025-11-03 20:28:50 [INFO] [Classify][V2] run 3/6: acc=0.125
2025-11-03 20:28:50 [INFO] [Classify][V2] run 4/6: acc=0.125
2025-11-03 20:28:50 [INFO] [Classify][V2] run 5/6: acc=0.125
2025-11-03 20:28:50 [INFO] [Classify][V2] run 6/6: acc=0.000
2025-11-03 20:28:50 [INFO] [Classify][V2] mean acc=0.125, best=color_2 (0.500), worst=color_3 (0.000)
2025-11-03 20:28:50 [INFO] [Classify][V3] run 1/6: acc=0.250
2025-11-03 20:28:50 [INFO] [Classify][V3] run 2/6: acc=0.125
2025-11-03 20:28:50 [INFO] [Classify][V3] run 3/6: acc=0.125
2025-11-03 20:28:50 [INFO] [Classify][V3] run 4/6: acc=0.000
2025-11-03 20:28:50 [INFO] [Classify][V3] run 5/6: acc=0.125
2025-11-03 20:28:50 [INFO] [Classify][V3] run 6/6: acc=0.000
2025-11-03 20:28:50 [INFO] [Classify][V3] mean acc=0.104, best=color_7 (0.333), worst=color_3 (0.000)
2025-11-03 20:28:50 [INFO] [Classify][hV4] run 1/6: acc=0.250
2025-11-03 20:28:50 [INFO] [Classify][hV4] run 2/6: acc=0.250
2025-11-03 20:28:50 [INFO] [Classify][hV4] run 3/6: acc=0.000
2025-11-03 20:28:50 [INFO] [Classify][hV4] run 4/6: acc=0.125
2025-11-03 20:28:50 [INFO] [Classify][hV4] run 5/6: acc=0.125
2025-11-03 20:28:50 [INFO] [Classify][hV4] run 6/6: acc=0.125
2025-11-03 20:28:50 [INFO] [Classify][hV4] mean acc=0.146, best=color_2 (0.500), worst=color_3 (0.000)
2025-11-03 20:28:50 [INFO] [OK] Classification completed in 6.3s
2025-11-03 20:28:50 [INFO] 
--- Running forward_model stage ---
2025-11-03 20:28:50 [INFO] [START] Forward reconstruction ROI=BrainMask (runs=6, voxels=230768)
2025-11-03 20:28:51 [INFO] [Forward][BrainMask] run 1/6: hit=0.125, mae=113.00°
2025-11-03 20:28:51 [INFO] [Forward][BrainMask] run 2/6: hit=0.125, mae=90.00°
2025-11-03 20:28:51 [INFO] [Forward][BrainMask] run 3/6: hit=0.125, mae=101.88°
2025-11-03 20:28:52 [INFO] [Forward][BrainMask] run 4/6: hit=0.000, mae=101.88°
2025-11-03 20:28:52 [INFO] [Forward][BrainMask] run 5/6: hit=0.125, mae=98.12°
2025-11-03 20:28:53 [INFO] [Forward][BrainMask] run 6/6: hit=0.125, mae=96.75°
2025-11-03 20:28:53 [INFO] [OK] ROI BrainMask mean hit=0.104, mean mae=100.27°
2025-11-03 20:28:53 [INFO] [START] Forward reconstruction ROI=V1 (runs=6, voxels=511)
2025-11-03 20:28:53 [INFO] [Forward][V1] run 1/6: hit=0.125, mae=92.12°
2025-11-03 20:28:53 [INFO] [Forward][V1] run 2/6: hit=0.125, mae=100.38°
2025-11-03 20:28:53 [INFO] [Forward][V1] run 3/6: hit=0.125, mae=96.50°
2025-11-03 20:28:53 [INFO] [Forward][V1] run 4/6: hit=0.125, mae=90.62°
2025-11-03 20:28:53 [INFO] [Forward][V1] run 5/6: hit=0.125, mae=90.00°
2025-11-03 20:28:53 [INFO] [Forward][V1] run 6/6: hit=0.125, mae=114.25°
2025-11-03 20:28:53 [INFO] [OK] ROI V1 mean hit=0.125, mean mae=97.31°
2025-11-03 20:28:53 [INFO] [START] Forward reconstruction ROI=V2 (runs=6, voxels=310)
2025-11-03 20:28:53 [INFO] [Forward][V2] run 1/6: hit=0.125, mae=97.62°
2025-11-03 20:28:53 [INFO] [Forward][V2] run 2/6: hit=0.125, mae=88.50°
2025-11-03 20:28:53 [INFO] [Forward][V2] run 3/6: hit=0.125, mae=98.75°
2025-11-03 20:28:53 [INFO] [Forward][V2] run 4/6: hit=0.250, mae=83.12°
2025-11-03 20:28:53 [INFO] [Forward][V2] run 5/6: hit=0.000, mae=107.12°
2025-11-03 20:28:53 [INFO] [Forward][V2] run 6/6: hit=0.250, mae=75.50°
2025-11-03 20:28:53 [INFO] [OK] ROI V2 mean hit=0.146, mean mae=91.77°
2025-11-03 20:28:53 [INFO] [START] Forward reconstruction ROI=V3 (runs=6, voxels=89)
2025-11-03 20:28:53 [INFO] [Forward][V3] run 1/6: hit=0.125, mae=90.62°
2025-11-03 20:28:53 [INFO] [Forward][V3] run 2/6: hit=0.125, mae=79.38°
2025-11-03 20:28:53 [INFO] [Forward][V3] run 3/6: hit=0.125, mae=91.75°
2025-11-03 20:28:53 [INFO] [Forward][V3] run 4/6: hit=0.125, mae=87.75°
2025-11-03 20:28:53 [INFO] [Forward][V3] run 5/6: hit=0.000, mae=100.25°
2025-11-03 20:28:53 [INFO] [Forward][V3] run 6/6: hit=0.125, mae=93.88°
2025-11-03 20:28:53 [INFO] [OK] ROI V3 mean hit=0.104, mean mae=90.60°
2025-11-03 20:28:53 [INFO] [START] Forward reconstruction ROI=hV4 (runs=6, voxels=55)
2025-11-03 20:28:53 [INFO] [Forward][hV4] run 1/6: hit=0.125, mae=118.62°
2025-11-03 20:28:53 [INFO] [Forward][hV4] run 2/6: hit=0.250, mae=79.62°
2025-11-03 20:28:53 [INFO] [Forward][hV4] run 3/6: hit=0.125, mae=97.38°
2025-11-03 20:28:53 [INFO] [Forward][hV4] run 4/6: hit=0.125, mae=101.25°
2025-11-03 20:28:53 [INFO] [Forward][hV4] run 5/6: hit=0.125, mae=90.00°
2025-11-03 20:28:53 [INFO] [Forward][hV4] run 6/6: hit=0.000, mae=135.50°
2025-11-03 20:28:53 [INFO] [OK] ROI hV4 mean hit=0.125, mean mae=103.73°
2025-11-03 20:28:53 [INFO] [OK] Forward reconstruction completed in 3.2s
2025-11-03 20:28:53 [INFO] 
--- Running qc stage ---
2025-11-03 20:28:55 [INFO] [OK] Stage qc completed in 1.6s
